NOMBRE_TUI,TIPOS_TUI,CATEGORIA_TUI,DIRECCION,RATING_TUI,TOTAL_VALORACIONES_TUI,PRECIO,ESTADO_NEGOCIO,LATITUD_TUI,LONGITUD_TUI,URL,WEBSITE,HORARIO,TELEFONO,RESERVA_POSIBLE,ACCESIBILIDAD_SILLA_RUEDAS
Church of the Calatravas,"Basílicas, Catedrales, Conventos, Ermitas, Iglesias, Monasterios",ESPACIOS RELIGIOSOS,"C. Alcalá, 25, Centro, 28014 Madrid, Spain","4,5",923,—,Abierto,40.4183,-3.69909,https://maps.google.com/?cid=7963736608915626396,http://www.iglesiacalatravas.com/,"Monday: 7:45AM–1:00PM | Tuesday: 7:45AM–1:00PM, 6:00–8:00PM | Wednesday: 7:45AM–1:00PM, 6:00–8:00PM | Thursday: 7:45AM–1:00PM, 5:45–9:00PM | Friday: 7:45AM–1:00PM, 6:00–8:00PM | Saturday: 7:30–9:00AM, 6:30–8:00PM | Sunday: 11:30AM–1:30PM",915 21 80 35,NO,NO
SALA DE YOGA ESPACIO ALMA MADRID,Gimnasios,ESPACIOS DEPORTIVOS,"CALLE MONTERA 24, 3 PLANTA LETRA L, Centro, 28012 Madrid, Spain",5,5,—,Abierto,40.4173,-3.70309,https://maps.google.com/?cid=1755343495635508414,,Monday: 10:00AM–10:00PM | Tuesday: 10:00AM–10:00PM | Wednesday: 10:00AM–10:00PM | Thursday: 10:00AM–10:00PM | Friday: 10:00AM–10:00PM | Saturday: 10:00AM–10:00PM | Sunday: 10:00AM–10:00PM,635 64 88 29,NO,NO
Grazie Mille Mozzarella Bar Galería Canalejas,"Bares, Cervecerías, Coctelerías, Mercados, Perfumerías, Tiendas","COMIDA Y BEBIDA, LOCALES DE OCIO NOCTURNO, TIENDAS","Food Hall Galeria Canalejas, C. Alcalá, 12, planta -1, Centro, 28014 Madrid, Spain",4,1308,Moderado,Abierto,40.4171,-3.70085,https://maps.google.com/?cid=6475974810791121469,http://www.graziemille.es/,Monday: 12:00PM–12:00AM | Tuesday: 12:00PM–12:00AM | Wednesday: 12:00PM–12:00AM | Thursday: 12:00PM–12:00AM | Friday: 12:00PM–1:00AM | Saturday: 12:00PM–1:00AM | Sunday: 12:00PM–12:00AM,633 16 28 31,SI,SI
Cash Converters,"Joyerías, Mercados, Perfumerías, Tiendas","COMIDA Y BEBIDA, TIENDAS","C. de San Bernardo, 97, Chamberí, 28015 Madrid, Spain","3,9",1099,—,Abierto,40.4305,-3.70569,https://maps.google.com/?cid=14601445756410370771,https://cashconverters.es/tiendas/madrid/san-bernardo/,"Monday: 10:00AM–2:00PM, 5:00–9:00PM | Tuesday: 10:00AM–2:00PM, 5:00–9:00PM | Wednesday: 10:00AM–2:00PM, 5:00–9:00PM | Thursday: 10:00AM–2:00PM, 5:00–9:00PM | Friday: 10:00AM–2:00PM, 5:00–9:00PM | Saturday: 10:00AM–2:00PM, 5:00–9:00PM | Sunday: Closed",914 46 99 90,NO,NO
Casa de Lope de Vega Garden,"Jardines, Parques, Parques naturales",CULTURA OCIO Y NATURALEZA,"Calle de Cervantes, 11, Centro, 28014 Madrid, Spain","4,8",12,—,Abierto,40.4144,-3.69744,https://maps.google.com/?cid=8701814775326012241,https://www.casamuseolopedevega.org/es/la-casa-museo/el-edificio/el-huerto-y-el-jardin,Monday: Closed | Tuesday: 10:00AM–6:00PM | Wednesday: 10:00AM–6:00PM | Thursday: 10:00AM–6:00PM | Friday: 10:00AM–6:00PM | Saturday: 10:00AM–6:00PM | Sunday: 10:00AM–6:00PM,914 29 92 16,NO,SI
Clínica Dra. Sandra de Oliveira,Hospitales,SALUD,"C. de Antonio Maura, 7, Bajo Derecha, Retiro, 28014 Madrid, Spain","4,8",89,—,Abierto,40.4168,-3.69065,https://maps.google.com/?cid=12650433470005963491,https://drasandradeoliveira.com/,Monday: 10:00AM–8:00PM | Tuesday: 10:00AM–8:00PM | Wednesday: 10:00AM–8:00PM | Thursday: 10:00AM–8:00PM | Friday: 10:00AM–8:00PM | Saturday: 10:00AM–3:00PM | Sunday: Closed,639 74 00 38,NO,NO
Consulado General de Uruguay,"Consulados, Embajadas",GOBIERNO,"8, P.º del Pintor Rosales, 32, Moncloa - Aravaca, 28008 Madrid, Spain","4,4",117,—,Abierto,40.4273,-3.71985,https://maps.google.com/?cid=844421672620641980,http://www.consuladouy-bcn.es/,Monday: 9:00AM–3:00PM | Tuesday: 9:00AM–3:00PM | Wednesday: 9:00AM–3:00PM | Thursday: 9:00AM–3:00PM | Friday: 9:00AM–3:00PM | Saturday: Closed | Sunday: Closed,915 48 22 82,NO,SI
Supermercado El Corte Inglés,Supermercados,COMIDA Y BEBIDA,"C. de Preciados, 3, Centro, 28013 Madrid, Spain","4,3",23139,—,Abierto,40.4175,-3.70456,https://maps.google.com/?cid=17051747579133092363,http://www.elcorteingles.es/supermercado/,Monday: 10:00AM–10:00PM | Tuesday: 10:00AM–10:00PM | Wednesday: 10:00AM–10:00PM | Thursday: 10:00AM–10:00PM | Friday: 10:00AM–10:00PM | Saturday: 10:00AM–10:00PM | Sunday: 11:00AM–9:00PM,913 79 80 00,NO,SI
Tous Jewerly,Joyerías,TIENDAS,"Calle de Preciados, C. de Preciados, 3, Centro, 28013 Madrid, Spain","3,3",72,—,Abierto,40.4174,-3.70461,https://maps.google.com/?cid=14639393159869391136,https://www.tous.com/es-es/,Monday: 10:00AM–10:00PM | Tuesday: 10:00AM–10:00PM | Wednesday: 10:00AM–10:00PM | Thursday: 10:00AM–10:00PM | Friday: 10:00AM–10:00PM | Saturday: 10:00AM–10:00PM | Sunday: 11:00AM–9:00PM,618 93 37 17,NO,SI
Pronovias Madrid Arenal - Vestidos de Novia,"Tiendas de ropa, Zapaterías",TIENDAS,"C. del Arenal, 5, Centro, 28013 Madrid, Spain","4,4",750,—,Abierto,40.4167,-3.7054,https://maps.google.com/?cid=14427662171568988531,https://www.pronovias.com/es/tiendas/madrid-arenal,Monday: 10:00AM–8:30PM | Tuesday: 10:00AM–8:30PM | Wednesday: 10:00AM–8:30PM | Thursday: 10:00AM–8:30PM | Friday: 10:00AM–8:30PM | Saturday: 10:00AM–8:30PM | Sunday: 10:00AM–6:00PM,915 32 32 80,NO,NO
Psychology and Psychiatry Center Manuel Escudero,Clínicas,SALUD,"C. de Ferraz, 31, 1ºa, Moncloa - Aravaca, 28008 Madrid, Spain","4,6",92,—,Abierto,40.4279,-3.71927,https://maps.google.com/?cid=12497766898779145784,https://manuelescudero.com/,"Monday: 10:00AM–1:30PM, 4:30–8:00PM | Tuesday: 10:00AM–1:30PM, 4:30–8:00PM | Wednesday: 10:00AM–1:30PM, 4:30–8:00PM | Thursday: 10:00AM–1:30PM, 4:30–8:00PM | Friday: 10:00AM–1:30PM | Saturday: Closed | Sunday: Closed",915 47 31 86,NO,NO
Rafael Pérez Hernando galeria,Galerías de arte,CULTURA OCIO Y NATURALEZA,"C. de Orellana, 18, Centro, 28004 Madrid, Spain","4,7",27,—,Cerrado temporalmente,40.4259,-3.69406,https://maps.google.com/?cid=12722495873876022330,http://www.rphart.net/,,912 97 64 80,NO,SI
IMF Smart Education,Universidades,EDUCACIÓN,"C. de Bernardino Obregón, 25, 2°, Arganzuela, 28012 Madrid, Spain","3,9",693,—,Abierto,40.4023,-3.69852,https://maps.google.com/?cid=85406917561891089,https://www.imf-formacion.com/,,913 64 51 57,NO,SI
Scalpers,Tiendas de ropa,TIENDAS,"C. de Jorge Juan, 7, Salamanca, 28001 Madrid, Spain","4,1",463,—,Abierto,40.424,-3.68699,https://maps.google.com/?cid=7311325755552996133,https://www.scalperscompany.com/?utm_source=GoogleBusinessProfile&utm_medium=websiteclick&utm_campaign=T041,Monday: 10:00AM–9:00PM | Tuesday: 10:00AM–9:00PM | Wednesday: 10:00AM–9:00PM | Thursday: 10:00AM–9:00PM | Friday: 10:00AM–9:00PM | Saturday: 10:00AM–9:00PM | Sunday: 12:00–8:00PM,915 78 91 31,NO,NO
Farmacia Trébol Atocha,Farmacias,SALUD,"Pl. del Emperador Carlos V, 8, Centro, 28012 Madrid, Spain",4,87,—,Abierto,40.4086,-3.6927,https://maps.google.com/?cid=7171340097271103660,https://bit.ly/farmaciastrebolweb,Monday: 9:00AM–10:00PM | Tuesday: 9:00AM–10:00PM | Wednesday: 9:00AM–10:00PM | Thursday: 9:00AM–10:00PM | Friday: 9:00AM–10:00PM | Saturday: 9:00AM–10:00PM | Sunday: 9:00AM–10:00PM,915 27 17 61,NO,SI
Brasil Tramites,"Consulados, Embajadas",GOBIERNO,"Gran Vía, 6, 4ª Planta, Centro, 28013 Madrid, Spain",5,84,—,Abierto,40.4195,-3.69786,https://maps.google.com/?cid=7663127765542614249,http://www.brasiltramit.es/,Monday: 9:00AM–7:00PM | Tuesday: 9:00AM–7:00PM | Wednesday: 9:00AM–7:00PM | Thursday: 9:00AM–7:00PM | Friday: 9:00AM–7:00PM | Saturday: Closed | Sunday: Closed,665 89 95 50,NO,NO
Academia del Cine Español,"Cines, Teatros",CULTURA OCIO Y NATURALEZA,"Calle de Zurbano, 3, Chamberí, 28010 Madrid, Spain","4,7",183,—,Abierto,40.4274,-3.69389,https://maps.google.com/?cid=16040205914645330321,https://www.academiadecine.com/,Monday: 9:30AM–6:00PM | Tuesday: 9:30AM–6:00PM | Wednesday: 9:30AM–6:00PM | Thursday: 9:30AM–6:00PM | Friday: 9:30AM–6:00PM | Saturday: Closed | Sunday: Closed,915 93 46 48,NO,NO
Posada del León de Oro,"Albergues, Apartamentos turísticos, Campos de golf, Hostales, Hoteles, Restaurantes, Tapas, Templos budistas, Vegano, Vegetariano","ALOJAMIENTOS, COMIDA Y BEBIDA, ESPACIOS DEPORTIVOS, ESPACIOS RELIGIOSOS","C. de la Cava Baja, 12, Centro, 28005 Madrid, Spain","4,2",1484,—,Abierto,40.4131,-3.70853,https://maps.google.com/?cid=16120056129374585047,http://posadadelleondeoro.com/,"Monday: Closed | Tuesday: Closed | Wednesday: 1:00–5:00PM, 7:30PM–12:00AM | Thursday: 1:00–5:00PM, 7:30PM–12:00AM | Friday: 1:00–5:00PM, 7:30PM–12:00AM | Saturday: 12:30PM–12:00AM | Sunday: 12:30PM–12:00AM",911 19 14 94,SI,SI
Posada Del Dragón,"Albergues, Apartamentos turísticos, Campos de golf, Hostales, Hoteles, Mercados, Perfumerías, Templos budistas, Tiendas, Tiendas de ropa","ALOJAMIENTOS, COMIDA Y BEBIDA, ESPACIOS DEPORTIVOS, ESPACIOS RELIGIOSOS, TIENDAS","C. de la Cava Baja, 14, Centro, 28005 Madrid, Spain","4,3",1279,—,Abierto,40.4131,-3.7086,https://maps.google.com/?cid=16654935675240823332,http://www.posadadeldragon.com/,Monday: 9:30AM–10:00PM | Tuesday: 9:30AM–10:00PM | Wednesday: 9:30AM–10:00PM | Thursday: 9:00AM–10:00PM | Friday: 9:30AM–10:00PM | Saturday: 9:30AM–10:00PM | Sunday: 9:30AM–10:00PM,911 19 14 24,NO,SI
Instituto Juan De Mariana,Universidades,EDUCACIÓN,"C. del Ángel, 2, Centro, 28005 Madrid, Spain","4,1",39,—,Abierto,40.4103,-3.71192,https://maps.google.com/?cid=18224414208563958405,http://www.juandemariana.org/,,,NO,SI
Parking Saba Plaza Mostenses,Aparcamientos,GASOLINERAS Y APARCAMIENTOS,"Pl. de los Mostenses, s/n, Centro, 28015 Madrid, Spain",4,816,—,Abierto,40.4228,-0.37088,https://maps.google.com/?cid=1757517523242201794,https://www.saba.es/es/parking-madrid/parking-saba-plaza-mostenses?utm_source=gbp&utm_medium=organic&utm_campaign=plaza-mostenses,Monday: Open 24 hours | Tuesday: Open 24 hours | Wednesday: Open 24 hours | Thursday: Open 24 hours | Friday: Open 24 hours | Saturday: Open 24 hours | Sunday: Open 24 hours,935 57 56 27,NO,SI
Centro Auditivo Aural – Madrid C. Velázquez,Clínicas,SALUD,"Calle Velázquez, 27, Bajo Ext. Dcha e Izqda, Salamanca, 28001 Madrid, Spain","4,8",228,—,Abierto,40.4244,-3.68462,https://maps.google.com/?cid=6094513074979474934,https://www.auralcentrosauditivos.es/centro/madrid,Monday: 9:30AM–7:30PM | Tuesday: 9:30AM–7:30PM | Wednesday: 9:30AM–7:30PM | Thursday: 9:30AM–7:30PM | Friday: 9:30AM–7:30PM | Saturday: Closed | Sunday: Closed,915 42 27 19,NO,SI
Farmacia Ortega Luna,Farmacias,SALUD,"C. del Mesón de Paredes, 85, Centro, 28012 Madrid, Spain","4,5",24,—,Abierto,40.4058,-3.70114,https://maps.google.com/?cid=8731578848002120432,https://www.instagram.com/farmaciaortegaluna/,"Monday: 9:15AM–2:00PM, 5:00–8:30PM | Tuesday: 9:15AM–2:00PM, 5:00–8:30PM | Wednesday: 9:15AM–2:00PM, 5:00–8:30PM | Thursday: 9:15AM–2:00PM, 5:00–8:30PM | Friday: 9:15AM–2:00PM, 5:00–8:30PM | Saturday: 10:00AM–2:00PM | Sunday: Closed",915 27 50 52,NO,SI
Museum of the National Library,"Bibliotecas, Centros culturales, Museos","CULTURA OCIO Y NATURALEZA, EDUCACIÓN","P.º de Recoletos, 20, 22, Salamanca, 28001 Madrid, Spain","4,4",186,—,Abierto,40.4238,-3.69003,https://maps.google.com/?cid=6317885038705917753,http://www.bne.es/es/MuseoBibliotecaNacional/,Monday: 10:00AM–8:00PM | Tuesday: 10:00AM–8:00PM | Wednesday: 10:00AM–8:00PM | Thursday: 10:00AM–8:00PM | Friday: 10:00AM–8:00PM | Saturday: 10:00AM–8:00PM | Sunday: Closed,915 16 89 67,NO,SI
"SEPES (Sociedad Española de Prótesis, Estomatología y Estética)",Clínicas,SALUD,"C. del Rey Francisco, 14, 5° Derecha, Moncloa - Aravaca, 28008 Madrid, Spain",4,3,—,Abierto,40.4272,-3.71657,https://maps.google.com/?cid=7000255586824804078,http://www.sepes.org/,Monday: 9:00AM–4:00PM | Tuesday: 9:00AM–4:00PM | Wednesday: 9:00AM–4:00PM | Thursday: 9:00AM–4:00PM | Friday: 9:00AM–4:00PM | Saturday: Closed | Sunday: Closed,915 76 53 40,NO,NO
Lavapiés,Estaciones de metro,TRANSPORTE,"Centro, 28012 Madrid, Spain","4,2",232,—,Abierto,40.4084,-3.7007,https://maps.google.com/?cid=1117512999822086755,,,,NO,SI
Bodegas Rosell,"Bares, Cervecerías, Coctelerías","COMIDA Y BEBIDA, LOCALES DE OCIO NOCTURNO","Calle del Gral. Lacy, 14, Arganzuela, 28045 Madrid, Spain","4,3",5955,Moderado,Abierto,40.4038,-3.69092,https://maps.google.com/?cid=17404460362688599345,http://bodegasrosell.es/,"Monday: Closed | Tuesday: 12:00–5:00PM, 7:00PM–12:00AM | Wednesday: 12:00–5:00PM, 7:00PM–12:00AM | Thursday: 12:00–5:00PM, 7:00PM–12:00AM | Friday: 12:00–5:00PM, 7:30PM–12:00AM | Saturday: 12:00–5:00PM, 7:30PM–12:00AM | Sunday: Closed",914 67 84 58,SI,SI
Íris,Centros comerciales,TIENDAS,"C. Mayor, 12, Centro, Centro, 28013 Madrid, Spain",0,0,—,Abierto,40.4165,-3.70624,https://maps.google.com/?cid=359604477103289771,,,,NO,NO
Candidiasis Cronica,Hospitales,SALUD,"Apto 0115, Calle de la Princesa, 3, piso 1º, Moncloa - Aravaca, 28008 Madrid, Spain",0,0,—,Abierto,40.4246,-3.71306,https://maps.google.com/?cid=89095256559907828,https://candidiasiscronicamadrid.wordpress.com/,"Monday: 9:05AM–2:00PM, 3:00–8:00PM | Tuesday: 9:05AM–2:00PM, 3:00–8:00PM | Wednesday: 9:05AM–2:00PM, 3:00–8:00PM | Thursday: 9:05AM–2:00PM, 3:00–8:00PM | Friday: 9:05AM–2:00PM | Saturday: Closed | Sunday: Closed",919 22 35 69,NO,SI
Cuenca Club,Discotecas,LOCALES DE OCIO NOCTURNO,"C. de Ventura Rodríguez, 7, Moncloa - Aravaca, 28008 Madrid, Spain","3,7",1921,Moderado,Abierto,40.4251,-3.71362,https://maps.google.com/?cid=10251278507804739765,http://cuencaclub.es/,Monday: Closed | Tuesday: Closed | Wednesday: Closed | Thursday: 11:59PM–5:30AM | Friday: 11:59PM–6:00AM | Saturday: 11:59PM–6:00AM | Sunday: Closed,,SI,NO
Starbucks,"Cafés, Panaderías",COMIDA Y BEBIDA,"C. Alcalá, 21, Centro, 28014 Madrid, Spain","3,9",979,Moderado,Abierto,40.418,-3.69951,https://maps.google.com/?cid=3842211891946548897,http://www.starbucks.es/,Monday: 7:00AM–10:00PM | Tuesday: 7:00AM–10:00PM | Wednesday: 7:00AM–10:00PM | Thursday: 7:00AM–10:00PM | Friday: 7:00AM–10:00PM | Saturday: 8:00AM–11:00PM | Sunday: 8:00AM–10:30PM,912 75 81 11,NO,SI
Madrid,Centros comerciales,TIENDAS,"Centro, 28013 Madrid, Spain","4,7",22,—,Abierto,40.4167,-3.70379,https://maps.google.com/?cid=11101619571164569375,,,,NO,SI
Health MIP. Personalized Integrative Medicine.,Hospitales,SALUD,"C. del Conde de Aranda, 15, Salamanca, 28001 Madrid, Spain","4,5",73,—,Abierto,40.4218,-3.68627,https://maps.google.com/?cid=1873894508447086031,http://mipsalud.com/,Monday: 9:00AM–9:00PM | Tuesday: 9:00AM–9:00PM | Wednesday: 9:00AM–9:00PM | Thursday: 9:00AM–9:00PM | Friday: 9:00AM–9:00PM | Saturday: Closed | Sunday: Closed,911 12 34 79,NO,SI
Calme de Maria de Madrid,Universidades,EDUCACIÓN,"C. de las Veneras, 5, Centro, Centro, 28013 Madrid, Spain",0,0,—,Abierto,40.4193,-3.70759,https://maps.google.com/?cid=13845099905266287062,,,,NO,SI
Gran Vía - Plaza de España,Estaciones de autobús,TRANSPORTE,"Centro, 28013 Madrid, Spain",4,7,—,Abierto,40.4229,-3.71038,https://maps.google.com/?cid=17330831108708319645,,,,NO,SI
VP Jardín de Recoletos,"Albergues, Aparcamientos, Apartamentos turísticos, Hostales, Hoteles, Restaurantes, Tapas, Vegano, Vegetariano","ALOJAMIENTOS, COMIDA Y BEBIDA, GASOLINERAS Y APARCAMIENTOS","C/ de Gil de Santivañes, 6, Salamanca, 28001 Madrid, Spain","4,5",679,—,Abierto,40.4223,-3.68916,https://maps.google.com/?cid=16830335632057096577,https://www.recoletos-hotel.com/?utm_source=google&utm_medium=organic&utm_campaign=knowledge-graph,Monday: Open 24 hours | Tuesday: Open 24 hours | Wednesday: Open 24 hours | Thursday: Open 24 hours | Friday: Open 24 hours | Saturday: Open 24 hours | Sunday: Open 24 hours,917 81 16 40,NO,SI
Embajadores,Estaciones de autobús,TRANSPORTE,"Centro, 28012 Madrid, Spain","4,5",2,—,Abierto,40.4053,-3.70231,https://maps.google.com/?cid=4016594513467021546,,,,NO,SI
Compro Oro - Oro Express,Joyerías,TIENDAS,"C. de Eloy Gonzalo, 9, Chamberí, 28010 Madrid, Spain","4,7",174,—,Abierto,40.4341,-3.70245,https://maps.google.com/?cid=13876495761758083466,https://oro-express.es/tiendas/madrid-chamberi-c-eloy-gonzalo/,Monday: 9:00AM–8:00PM | Tuesday: 9:00AM–8:00PM | Wednesday: 9:00AM–8:00PM | Thursday: 9:00AM–8:00PM | Friday: 9:00AM–8:00PM | Saturday: 10:00AM–2:00PM | Sunday: Closed,722 14 40 31,NO,NO
Big Tree Books,Bibliotecas,EDUCACIÓN,"C. de las Dos Hermanas, 17, Centro Puerta derecha, Centro, 28012 Madrid, Spain","4,7",65,—,Abierto,40.4103,-3.70593,https://maps.google.com/?cid=14243873715275794807,https://www.instagram.com/bigtreebooksmadrid?igsh=MWh6MWhuNjlwdGMwcw==,Monday: Closed | Tuesday: 5:00–11:30PM | Wednesday: 5:00–11:30PM | Thursday: 5:00–11:30PM | Friday: 5:00–11:30PM | Saturday: 11:00AM–11:30PM | Sunday: 11:00AM–8:00PM,,NO,SI
Cinesa,"Cines, Teatros",CULTURA OCIO Y NATURALEZA,"Estación Príncipe Pío, C. de Mozart, 2, Moncloa - Aravaca, 28008 Madrid, Spain","4,2",7293,—,Abierto,40.4228,-3.72136,https://maps.google.com/?cid=12566539266559564289,http://www.cinesa.es/Cines/Principe-Pio,,932 28 96 00,NO,SI
Galleria Canalejas,Centros comerciales,TIENDAS,"Pl. de Canalejas, 1, Centro, 28014 Madrid, Spain","4,5",3538,—,Abierto,40.4169,-3.70045,https://maps.google.com/?cid=2726742695866006637,http://galeriacanalejas.com/,Monday: 10:30AM–9:00PM | Tuesday: 10:30AM–9:00PM | Wednesday: 10:30AM–9:00PM | Thursday: 10:30AM–9:00PM | Friday: 10:30AM–9:00PM | Saturday: 10:30AM–9:00PM | Sunday: 12:00–8:00PM,911 08 56 06,NO,SI
Ruda Café,Panaderías,COMIDA Y BEBIDA,"C. de la Ruda, 11, Centro, 28005 Madrid, Spain","4,6",1472,Barato,Abierto,40.4104,-3.70797,https://maps.google.com/?cid=17171292281646364805,https://rudacafe.com/,Monday: 8:00AM–8:00PM | Tuesday: 8:00AM–8:00PM | Wednesday: 8:00AM–8:00PM | Thursday: 8:00AM–8:00PM | Friday: 8:00AM–8:00PM | Saturday: 9:00AM–8:00PM | Sunday: 9:00AM–8:00PM,910 46 59 32,NO,NO
Kiehls,"Centros comerciales, Tiendas de ropa",TIENDAS,"Calle de Fuencarral, 37, Centro, 28004 Madrid, Spain","4,5",278,—,Abierto,40.4225,-3.70098,https://maps.google.com/?cid=18196434839964929044,https://www.kiehls.es/,Monday: 10:00AM–9:30PM | Tuesday: 10:00AM–9:30PM | Wednesday: 10:00AM–9:30PM | Thursday: 10:00AM–9:30PM | Friday: 10:00AM–9:30PM | Saturday: 10:00AM–9:30PM | Sunday: 12:00–8:00PM,915 23 28 16,NO,SI
Spanish courses in Madrid Enforex,Colegios,EDUCACIÓN,"C. de Baltasar Gracián, 4, Centro, 28015 Madrid, Spain","4,7",383,—,Abierto,40.4295,-3.71023,https://maps.google.com/?cid=6937195611863656759,https://www.enforex.com/learn-spanish/school-madrid/?SFSEALOCAL=GENFMAD,Monday: 8:00AM–3:00PM | Tuesday: 9:00AM–3:00PM | Wednesday: 9:00AM–3:00PM | Thursday: 9:00AM–3:00PM | Friday: 9:00AM–3:00PM | Saturday: Closed | Sunday: Closed,915 47 48 52,NO,SI
Store Fashion Men Multimarca - ALMIRANTE SEIS - Madrid,"Tiendas de ropa, Zapaterías",TIENDAS,"Calle del Almirante, 6, Centro, 28004 Madrid, Spain","4,3",47,—,Abierto,40.4224,-3.69502,https://maps.google.com/?cid=7122283073526875341,https://almiranteseis.com/,Monday: 11:00AM–8:15PM | Tuesday: 11:00AM–8:15PM | Wednesday: 11:00AM–8:15PM | Thursday: 11:00AM–8:15PM | Friday: 11:00AM–8:15PM | Saturday: 11:00AM–8:15PM | Sunday: Closed,915 21 81 83,NO,SI
Unae Federación Unión Civica Nacional de Consumidores y Amas de Hogar de España,Bibliotecas,EDUCACIÓN,"C. de Villanueva, 8, Salamanca, 28001 Madrid, Spain",0,0,—,Abierto,40.4226,-3.68916,https://maps.google.com/?cid=3011111863465705696,,,915 75 72 19,NO,NO
PARKING IN THE WAREHOUSE snifter,"Aparcamientos, Centros comerciales","GASOLINERAS Y APARCAMIENTOS, TIENDAS","Calle de Núñez de Balboa, 24, local b, Salamanca, 28001 Madrid, Spain","2,7",32,—,Abierto,40.4242,-3.68273,https://maps.google.com/?cid=1058018337875283443,,Monday: 9:00AM–10:00PM | Tuesday: 9:00AM–10:00PM | Wednesday: 9:00AM–10:00PM | Thursday: 9:00AM–10:00PM | Friday: 9:00AM–10:00PM | Saturday: 9:00AM–10:00PM | Sunday: Closed,910 51 13 65,NO,NO
Cía de la Moda,Tiendas de ropa,TIENDAS,"P.º de Recoletos, 5, Centro, 28004 Madrid, Spain","4,8",12,—,Abierto,40.4206,-3.6932,https://maps.google.com/?cid=17247394823838782735,http://www.ciadelamoda.com/,Monday: 10:00AM–6:30PM | Tuesday: 10:00AM–6:30PM | Wednesday: 10:00AM–6:30PM | Thursday: 10:00AM–6:30PM | Friday: 10:00AM–6:30PM | Saturday: Closed | Sunday: Closed,913 08 13 93,NO,NO
Prueba de Artista,Galerías de arte,CULTURA OCIO Y NATURALEZA,"Calle de Gonzalo de Córdoba, 20, Chamberí, 28010 Madrid, Spain",5,18,—,Abierto,40.4323,-3.70189,https://maps.google.com/?cid=17663061138764952010,http://www.pruebadeartista.com/,"Monday: 5:00–8:00PM | Tuesday: 11:00AM–2:00PM, 5:00–8:00PM | Wednesday: 11:00AM–2:00PM, 5:00–8:00PM | Thursday: 11:00AM–2:00PM, 5:00–8:00PM | Friday: 11:00AM–2:00PM, 5:00–8:00PM | Saturday: 11:00AM–2:00PM | Sunday: Closed",915 94 16 20,NO,NO
Carrefour Express,Supermercados,COMIDA Y BEBIDA,"Calle de Zurbano, 11, Chamberí, 28010 Madrid, Spain","3,7",393,—,Abierto,40.4285,-3.69387,https://maps.google.com/?cid=15399413507495643672,https://www.carrefour.es/tiendas-carrefour/supermercados/carrefour-express/zurbano-s.aspx,Monday: 9:00AM–10:00PM | Tuesday: 9:00AM–10:00PM | Wednesday: 9:00AM–10:00PM | Thursday: 9:00AM–10:00PM | Friday: 9:00AM–10:00PM | Saturday: 9:00AM–10:00PM | Sunday: 10:00AM–4:00PM,914 90 89 00,NO,NO
Hotel Puerta de Toledo,"Albergues, Apartamentos turísticos, Hostales, Hoteles",ALOJAMIENTOS,"Gta. de la Prta de Toledo, 4, Arganzuela, 28005 Madrid, Spain","4,3",3908,—,Abierto,40.4063,-3.71227,https://maps.google.com/?cid=8563486437598637564,https://www.hotelpuertadetoledo.com/,Monday: Open 24 hours | Tuesday: Open 24 hours | Wednesday: Open 24 hours | Thursday: Open 24 hours | Friday: Open 24 hours | Saturday: Open 24 hours | Sunday: Open 24 hours,914 74 71 00,NO,SI
Vualá - librería infantil y juvenil,Librerías,TIENDAS,"C. de Sta. Feliciana, 17, Chamberí, 28010 Madrid, Spain","4,8",244,—,Abierto,40.4335,-3.69855,https://maps.google.com/?cid=7807506295158276119,http://www.libreriavuala.com/,"Monday: 11:00AM–3:00PM, 4:00–8:00PM | Tuesday: 11:00AM–3:00PM, 4:00–8:00PM | Wednesday: 11:00AM–3:00PM, 4:00–8:00PM | Thursday: 11:00AM–3:00PM, 4:00–8:00PM | Friday: 11:00AM–3:00PM, 4:00–8:00PM | Saturday: 11:00AM–3:00PM, 4:00–8:00PM | Sunday: 11:00AM–2:00PM",914 48 60 15,NO,NO
Senior CEU University,Universidades,EDUCACIÓN,"C. del Tutor, 35, Moncloa - Aravaca, 28008 Madrid, Spain","4,2",18,—,Abierto,40.4288,-3.71649,https://maps.google.com/?cid=1052966782104057778,https://www.universidadmayoresceu.es/,"Monday: 9:30AM–2:00PM, 4:00–7:00PM | Tuesday: 9:30AM–2:00PM, 4:00–7:00PM | Wednesday: 9:30AM–2:00PM, 4:00–7:00PM | Thursday: 9:30AM–2:00PM, 4:00–7:00PM | Friday: 9:00AM–2:00PM | Saturday: Closed | Sunday: Closed",917 45 16 34,NO,SI
Gabriela Mora Jewelry,Joyerías,TIENDAS,"C. de Concepción Jerónima, 21, Centro, 28012 Madrid, Spain",0,0,—,Abierto,40.4138,-3.70589,https://maps.google.com/?cid=15812433199087078146,,Monday: 9:00AM–5:00PM | Tuesday: 9:00AM–5:00PM | Wednesday: 9:00AM–5:00PM | Thursday: 9:00AM–5:00PM | Friday: 9:00AM–5:00PM | Saturday: 9:00AM–5:00PM | Sunday: Closed,,NO,NO
"Krüger - Restaurante Alemán | Cervecería Artesanal, Plaza España","Bares, Cervecerías, Coctelerías, Restaurantes, Tapas, Vegano, Vegetariano","COMIDA Y BEBIDA, LOCALES DE OCIO NOCTURNO","Calle de la Princesa, 5, Moncloa - Aravaca, 28008 Madrid, Spain","4,1",1502,Barato,Cerrado temporalmente,40.4246,-3.7133,https://maps.google.com/?cid=1259702348325293015,http://www.restaurantekruger.com/,,915 48 47 97,SI,SI
"ACT Madrid Actores, Cine & TV (Actores Madrid)","Cines, Teatros",CULTURA OCIO Y NATURALEZA,"C. de Loreto y Chicote, 7, Centro, 28004 Madrid, Spain","4,8",79,—,Abierto,40.4214,-3.70395,https://maps.google.com/?cid=15987893210002648885,http://act-madrid.com/,"Monday: 10:00AM–2:00PM, 4:00–8:00PM | Tuesday: 10:00AM–2:00PM, 4:00–8:00PM | Wednesday: 10:00AM–2:00PM, 4:00–8:00PM | Thursday: 10:00AM–2:00PM, 4:00–8:00PM | Friday: 10:00AM–2:00PM, 4:00–8:00PM | Saturday: Closed | Sunday: Closed",695 95 94 55,NO,SI
Supermercados Dia,"Panaderías, Supermercados",COMIDA Y BEBIDA,"Calle de la Magdalena, 20, Centro, 28012 Madrid, Spain",4,164,—,Abierto,40.4123,-3.70117,https://maps.google.com/?cid=5159713827422175082,http://www.dia.es/compra-online/,Monday: 9:00AM–10:00PM | Tuesday: 9:00AM–10:00PM | Wednesday: 9:00AM–10:00PM | Thursday: 9:00AM–10:00PM | Friday: 9:00AM–10:00PM | Saturday: 9:00AM–10:00PM | Sunday: 10:00AM–8:00PM,912 17 04 53,NO,SI
Free Walking Tours Madrid,"Montañas, Oficinas de turismo, Senderismo","CULTURA OCIO Y NATURALEZA, ESPACIOS DEPORTIVOS, OFICINAS DE TURISMO","kiosko refrescos, Pl. del Callao, s/n, Centro, 28013 Madrid, Spain","4,8",2912,—,Abierto,40.42,-3.70605,https://maps.google.com/?cid=4076179138230630219,http://freewalkingtoursmadrid.com/,Monday: 10:00AM–6:00PM | Tuesday: 10:00AM–6:00PM | Wednesday: 10:00AM–6:00PM | Thursday: 10:00AM–6:00PM | Friday: 10:00AM–6:00PM | Saturday: 10:00AM–6:00PM | Sunday: 10:00AM–6:00PM,633 84 59 06,NO,NO
Librería Méndez,Librerías,TIENDAS,"C. Mayor, 18, Centro, 28013 Madrid, Spain","4,7",147,—,Abierto,40.4166,-3.70666,https://maps.google.com/?cid=17903170342491221471,http://www.libreriamendez.net/,"Monday: 10:00AM–2:00PM, 4:30–8:00PM | Tuesday: 10:00AM–2:00PM, 4:30–8:00PM | Wednesday: 10:00AM–2:00PM, 4:30–8:00PM | Thursday: 10:00AM–2:00PM, 4:30–8:00PM | Friday: 10:00AM–2:00PM, 4:30–8:00PM | Saturday: 10:00AM–2:00PM, 5:00–8:00PM | Sunday: Closed",913 66 41 41,NO,NO
Biblioteca Pública Municipal Benito Pérez Galdós,Bibliotecas,EDUCACIÓN,"C. del Conde Duque, 9, Centro, 28015 Madrid, Spain","3,6",114,—,Abierto,40.4278,-3.71119,https://maps.google.com/?cid=139628294737837016,https://bibliotecas.madrid.es/portales/bibliotecas/es/Informacion-y-servicios/Busca-tu-biblioteca/Biblioteca-Publica-Municipal-Benito-Perez-Galdos-Centro-/?vgnextfmt=default&vgnextoid=13ec3d0b5e71c010VgnVCM1000000b205a0aRCRD&vgnextchannel=200b8e7a1f1d3510VgnVCM1000008a4a900aRCRD,Monday: 8:30AM–8:00PM | Tuesday: 8:30AM–8:00PM | Wednesday: 8:30AM–8:00PM | Thursday: 8:30AM–8:00PM | Friday: 8:30AM–8:00PM | Saturday: Closed | Sunday: Closed,915 88 59 10,NO,SI
Aparcamiento para bicicletas,Aparcamientos,GASOLINERAS Y APARCAMIENTOS,"C. del Arenal, 7-1, Centro, Centro, 28013 Madrid, Spain",5,1,—,Abierto,40.417,-3.70573,https://maps.google.com/?cid=17213620670441483304,,,,NO,NO
UrbanBox CrossFit,Gimnasios,ESPACIOS DEPORTIVOS,"C. de Martín de Vargas, 22, Arganzuela, 28005 Madrid, Spain","4,5",125,—,Abierto,40.4027,-3.70193,https://maps.google.com/?cid=150505539049796118,http://www.urbanboxcrossfit.com/,Monday: 7:00AM–9:30PM | Tuesday: 8:00AM–9:30PM | Wednesday: 7:00AM–9:30PM | Thursday: 8:00AM–9:30PM | Friday: 7:00AM–8:30PM | Saturday: 9:30AM–2:30PM | Sunday: Closed,,NO,SI
Estación de Servicio Repsol,Gasolineras,GASOLINERAS Y APARCAMIENTOS,"C/ del Áncora, 39, Arganzuela, 28045 Madrid, Spain","4,2",108,—,Abierto,40.4029,-3.68981,https://maps.google.com/?cid=16486240101081275121,https://www.repsol.es/buscador-eess-y-puntos-de-recarga/madrid/madrid/cl-ancora-39/,Monday: 8:00AM–3:00PM | Tuesday: 8:00AM–3:00PM | Wednesday: 8:00AM–3:00PM | Thursday: 8:00AM–3:00PM | Friday: 8:00AM–3:00PM | Saturday: Closed | Sunday: Closed,914 68 17 00,NO,NO
Tienda Erótica LOLATOYS - Sex shop en Madrid,Clínicas,SALUD,"C. del Marqués Viudo de Pontejos, 1, Centro, 28012 Madrid, Spain","4,8",486,—,Abierto,40.4156,-3.70439,https://maps.google.com/?cid=792237141219411555,https://lolatoys.com/es/,Monday: 11:00AM–9:30PM | Tuesday: 11:00AM–9:30PM | Wednesday: 11:00AM–9:30PM | Thursday: 11:00AM–9:30PM | Friday: 11:00AM–9:30PM | Saturday: 11:00AM–9:30PM | Sunday: 11:00AM–9:30PM,915 21 20 40,NO,NO
Jardines de Lepanto,"Jardines, Parques, Parques naturales",CULTURA OCIO Y NATURALEZA,"C. de Lepanto, Centro, 28013 Madrid, Spain","4,6",686,—,Abierto,40.4175,-3.71243,https://maps.google.com/?cid=18154360801322110520,,Monday: Open 24 hours | Tuesday: Open 24 hours | Wednesday: Open 24 hours | Thursday: Open 24 hours | Friday: Open 24 hours | Saturday: Open 24 hours | Sunday: Open 24 hours,,NO,SI
Madrid School of Gestalt Therapy,Colegios,EDUCACIÓN,"Calle de la Bolsa, 14, 1ºIzq, Centro, 28012 Madrid, Spain",0,0,—,Abierto,40.415,-3.70529,https://maps.google.com/?cid=14779813912779028513,http://www.gestaltmadrid.com/,,915 32 45 15,NO,NO
LeClinic's Medicine and Cosmetic Surgery,"Piscinas, Spas",ESPACIOS DEPORTIVOS,"C. de Toledo, 151, Arganzuela, 28005 Madrid, Spain","4,4",308,—,Abierto,40.4038,-3.71255,https://maps.google.com/?cid=17732753018523803306,,Monday: 11:00AM–8:00PM | Tuesday: 11:00AM–8:00PM | Wednesday: 11:00AM–8:00PM | Thursday: 11:00AM–8:00PM | Friday: 11:00AM–8:00PM | Saturday: Closed | Sunday: Closed,640 71 49 68,NO,SI
University Ecclesiastical San Damaso,Universidades,EDUCACIÓN,"C. de Jerte, 10, Centro, 28005 Madrid, Spain","4,7",72,—,Abierto,40.4109,-3.71546,https://maps.google.com/?cid=7474730475965387436,http://www.sandamaso.es/,Monday: 9:00AM–9:00PM | Tuesday: 9:00AM–9:00PM | Wednesday: 9:00AM–9:00PM | Thursday: 9:00AM–9:00PM | Friday: 9:00AM–9:00PM | Saturday: Closed | Sunday: Closed,913 64 40 10,NO,SI
Carrefour Express,Supermercados,COMIDA Y BEBIDA,"C. del León, 4, Centro, 28014 Madrid, Spain","3,9",326,—,Abierto,40.4144,-3.69873,https://maps.google.com/?cid=3702092894576240587,https://www.carrefour.es/tiendas-carrefour/supermercados/carrefour-express/calle-leon-s.aspx,Monday: 9:00AM–10:00PM | Tuesday: 9:00AM–10:00PM | Wednesday: 9:00AM–10:00PM | Thursday: 9:00AM–10:00PM | Friday: 9:00AM–10:00PM | Saturday: 9:00AM–10:00PM | Sunday: 10:00AM–10:00PM,914 90 89 00,NO,SI
ZAPSHOP,Zapaterías,TIENDAS,"C. de la Montera, 24, Centro, 28013 Madrid, Spain","3,5",133,—,Abierto,40.4184,-3.70202,https://maps.google.com/?cid=15042861126773720959,https://www.zapshop.es/,Monday: 10:00AM–9:30PM | Tuesday: 10:00AM–9:30PM | Wednesday: 10:00AM–9:30PM | Thursday: 10:00AM–9:30PM | Friday: 10:00AM–10:00PM | Saturday: 10:00AM–10:00PM | Sunday: 11:00AM–9:00PM,915 23 91 70,NO,NO
Hotel Fénix Gran Meliá - The Leading Hotels of the World,"Albergues, Apartamentos turísticos, Hostales, Hoteles",ALOJAMIENTOS,"C. de Hermosilla, 2, Salamanca, 28001 Madrid, Spain","4,6",1705,—,Abierto,40.4265,-3.68921,https://maps.google.com/?cid=13438540805857794601,https://www.melia.com/en/hotels/spain/madrid/fenix-gran-melia?utm_campaign=google&utm_content=2818&utm_medium=organic&utm_source=directories,,914 31 67 00,NO,SI
Hotel Sterling Gran Vía,"Albergues, Apartamentos turísticos, Hostales, Hoteles",ALOJAMIENTOS,"C. de San Bernardo, 29, 31, Centro, 28015 Madrid, Spain","3,9",1465,—,Abierto,40.423,-3.70766,https://maps.google.com/?cid=1826992777608015808,http://www.hotelsterlingmadrid.com/,Monday: Open 24 hours | Tuesday: Open 24 hours | Wednesday: Open 24 hours | Thursday: Open 24 hours | Friday: Open 24 hours | Saturday: Open 24 hours | Sunday: Open 24 hours,915 42 04 00,NO,SI
Escridiscos,Tiendas de ropa,TIENDAS,"C. de las Navas de Tolosa, 4, Centro, 28013 Madrid, Spain","4,6",577,—,Abierto,40.4192,-3.7065,https://maps.google.com/?cid=15520005398336534784,http://www.discogs.com/es/Escridiscos,"Monday: 11:00AM–2:30PM, 5:00–8:30PM | Tuesday: 11:00AM–2:30PM, 5:00–8:30PM | Wednesday: 11:00AM–2:30PM, 5:00–8:30PM | Thursday: 11:00AM–2:30PM, 5:00–8:30PM | Friday: 11:00AM–2:30PM, 5:00–8:30PM | Saturday: 10:00AM–2:30PM, 5:00–8:30PM | Sunday: Closed",915 22 84 64,NO,SI
Estación de Servicio Repsol,Gasolineras,GASOLINERAS Y APARCAMIENTOS,"P.º de Sta. María de la Cabeza, 18, D, Arganzuela, 28045 Madrid, Spain",4,481,—,Abierto,40.4058,-3.69517,https://maps.google.com/?cid=2745981492723943171,https://www.repsol.es/buscador-eess-y-puntos-de-recarga/madrid/madrid/cl-paseo-sta-maria-de-la-cabeza-18/,Monday: Open 24 hours | Tuesday: Open 24 hours | Wednesday: Open 24 hours | Thursday: Open 24 hours | Friday: Open 24 hours | Saturday: Open 24 hours | Sunday: Open 24 hours,915 27 30 61,NO,NO
Hostal Bianco,"Campos de golf, Templos budistas","ESPACIOS DEPORTIVOS, ESPACIOS RELIGIOSOS","Calle de Echegaray, 5 -1, Derecha, Centro, 28014 Madrid, Spain","4,4",247,—,Abierto,40.416,-3.69957,https://maps.google.com/?cid=368302928494256337,http://www.hostalbianco.com/,,913 69 13 32,NO,NO
Parking Las Cortes,Aparcamientos,GASOLINERAS Y APARCAMIENTOS,"Pl. de las Cortes, s/n, Centro, 28014 Madrid, Spain","3,7",1102,—,Abierto,40.4156,-3.69524,https://maps.google.com/?cid=3447191387155605764,https://www.telpark.com/es/ciudades/madrid/parking-las-cortes/,Monday: Open 24 hours | Tuesday: Open 24 hours | Wednesday: Open 24 hours | Thursday: Open 24 hours | Friday: Open 24 hours | Saturday: Open 24 hours | Sunday: Open 24 hours,914 20 31 55,NO,NO
UNOde50,Joyerías,TIENDAS,"Calle de Fuencarral, 17, Centro, 28004 Madrid, Spain","4,3",115,—,Abierto,40.4211,-3.70129,https://maps.google.com/?cid=15494098786417738885,http://www.unode50.com/es/,Monday: 10:00AM–9:00PM | Tuesday: 10:00AM–9:00PM | Wednesday: 10:00AM–9:00PM | Thursday: 10:00AM–9:00PM | Friday: 10:00AM–9:00PM | Saturday: 10:00AM–10:00PM | Sunday: 11:00AM–9:00PM,915 23 99 75,NO,SI
Mi Primer Festival de Cine Madrid,"Cines, Teatros",CULTURA OCIO Y NATURALEZA,"Calle de Fuencarral, 125, Chamberí, 28010 Madrid, Spain",0,0,—,Abierto,40.4308,-3.70345,https://maps.google.com/?cid=5219036643577150910,https://primerfestivaldecine.com/,Monday: 9:00AM–5:00PM | Tuesday: 9:00AM–7:00PM | Wednesday: 9:00AM–5:00PM | Thursday: 9:00AM–5:00PM | Friday: 9:00AM–5:00PM | Saturday: 11:00AM–7:00PM | Sunday: 11:00AM–7:00PM,933 02 35 53,NO,NO
Pharmacy Orthopedics Chueca,Farmacias,SALUD,"C. de Augusto Figueroa, 39, Centro, 28004 Madrid, Spain","3,9",59,—,Abierto,40.4221,-3.69708,https://maps.google.com/?cid=6685888932158914219,https://farmaciaortopediachueca.com/,Monday: 9:30AM–9:30PM | Tuesday: 9:30AM–9:30PM | Wednesday: 9:30AM–9:30PM | Thursday: 9:30AM–9:30PM | Friday: 9:30AM–9:30PM | Saturday: 9:30AM–9:30PM | Sunday: Closed,915 21 53 21,NO,SI
Óptica Man,Clínicas,SALUD,"Cava de San Miguel, 2, C. Mayor, 49, Semiesquina, Centro, 28005 Madrid, Spain","4,9",68,—,Abierto,40.4157,-3.70903,https://maps.google.com/?cid=3709559480665674492,https://www.opticaman.com/,"Monday: 9:30AM–1:30PM, 4:30–8:00PM | Tuesday: 9:30AM–1:30PM, 4:30–8:00PM | Wednesday: 9:30AM–1:30PM, 4:30–8:00PM | Thursday: 9:30AM–1:30PM, 4:30–8:00PM | Friday: 9:30AM–1:30PM, 4:30–8:00PM | Saturday: 9:30AM–1:30PM | Sunday: Closed",915 59 83 38,NO,NO
Lola Rey,Zapaterías,TIENDAS,"C. de la Montera, 2, Centro, 28013 Madrid, Spain","3,5",99,—,Abierto,40.4172,-3.70296,https://maps.google.com/?cid=4241662075847494916,http://lolarey.es/,Monday: 10:00AM–10:00PM | Tuesday: 10:00AM–10:00PM | Wednesday: 10:00AM–10:00PM | Thursday: 10:00AM–10:00PM | Friday: 10:00AM–10:00PM | Saturday: 10:00AM–10:00PM | Sunday: 10:30AM–10:00PM,664 76 83 38,NO,SI
Bershka,"Mercados, Perfumerías, Tiendas, Tiendas de ropa, Zapaterías","COMIDA Y BEBIDA, TIENDAS","Gran Vía, 25, Centro, 28013 Madrid, Spain","3,9",3340,—,Abierto,40.42,-3.70224,https://maps.google.com/?cid=14396312292846242737,https://www.bershka.com/es,Monday: 10:00AM–10:00PM | Tuesday: 10:00AM–10:00PM | Wednesday: 10:00AM–10:00PM | Thursday: 10:00AM–10:00PM | Friday: 10:00AM–10:00PM | Saturday: 10:00AM–10:00PM | Sunday: 10:00AM–10:00PM,913 60 49 87,NO,SI
Mundolab XXI S.L.,Hospitales,SALUD,"C. de Alberto Aguilera, 64, 1º centro, Chamberí, 28015 Madrid, Spain","3,6",85,—,Abierto,40.4307,-3.71491,https://maps.google.com/?cid=4768231019851357479,https://www.mundolab.com/,"Monday: 8:30AM–1:30PM, 4:00–8:00PM | Tuesday: 8:30AM–1:30PM, 4:00–8:00PM | Wednesday: 8:30AM–1:30PM, 4:00–8:00PM | Thursday: 8:30AM–1:30PM, 4:00–8:00PM | Friday: 8:30AM–1:30PM | Saturday: Closed | Sunday: Closed",915 47 91 11,NO,SI
Plaza de España - Terminal,Estaciones de autobús,TRANSPORTE,"Centro, 28015 Madrid, Spain",3,1,—,Abierto,40.4243,-3.71059,https://maps.google.com/?cid=14820361268927090040,,,,NO,SI
Trushi International Academy,Universidades,EDUCACIÓN,"Gran Vía, 55, Centro, 28013 Madrid, Spain",5,2,—,Abierto,40.4215,-3.70862,https://maps.google.com/?cid=5416020089515292455,http://avvocatoinspagna.info/,Monday: 9:00AM–8:00PM | Tuesday: 9:00AM–8:00PM | Wednesday: 9:00AM–8:00PM | Thursday: 9:00AM–8:00PM | Friday: 9:00AM–8:00PM | Saturday: Closed | Sunday: Closed,681 08 30 93,NO,NO
Puerta de Alcalá - Retiro,Estaciones de autobús,TRANSPORTE,"Retiro, 28001 Madrid, Spain","4,8",64,—,Abierto,40.4195,-3.68821,https://maps.google.com/?cid=5008875735792469296,,,,NO,SI
Astoria,Cafés,COMIDA Y BEBIDA,"Pl. de Santo Domingo, 9, Centro, 28013 Madrid, Spain","4,1",89,—,Abierto,40.4205,-3.70924,https://maps.google.com/?cid=14777472350196633446,,Monday: 7:30AM–7:00PM | Tuesday: 7:30AM–7:00PM | Wednesday: 7:30AM–7:00PM | Thursday: 7:30AM–7:00PM | Friday: 7:30AM–8:30PM | Saturday: 11:00AM–10:00PM | Sunday: Closed,639 91 36 86,NO,SI
Autores Café,Discotecas,LOCALES DE OCIO NOCTURNO,"C. de Campoamor, 6, Centro, 28004 Madrid, Spain","4,1",338,Barato,Abierto,40.4255,-3.69592,https://maps.google.com/?cid=12177623909633101553,https://m.facebook.com/autorescafe,Monday: Closed | Tuesday: Closed | Wednesday: Closed | Thursday: 8:00PM–3:00AM | Friday: 8:00PM–3:30AM | Saturday: 8:00PM–3:30AM | Sunday: Closed,691 08 22 65,SI,NO
Taj Indian Restaurant Madrid | Cocina Hindú,"Restaurantes, Tapas, Vegano, Vegetariano",COMIDA Y BEBIDA,"C. del Marqués de Cubas, 6, Centro, 28014 Madrid, Spain","4,1",1380,Moderado,Abierto,40.4172,-3.69563,https://maps.google.com/?cid=16828184848298425211,http://restaurantetaj.es/,"Monday: 1:00–4:00PM, 8:30–11:30PM | Tuesday: 1:00–4:00PM, 8:30–11:30PM | Wednesday: 1:00–4:00PM, 8:30–11:30PM | Thursday: 1:00–4:00PM, 8:30–11:30PM | Friday: 1:00–4:00PM, 8:30–11:30PM | Saturday: 1:00–4:00PM, 8:30–11:30PM | Sunday: 1:00–4:00PM, 8:30–11:30PM",915 21 63 27,SI,NO
Carrefour Express,Supermercados,COMIDA Y BEBIDA,"C. Imperial, 7, Centro, 28012 Madrid, Spain","3,9",134,—,Abierto,40.4144,-3.70703,https://maps.google.com/?cid=17944430243982662857,https://www.carrefour.es/tiendas-carrefour/supermercados/carrefour-express/calle-imperial-7-madrid-s.aspx,Monday: 8:30AM–11:00PM | Tuesday: 8:30AM–11:00PM | Wednesday: 8:30AM–11:00PM | Thursday: 8:30AM–11:00PM | Friday: 8:30AM–11:00PM | Saturday: 8:30AM–11:00PM | Sunday: 10:00AM–11:00PM,914 90 89 00,NO,SI
Parroquia de Nuestra Señora de los Dolores,"Basílicas, Catedrales, Conventos, Ermitas, Iglesias, Monasterios",ESPACIOS RELIGIOSOS,"C. de San Bernardo, 103, Chamberí, 28015 Madrid, Spain","4,6",192,—,Abierto,40.4312,-3.70541,https://maps.google.com/?cid=2984292530027726198,https://nuestrasenoradelosdolores.archimadrid.es/,"Monday: 7:30AM–12:45PM, 6:30–8:00PM | Tuesday: 7:30AM–12:45PM, 6:30–8:00PM | Wednesday: 7:30AM–12:45PM, 6:30–8:00PM | Thursday: 7:30AM–12:45PM, 6:30–8:00PM | Friday: 7:30AM–12:45PM, 6:30–8:00PM | Saturday: 7:30AM–12:45PM, 6:30–9:00PM | Sunday: 8:30AM–2:15PM, 6:30–9:00PM",914 45 49 22,NO,SI
MAC Cosmetics,Centros comerciales,TIENDAS,"CC El Corte Inglés Preciados, C. de Preciados, 3, Centro, 28013 Madrid, Spain","4,2",3810,—,Abierto,40.4174,-3.7047,https://maps.google.com/?cid=6361656209921938399,https://www.maccosmetics.es/stores,Monday: 10:00AM–10:00PM | Tuesday: 10:00AM–10:00PM | Wednesday: 10:00AM–10:00PM | Thursday: 10:00AM–10:00PM | Friday: 10:00AM–10:00PM | Saturday: 10:00AM–10:00PM | Sunday: 11:00AM–9:00PM,915 32 96 27,NO,SI
Escuela de Formación Profesional - Madrid,Colegios,EDUCACIÓN,"C. de Fray Ceferino González, 4, Centro, 28005 Madrid, Spain","3,5",2,—,Abierto,40.4089,-3.70603,https://maps.google.com/?cid=11155884106442174169,http://www.escueladeformacionprofesional.es/,,913 55 16 30,NO,SI
adidas Brand Center Madrid,Zapaterías,TIENDAS,"Gran Vía, 21, Centro, 28013 Madrid, Spain","4,2",2893,—,Abierto,40.4198,-3.70104,https://maps.google.com/?cid=3259942224347083737,https://go.adidas.com/ihha/11c0ab86,Monday: 10:00AM–10:00PM | Tuesday: 10:00AM–10:00PM | Wednesday: 10:00AM–10:00PM | Thursday: 10:00AM–10:00PM | Friday: 10:00AM–10:00PM | Saturday: 10:00AM–10:00PM | Sunday: 11:00AM–10:00PM,918 36 88 67,NO,SI
gimnasio el búho,Gimnasios,ESPACIOS DEPORTIVOS,"C. de San Bernardo, 84, Centro, 28015 Madrid, Spain","4,7",42,—,Abierto,40.4285,-3.70593,https://maps.google.com/?cid=4717911349481834367,http://gimnasioelbuho.com/,"Monday: 11:00AM–3:00PM, 5:00–10:00PM | Tuesday: 11:00AM–3:00PM, 5:00–10:00PM | Wednesday: 11:00AM–3:00PM, 5:00–10:00PM | Thursday: 11:00AM–3:00PM, 5:00–10:00PM | Friday: 11:00AM–3:00PM, 5:00–10:00PM | Saturday: Closed | Sunday: Closed",914 45 68 01,NO,SI
???? Lady Vicky Barbershop ???? ???? barbería en el centro de Madrid,"Piscinas, Spas",ESPACIOS DEPORTIVOS,"C. de las Minas, 14, Centro, 28004 Madrid, Spain","4,9",229,—,Abierto,40.4246,-3.70596,https://maps.google.com/?cid=3928392630414967140,https://ladyvickybarbershop.sitewebeditor.com/,Monday: Closed | Tuesday: 11:30AM–8:30PM | Wednesday: 11:30AM–8:30PM | Thursday: 11:30AM–8:30PM | Friday: 11:30AM–8:30PM | Saturday: Closed | Sunday: Closed,,NO,NO
La Causa Art Shop,Galerías de arte,CULTURA OCIO Y NATURALEZA,"C/ de Jesús del Valle, 27, Bajo Derecha, Centro, 28004 Madrid, Spain","4,9",118,—,Abierto,40.4249,-3.70363,https://maps.google.com/?cid=7834403957427601521,http://www.lacausaartshop.com/,"Monday: Closed | Tuesday: 11:00AM–2:00PM, 4:00–8:00PM | Wednesday: 11:00AM–2:00PM, 4:00–8:00PM | Thursday: 11:00AM–2:00PM, 4:00–8:00PM | Friday: 11:00AM–2:00PM, 4:00–8:00PM | Saturday: 12:00–8:00PM | Sunday: Closed",918 32 52 25,NO,SI
Embassy of Qatar,"Consulados, Embajadas",GOBIERNO,"P.º de la Castellana, 15, Chamberí, 28046 Madrid, Spain","4,1",14,—,Abierto,40.4281,-3.69019,https://maps.google.com/?cid=3652432837584372730,https://madrid.embassy.qa/es,Monday: 9:00AM–4:00PM | Tuesday: 9:00AM–4:00PM | Wednesday: 9:00AM–4:00PM | Thursday: 9:00AM–4:00PM | Friday: 9:00AM–4:00PM | Saturday: Closed | Sunday: Closed,913 10 69 26,NO,NO
Aristocrazy,Joyerías,TIENDAS,"Gran Vía, 26, Centro, 28013 Madrid, Spain","3,9",173,—,Abierto,40.4201,-3.70135,https://maps.google.com/?cid=8770884210500162272,https://www.aristocrazy.com/es/Home,Monday: 10:00AM–9:00PM | Tuesday: 10:00AM–9:00PM | Wednesday: 10:00AM–9:00PM | Thursday: 10:00AM–9:00PM | Friday: 10:00AM–9:00PM | Saturday: 10:00AM–9:00PM | Sunday: 12:00–8:00PM,914 25 80 14,NO,SI
Terapias Holisticas ETDLL,"Piscinas, Spas",ESPACIOS DEPORTIVOS,"Cuesta de Sto. Domingo, 4, nº 20, 1º, Centro, 28013 Madrid, Spain",0,0,—,Abierto,40.419,-3.70618,https://maps.google.com/?cid=2540065013724923239,,"Monday: 10:00AM–1:00PM | Tuesday: 10:00AM–1:00PM | Wednesday: 10:00AM–1:00PM | Thursday: 10:00AM–1:00PM | Friday: 10:00AM–1:00PM | Saturday: 10:00AM–1:00PM, 5:00–8:00PM | Sunday: Closed",910 26 83 69,NO,NO
TEFL Courses and Jobs in Madrid,Colegios,EDUCACIÓN,"C/ Bailén, 11, Centro, 28013 Madrid, Spain",0,0,—,Abierto,40.4201,-3.71269,https://maps.google.com/?cid=1696613102289060253,http://www.tefl-spain.com/,,600 89 42 85,NO,NO
Oysho,Tiendas de ropa,TIENDAS,"Gran Vía, 33, Centro, 28013 Madrid, Spain","4,1",605,—,Abierto,40.4201,-3.70416,https://maps.google.com/?cid=7718039938121179397,https://www.oysho.com/es/store-locator/madrid/gran-via-33-s2399,Monday: 10:00AM–10:00PM | Tuesday: 10:00AM–10:00PM | Wednesday: 10:00AM–10:00PM | Thursday: 10:00AM–10:00PM | Friday: 10:00AM–10:00PM | Saturday: 10:00AM–10:00PM | Sunday: 10:00AM–10:00PM,911 10 02 17,NO,SI
Camper Preciados Madrid,Zapaterías,TIENDAS,"C. de Preciados, 23, Centro, 28013 Madrid, Spain","4,9",831,—,Abierto,40.4192,-3.70555,https://maps.google.com/?cid=15465949809520270710,https://www.camper.com/es_ES/spain/madrid/store_shoes_c_preciados_23-T025?utm_campaign=T025&utm_medium=businessprofile&utm_source=google,Monday: 10:00AM–9:30PM | Tuesday: 10:00AM–9:30PM | Wednesday: 10:00AM–9:30PM | Thursday: 10:00AM–9:30PM | Friday: 10:00AM–9:30PM | Saturday: 10:00AM–9:30PM | Sunday: 11:00AM–9:00PM,915 31 78 97,NO,SI
HAVAIANAS Fuencarral | Chanclas & Sandalias,Zapaterías,TIENDAS,"Calle de Fuencarral, 23, Centro, 28004 Madrid, Spain","3,6",127,—,Abierto,40.4216,-3.70121,https://maps.google.com/?cid=5621710783097150414,https://www.havaianas-store.com/es/es/home?utm_medium=organic&utm_source=GMBesfuencarral,Monday: 10:00AM–9:00PM | Tuesday: 10:00AM–9:00PM | Wednesday: 10:00AM–9:00PM | Thursday: 10:00AM–9:00PM | Friday: 10:00AM–9:00PM | Saturday: 10:00AM–9:00PM | Sunday: 12:00–8:00PM,914 47 34 44,NO,SI
VERSUS,Casinos,LOCALES DE OCIO NOCTURNO,"C. de Arapiles, 11, Chamberí, 28015 Madrid, Spain",2,3,—,Abierto,40.4329,-3.70591,https://maps.google.com/?cid=16661785333720042436,https://www.versus.es/,,968 27 07 95,NO,SI
Moncloa,Centros comerciales,TIENDAS,"Calle de Fuencarral, Chamberí, 28015 Madrid, Spain",5,1,—,Abierto,40.4333,-3.70426,https://maps.google.com/?cid=7211037091802272266,,,,NO,SI
FILE AND LIBRARY FRANCISCO ZABALBURU,Bibliotecas,EDUCACIÓN,"C/ del Marqués del Duero, 7, Salamanca, 28001 Madrid, Spain",5,4,—,Abierto,40.4204,-3.69106,https://maps.google.com/?cid=7738092210533266923,http://www.archivozabalburu.com/,Monday: 10:00AM–1:30PM | Tuesday: 10:00AM–1:30PM | Wednesday: 10:00AM–1:30PM | Thursday: 10:00AM–1:30PM | Friday: 10:00AM–1:30PM | Saturday: Closed | Sunday: Closed,915 76 90 66,NO,SI
Clinic Aesthetic Medicine Genoa 10,Hospitales,SALUD,"Calle de Génova, 10, 4ª planta, Centro, 28004 Madrid, Spain","4,3",153,—,Abierto,40.4269,-3.69469,https://maps.google.com/?cid=14139932749446258324,https://www.genova10.es/,"Monday: 9:30AM–1:30PM, 4:30–8:00PM | Tuesday: 9:30AM–1:30PM, 4:30–8:00PM | Wednesday: 9:30AM–1:30PM, 4:30–8:00PM | Thursday: 9:30AM–1:30PM, 4:30–8:00PM | Friday: 9:30AM–1:30PM, 4:30–8:00PM | Saturday: Closed | Sunday: Closed",913 19 15 57,NO,SI
New York Burger | Madrid,"Restaurantes, Tapas, Vegano, Vegetariano",COMIDA Y BEBIDA,"C. de Recoletos, 4, Salamanca, 28001 Madrid, Spain","4,5",8079,Moderado,Abierto,40.4221,-3.69084,https://maps.google.com/?cid=8790654284798305391,https://newyorkburger.es/,Monday: 1:00PM–12:00AM | Tuesday: 1:00PM–12:00AM | Wednesday: 1:00PM–12:00AM | Thursday: 1:00PM–12:00AM | Friday: 1:00PM–12:00AM | Saturday: 1:00PM–12:00AM | Sunday: 1:00PM–12:00AM,914 31 84 17,SI,NO
Nacersalud,Hospitales,SALUD,"C. del Marqués del Riscal, 2, Chamberí, 28010 Madrid, Spain",0,0,—,Abierto,40.4304,-3.69233,https://maps.google.com/?cid=4242915660244910208,,,,NO,SI
Loa Bar Hawaiano,Discotecas,LOCALES DE OCIO NOCTURNO,"Pl. de Sta. Ana, 13, Centro, 28012 Madrid, Spain","4,1",2905,Barato,Abierto,40.4143,-3.70125,https://maps.google.com/?cid=242823880822286386,https://loabarhawaiano.com/,Monday: 5:00PM–3:00AM | Tuesday: 5:00PM–3:00AM | Wednesday: 5:00PM–3:00AM | Thursday: 5:00PM–3:00AM | Friday: 5:00PM–3:30AM | Saturday: 5:00PM–3:30AM | Sunday: 5:00PM–3:00AM,914 29 70 62,SI,NO
Camilo José Cela University,Universidades,EDUCACIÓN,"C. de la Alameda, 14, Centro, 28014 Madrid, Spain","2,1",19,—,Abierto,40.4113,-3.69386,https://maps.google.com/?cid=15424860508660559466,http://ucjc.edu/,,918 15 31 31,NO,NO
Hotel,"Piscinas, Restaurantes, Spas, Tapas, Vegano, Vegetariano","COMIDA Y BEBIDA, ESPACIOS DEPORTIVOS","Gran Vía, 11, Centro, 28013 Madrid, Spain","4,5",2345,—,Abierto,40.4195,-3.69958,https://maps.google.com/?cid=8061924152991546955,,,,NO,SI
Aparcamiento para bicicletas,Aparcamientos,GASOLINERAS Y APARCAMIENTOS,"C. Mayor, 10, Centro, 28013 Madrid, Spain",0,0,—,Abierto,40.4164,-3.70603,https://maps.google.com/?cid=15325277591065373211,,,,NO,NO
Baratz Servicios de Teledocumentación,Bibliotecas,EDUCACIÓN,"Gran Vía, 59, 6°, Centro, 28013 Madrid, Spain",0,0,—,Abierto,40.422,-3.70903,https://maps.google.com/?cid=1995212745554270886,https://www.baratz.es/,Monday: 8:00AM–6:30PM | Tuesday: 8:00AM–6:30PM | Wednesday: 8:00AM–6:30PM | Thursday: 8:00AM–6:30PM | Friday: 8:00AM–6:30PM | Saturday: Closed | Sunday: Closed,914 56 03 60,NO,SI
Círculo de Bellas Artes,"Cines, Galerías de arte, Montañas, Oficinas de turismo, Senderismo, Teatros","CULTURA OCIO Y NATURALEZA, ESPACIOS DEPORTIVOS, OFICINAS DE TURISMO","C. Alcalá, 42, Centro, 28014 Madrid, Spain","4,4",31827,—,Abierto,40.4183,-3.69653,https://maps.google.com/?cid=12187293092286372890,https://www.circulobellasartes.com/,"Monday: 12:00AM–2:00PM | Tuesday: 10:00AM–2:00PM, 5:00–9:00PM | Wednesday: 10:00AM–2:00PM, 5:00–9:00PM | Thursday: 10:00AM–2:00PM, 5:00PM–9:00AM | Friday: 10:00AM–2:00PM, 5:00–9:00PM | Saturday: 10:00AM–2:00PM, 5:00–9:00PM | Sunday: 5:00–9:00PM, 10:00PM–12:00AM",913 60 54 00,NO,SI
ABANUC,"Piscinas, Spas",ESPACIOS DEPORTIVOS,"Pl. de las Salesas, 10, Centro, 28004 Madrid, Spain","4,8",197,—,Abierto,40.4238,-3.695,https://maps.google.com/?cid=6362017211961602900,https://abanuc.com/,Monday: 11:00AM–8:00PM | Tuesday: 11:00AM–8:00PM | Wednesday: 11:00AM–8:00PM | Thursday: 11:00AM–8:00PM | Friday: 11:00AM–8:00PM | Saturday: 11:00AM–8:00PM | Sunday: Closed,914 21 35 78,NO,SI
Sabatini Garden,"Jardines, Parques, Parques naturales",CULTURA OCIO Y NATURALEZA,"C. de Bailén, 2, Centro, 28013 Madrid, Spain","4,5",9086,—,Cerrado temporalmente,40.4203,-3.714,https://maps.google.com/?cid=985833554452522769,http://www.madrid.es/portales/munimadrid/es/Inicio/El-Ayuntamiento/Medio-ambiente/Parques-y-jardines/Patrimonio-Verde/Parques-en-Madrid/Jardines-de-Sabatini?vgnextfmt=default&vgnextoid=20baf389ed2ee210VgnVCM1000000b205a0aRCRD&vgnextchannel=38bb1914e7d4e210VgnVCM1000000b205a0aRCRD,,915 29 82 10,NO,NO
Reproduction of the Altamira Cave,"Centros culturales, Museos",CULTURA OCIO Y NATURALEZA,"C. de Serrano, 13, Salamanca, 28001 Madrid, Spain","3,7",81,—,Abierto,40.4231,-3.68847,https://maps.google.com/?cid=17690093314345873140,http://www.man.es/man/home.html,Monday: Closed | Tuesday: 10:00AM–8:00PM | Wednesday: 10:00AM–8:00PM | Thursday: 10:00AM–8:00PM | Friday: 10:00AM–8:00PM | Saturday: 10:00AM–8:00PM | Sunday: 10:00AM–8:00PM,915 77 79 12,NO,NO
Hot,Discotecas,LOCALES DE OCIO NOCTURNO,"C. de las Infantas, 9, Centro, 28004 Madrid, Spain",4,435,Barato,Abierto,40.4209,-3.70004,https://maps.google.com/?cid=11441064236693960516,https://barhotchuecamadrid.com/,Monday: 4:00PM–3:00AM | Tuesday: 4:00PM–3:00AM | Wednesday: 4:00PM–3:00AM | Thursday: 4:00PM–3:00AM | Friday: 4:00PM–3:30AM | Saturday: 4:00PM–3:30AM | Sunday: 4:00PM–3:30AM,638 88 32 77,SI,SI
AQUABIJOUX IMP EXP SL,Joyerías,TIENDAS,"Pl. de Tirso de Molina, 14, Centro, 28012 Madrid, Spain","4,7",12,—,Abierto,40.4124,-3.70541,https://maps.google.com/?cid=14599559835900376760,,Monday: 10:00AM–5:30PM | Tuesday: 10:00AM–5:30PM | Wednesday: 10:00AM–5:30PM | Thursday: 10:00AM–5:30PM | Friday: 10:00AM–5:30PM | Saturday: 11:00AM–1:30PM | Sunday: Closed,914 29 00 98,NO,NO
Otaku Center,Librerías,TIENDAS,"Luna, 24, Centro, 28004 Madrid, Spain","4,6",5031,—,Abierto,40.4227,-3.70666,https://maps.google.com/?cid=3878100002714741271,https://www.omegacenter.es/,"Monday: 11:00AM–2:30PM, 4:00–8:30PM | Tuesday: 11:00AM–2:30PM, 4:00–8:30PM | Wednesday: 11:00AM–2:30PM, 4:00–8:30PM | Thursday: 11:00AM–2:30PM, 4:00–8:30PM | Friday: 11:00AM–2:30PM, 4:00–9:00PM | Saturday: 11:00AM–2:30PM, 4:00–9:00PM | Sunday: Closed",915 23 00 42,NO,NO
Antigua and Barbuda Embassy,"Consulados, Embajadas",GOBIERNO,"C. de Felipe IV, 7, Palacio Exterior, Retiro, 28014 Madrid, Spain",5,1,—,Abierto,40.4153,-3.69131,https://maps.google.com/?cid=11552789037557448869,https://www.embassy.ag/,Monday: 10:00AM–2:00PM | Tuesday: 10:00AM–2:00PM | Wednesday: 10:00AM–2:00PM | Thursday: 10:00AM–2:00PM | Friday: 10:00AM–2:00PM | Saturday: Closed | Sunday: Closed,914 94 19 03,NO,NO
Desigual,"Mercados, Perfumerías, Tiendas, Tiendas de ropa","COMIDA Y BEBIDA, TIENDAS","C. de Preciados, 25, Centro, 28013 Madrid, Spain","4,3",1946,—,Abierto,40.4194,-3.70574,https://maps.google.com/?cid=10818199801168380390,https://www.desigual.com/,Monday: 10:00AM–9:30PM | Tuesday: 10:00AM–9:30PM | Wednesday: 10:00AM–9:30PM | Thursday: 10:00AM–9:30PM | Friday: 10:00AM–9:30PM | Saturday: 10:00AM–9:30PM | Sunday: 11:00AM–8:30PM,915 23 24 80,NO,SI
Museo del Jamón,Cafés,COMIDA Y BEBIDA,"P.º del Prado, 44, Centro, 28014 Madrid, Spain",4,6178,Barato,Abierto,40.4102,-3.6928,https://maps.google.com/?cid=17221808167798718670,https://www.museodeljamon.com/museos/paseo-prado/,Monday: 9:00AM–11:30PM | Tuesday: 9:00AM–11:30PM | Wednesday: 9:00AM–11:30PM | Thursday: 9:00AM–11:30PM | Friday: 9:00AM–11:30PM | Saturday: 9:00AM–11:30PM | Sunday: 9:00AM–11:30PM,914 20 24 14,NO,SI
Health Center Courts,Clínicas,SALUD,"Cra de S. Jerónimo, 32, Centro, 28014 Madrid, Spain","2,8",233,—,Abierto,40.4164,-3.69914,https://maps.google.com/?cid=4936991452258670280,http://centrossanitarios.sanidadmadrid.org/RedAsistencial/DetalleAsistenciales.aspx?ID=453,Monday: 8:00AM–9:00PM | Tuesday: 8:00AM–9:00PM | Wednesday: 8:00AM–9:00PM | Thursday: 8:00AM–9:00PM | Friday: 8:00AM–9:00PM | Saturday: Closed | Sunday: Closed,913 69 04 91,NO,SI
Royal Academy of Moral and Political Sciences,Universidades,EDUCACIÓN,"Pl. de la Villa, 2, Centro, 28005 Madrid, Spain","3,9",12,—,Abierto,40.4151,-3.71021,https://maps.google.com/?cid=15051143810556416569,https://www.racmyp.es/,"Monday: 9:00AM–2:00PM | Tuesday: 9:00AM–1:00PM, 5:00–9:00PM | Wednesday: 9:00AM–2:00PM | Thursday: 9:00AM–2:00PM | Friday: 9:00AM–2:00PM | Saturday: Closed | Sunday: Closed",915 48 13 30,NO,SI
Supermercados Dia,"Panaderías, Supermercados",COMIDA Y BEBIDA,"C. de la Virgen de los Peligros, 9, Centro, 28013 Madrid, Spain","3,8",651,—,Abierto,40.4188,-3.69976,https://maps.google.com/?cid=5133588039096839319,http://www.dia.es/compra-online/,Monday: 8:30AM–10:00PM | Tuesday: 8:30AM–10:00PM | Wednesday: 8:30AM–10:00PM | Thursday: 8:30AM–10:00PM | Friday: 8:30AM–10:00PM | Saturday: 8:30AM–10:00PM | Sunday: 10:00AM–10:00PM,912 17 04 53,NO,NO
Lidl,Supermercados,COMIDA Y BEBIDA,"Rda. de Valencia, 1, Centro, 28012 Madrid, Spain","3,9",3205,—,Abierto,40.4058,-3.69952,https://maps.google.com/?cid=2487244657280479565,https://www.lidl.es/,Monday: 8:00AM–11:00PM | Tuesday: 8:00AM–11:00PM | Wednesday: 8:00AM–11:00PM | Thursday: 8:00AM–11:00PM | Friday: 8:00AM–11:00PM | Saturday: 8:00AM–11:00PM | Sunday: 9:00AM–10:00PM,900 958 311,NO,SI
Viva Gym,Gimnasios,ESPACIOS DEPORTIVOS,"Rda. de Valencia, 1, Arganzuela, 28012 Madrid, Spain","3,9",1373,—,Abierto,40.4056,-3.69948,https://maps.google.com/?cid=17363396982012073919,https://www.vivagym.com/es-es/gimnasios/madrid/capital/embajadores/?utm_source=google&utm_medium=organic&utm_campaign=gmb-embajadores-vivagym,Monday: 6:00AM–11:00PM | Tuesday: 6:00AM–11:00PM | Wednesday: 6:00AM–11:00PM | Thursday: 6:00AM–11:00PM | Friday: 6:00AM–11:00PM | Saturday: 6:00AM–11:00PM | Sunday: 6:00AM–11:00PM,,NO,SI
Garden of Salvador Bachiller,Cafés,COMIDA Y BEBIDA,"C. de la Montera, 37, Planta 3, Centro, 28013 Madrid, Spain","4,2",9149,Moderado,Abierto,40.419,-3.70226,https://maps.google.com/?cid=347508973766120263,https://www.restaurantesalvadorbachiller.es/,Monday: 11:00AM–12:00AM | Tuesday: 11:00AM–12:00AM | Wednesday: 11:00AM–12:00AM | Thursday: 11:00AM–1:00AM | Friday: 11:00AM–2:00AM | Saturday: 11:00AM–2:00AM | Sunday: 11:00AM–12:00AM,911 17 25 40,SI,SI
Lost Things Discos & Libros,Librerías,TIENDAS,"C. del Barco, 43, Centro, Centro, 28004 Madrid, Spain","4,6",131,—,Abierto,40.4233,-3.70235,https://maps.google.com/?cid=11782522886310196135,http://www.lostthingsdiscos.com/,Monday: 1:00–9:00PM | Tuesday: 1:00–9:00PM | Wednesday: Closed | Thursday: Closed | Friday: Closed | Saturday: Closed | Sunday: Closed,606 39 98 67,NO,NO
Dia Market,Supermercados,COMIDA Y BEBIDA,"C. de Martín de los Heros, 23, Moncloa - Aravaca, 28008 Madrid, Spain","3,6",362,—,Abierto,40.4254,-3.71458,https://maps.google.com/?cid=13564812170627461095,http://www.dia.es/compra-online/,Monday: 8:30AM–10:00PM | Tuesday: 8:30AM–10:00PM | Wednesday: 8:30AM–10:00PM | Thursday: 8:30AM–10:00PM | Friday: 8:30AM–10:00PM | Saturday: 8:30AM–10:00PM | Sunday: 8:30AM–10:00PM,912 17 04 53,NO,SI
Aplauso,Zapaterías,TIENDAS,"C. de la Montera, 4, Centro, 28013 Madrid, Spain","4,3",92,—,Abierto,40.4174,-3.70284,https://maps.google.com/?cid=4961414874452147860,https://aplauso.es/?utm_source=seolocal&utm_medium=business&utm_campaign=ubicacion_montera_4,Monday: 10:00AM–9:30PM | Tuesday: 10:00AM–9:30PM | Wednesday: 10:00AM–9:30PM | Thursday: 10:00AM–9:30PM | Friday: 10:00AM–9:30PM | Saturday: 10:00AM–9:30PM | Sunday: 11:00AM–9:00PM,915 32 80 07,NO,SI
CHA CHÁ The Club Madrid,Discotecas,LOCALES DE OCIO NOCTURNO,"C. Alcalá, 20, Centro, 28014 Madrid, Spain","3,3",216,Moderado,Abierto,40.4176,-3.69899,https://maps.google.com/?cid=10176159591601541015,,Monday: Closed | Tuesday: Closed | Wednesday: Closed | Thursday: Closed | Friday: 12:00–6:00AM | Saturday: Closed | Sunday: Closed,,SI,NO
Hotel Infantas by Mij,"Albergues, Apartamentos turísticos, Campos de golf, Hostales, Hoteles, Templos budistas","ALOJAMIENTOS, ESPACIOS DEPORTIVOS, ESPACIOS RELIGIOSOS","C. de las Infantas, 29, Centro, 28004 Madrid, Spain","4,2",849,—,Abierto,40.4201,-3.69705,https://maps.google.com/?cid=14986758677336588356,https://www.sohohoteles.com/hotel-itc-infantas-by-soho-boutique-4/,Monday: Open 24 hours | Tuesday: Open 24 hours | Wednesday: Open 24 hours | Thursday: Open 24 hours | Friday: Open 24 hours | Saturday: Open 24 hours | Sunday: Open 24 hours,915 21 66 88,NO,SI
Intimissimi,Tiendas de ropa,TIENDAS,"Cl. de Ayala, 13, Salamanca, 28001 Madrid, Spain","3,9",96,—,Abierto,40.4279,-3.68661,https://maps.google.com/?cid=303449506703981509,https://www.intimissimi.com/world/stores?utm_medium=organic&utm_source=google&utm_campaign=local&utm_term=ES-IZ91&y_source=1_MTQ4NzEwMzMtNzE1LWxvY2F0aW9uLndlYnNpdGU%3D,Monday: 10:00AM–9:00PM | Tuesday: 10:00AM–9:00PM | Wednesday: 10:00AM–9:00PM | Thursday: 10:00AM–9:00PM | Friday: 10:00AM–9:00PM | Saturday: 10:00AM–9:00PM | Sunday: 12:00–8:00PM,915 78 98 13,NO,SI
Casa Labra,"Bares, Cervecerías, Coctelerías","COMIDA Y BEBIDA, LOCALES DE OCIO NOCTURNO","C. de Tetuán, 12, Centro, 28013 Madrid, Spain","4,4",14536,Barato,Abierto,40.4171,-3.70459,https://maps.google.com/?cid=17281916736630592849,http://www.casalabra.es/,"Monday: 11:30AM–3:30PM, 6:30–10:30PM | Tuesday: 11:30AM–3:30PM, 6:30–10:30PM | Wednesday: 11:30AM–3:30PM, 6:30–10:30PM | Thursday: 11:30AM–3:30PM, 6:30–10:30PM | Friday: 11:30AM–3:30PM, 6:30–10:30PM | Saturday: 11:30AM–3:30PM, 6:30–10:30PM | Sunday: 11:30AM–3:30PM, 6:30–10:30PM",915 31 06 16,NO,NO
Joy Eslava Madrid,Discotecas,LOCALES DE OCIO NOCTURNO,"C. del Arenal, 11, Centro, 28013 Madrid, Spain","3,9",5945,Caro,Abierto,40.4171,-3.70656,https://maps.google.com/?cid=691311073431440520,https://teatroeslava.com/,Monday: Closed | Tuesday: Closed | Wednesday: Closed | Thursday: 12:00–5:30AM | Friday: 12:00–6:00AM | Saturday: 12:00–6:00AM | Sunday: Closed,,SI,SI
Discoteca Azúcar,Discotecas,LOCALES DE OCIO NOCTURNO,"C. de Atocha, 107, Centro, 28012 Madrid, Spain","3,8",526,Barato,Abierto,40.4106,-3.69514,https://maps.google.com/?cid=9425307189484778345,http://www.azucarsalsadisco.com/,Monday: Closed | Tuesday: Closed | Wednesday: 11:00PM–6:00AM | Thursday: 11:00PM–5:30AM | Friday: 11:30PM–6:00AM | Saturday: 11:30PM–6:00AM | Sunday: Closed,690 79 33 31,SI,NO
Room Mate Oscar Hotel,"Albergues, Apartamentos turísticos, Campos de golf, Hostales, Hoteles, Templos budistas","ALOJAMIENTOS, ESPACIOS DEPORTIVOS, ESPACIOS RELIGIOSOS","Pl. de Pedro Zerolo, 12, Centro, 28004 Madrid, Spain","4,5",3385,—,Abierto,40.4206,-3.699,https://maps.google.com/?cid=15096104970530943101,https://room-matehotels.com/gb/hotel-oscar-madrid/?utm_source=google&utm_medium=organic&utm_campaign=google-my-business-oscar,Monday: Open 24 hours | Tuesday: Open 24 hours | Wednesday: Open 24 hours | Thursday: Open 24 hours | Friday: Open 24 hours | Saturday: Open 24 hours | Sunday: Open 24 hours,917 01 11 73,NO,SI
Facultad de Literatura Cristiana y Clásica San Justino de la Universidad Eclesia,Universidades,EDUCACIÓN,"C. de San Buenaventura, 9, Centro, 28005 Madrid, Spain",5,2,—,Abierto,40.4118,-3.71554,https://maps.google.com/?cid=1894433940404640831,http://www.sandamaso.es/,,913 64 44 91,NO,SI
Jugar Bien,Colegios,EDUCACIÓN,"C. de Atocha, 3, Centro, 28012 Madrid, Spain",0,0,—,Cerrado temporalmente,40.4147,-3.70529,https://maps.google.com/?cid=13388556759317740754,,,915 71 40 80,NO,NO
Carrefour Express,Supermercados,COMIDA Y BEBIDA,"C. de Gravina, 13, Centro, 28004 Madrid, Spain","3,9",176,—,Abierto,40.4229,-3.69718,https://maps.google.com/?cid=12578819470186047507,https://www.carrefour.es/tiendas-carrefour/supermercados/carrefour-express/carrefour_express_calle_gravina.aspx,Monday: 9:00AM–10:00PM | Tuesday: 9:00AM–10:00PM | Wednesday: 9:00AM–10:00PM | Thursday: 9:00AM–10:00PM | Friday: 9:00AM–10:00PM | Saturday: 9:00AM–10:00PM | Sunday: 10:00AM–10:00PM,914 90 89 00,NO,SI
Club 33,Discotecas,LOCALES DE OCIO NOCTURNO,"C. de la Cabeza, 33, Centro, 28012 Madrid, Spain","3,8",1187,Moderado,Abierto,40.412,-3.70107,https://maps.google.com/?cid=4840729264217534456,http://club33madrid.es/,Monday: Closed | Tuesday: Closed | Wednesday: Closed | Thursday: 11:30PM–5:30AM | Friday: 11:30PM–6:00AM | Saturday: 11:30PM–6:00AM | Sunday: Closed,913 69 33 02,NO,NO
Fernán Gómez Centro Cultural de la Villa,"Montañas, Oficinas de turismo, Senderismo","CULTURA OCIO Y NATURALEZA, ESPACIOS DEPORTIVOS, OFICINAS DE TURISMO","Pl. de Colón, 4, Salamanca, 28001 Madrid, Spain","4,5",5399,—,Abierto,40.4249,-3.68986,https://maps.google.com/?cid=228028904252655809,https://www.teatrofernangomez.es/,Monday: Closed | Tuesday: 10:00AM–9:00PM | Wednesday: 10:00AM–9:00PM | Thursday: 10:00AM–9:00PM | Friday: 10:00AM–9:00PM | Saturday: 10:00AM–9:00PM | Sunday: 10:00AM–9:00PM,914 36 25 40,NO,SI
History Museum of Madrid,"Centros culturales, Montañas, Museos, Oficinas de turismo, Senderismo","CULTURA OCIO Y NATURALEZA, ESPACIOS DEPORTIVOS, OFICINAS DE TURISMO","Calle de Fuencarral, 78, Centro, 28004 Madrid, Spain","4,5",9840,—,Abierto,40.4257,-3.70066,https://maps.google.com/?cid=3281938501305616771,https://www.madrid.es/portales/munimadrid/es/Inicio/Cultura-ocio-y-deporte/Cultura-y-ocio/Museo-de-Historia-de-Madrid?vgnextfmt=default&vgnextoid=ab18a1ead63ab010VgnVCM100000d90ca8c0RCRD&vgnextchannel=c937f073808fe410VgnVCM2000000c205a0aRCRD,Monday: Closed | Tuesday: 10:00AM–7:00PM | Wednesday: 10:00AM–7:00PM | Thursday: 10:00AM–7:00PM | Friday: 10:00AM–7:00PM | Saturday: 10:00AM–7:00PM | Sunday: 10:00AM–7:00PM,917 01 18 63,NO,SI
Story Bookstore,Librerías,TIENDAS,"P.º de Sta. María de la Cabeza, 33, Arganzuela, 28045 Madrid, Spain","4,9",323,—,Abierto,40.404,-3.69623,https://maps.google.com/?cid=9281258602299839327,http://www.decuento.es/,"Monday: 10:00AM–2:00PM, 5:00–8:30PM | Tuesday: 10:00AM–2:00PM, 5:00–8:30PM | Wednesday: 10:00AM–2:00PM, 5:00–8:30PM | Thursday: 10:00AM–2:00PM, 5:00–8:30PM | Friday: 10:00AM–2:00PM, 5:00–8:30PM | Saturday: 10:00AM–2:00PM, 5:00–8:30PM | Sunday: Closed",912 22 48 30,NO,NO
"Ana de la Cerda (pintora porcelana, retratista, acuarela...)",Galerías de arte,CULTURA OCIO Y NATURALEZA,"C. de Moreto, 7, Retiro, 28014 Madrid, Spain",5,1,—,Abierto,40.4142,-3.69019,https://maps.google.com/?cid=1784203943098476064,http://www.anadelacerda.com/,Monday: 9:00AM–7:00PM | Tuesday: 9:00AM–7:00PM | Wednesday: 9:00AM–7:00PM | Thursday: 9:00AM–7:00PM | Friday: 9:00AM–7:00PM | Saturday: Closed | Sunday: Closed,626 43 93 08,NO,NO
Academia Paraninfo,"Colegios, Universidades",EDUCACIÓN,"Calle de la Princesa, 70, 1 planta, Chamberí, 28008 Madrid, Spain","4,5",309,—,Abierto,40.4317,-3.71667,https://maps.google.com/?cid=16852108678062711085,https://www.paraninfo.com/,Monday: 9:00AM–9:00PM | Tuesday: 9:00AM–9:00PM | Wednesday: 9:00AM–9:00PM | Thursday: 9:00AM–9:00PM | Friday: 9:00AM–9:00PM | Saturday: 9:00AM–2:00PM | Sunday: Closed,915 43 31 39,NO,NO
Dr. Javier de la Cruz Conejo,Hospitales,SALUD,"C. de los Relatores, 1, 2ª Izda, Centro, 28012 Madrid, Spain",0,0,—,Abierto,40.4136,-3.70284,https://maps.google.com/?cid=17466743136351315933,https://www.topdoctors.es/doctor/javier-de-la-cruz-conejo,Monday: 9:00AM–5:00PM | Tuesday: 9:00AM–5:00PM | Wednesday: 9:00AM–5:00PM | Thursday: 9:00AM–5:00PM | Friday: 9:00AM–5:00PM | Saturday: Closed | Sunday: Closed,912 05 37 59,NO,SI
Centro enfermedades y especialidades neurologicas Dr Molina Arjona,Hospitales,SALUD,"C/ de Emilio Carrere, 7, Chamberí, 28015 Madrid, Spain","3,3",26,—,Abierto,40.431,-3.70987,https://maps.google.com/?cid=9147276781711387184,http://www.cen-molina-arjona.com/,Monday: 3:30–8:30PM | Tuesday: 3:30–8:30PM | Wednesday: 3:30–8:30PM | Thursday: 3:30–8:30PM | Friday: 3:30–8:30PM | Saturday: Closed | Sunday: Closed,914 46 60 89,NO,NO
FARMACIA PEREZ - MONTE,Farmacias,SALUD,"C. de Embajadores, 41, Centro, 28012 Madrid, Spain","3,8",34,—,Abierto,40.4078,-3.70395,https://maps.google.com/?cid=9571620783822107653,,Monday: 9:00AM–9:00PM | Tuesday: 9:00AM–9:00PM | Wednesday: 9:00AM–9:00PM | Thursday: 9:00AM–9:00PM | Friday: 9:00AM–9:00PM | Saturday: 9:30AM–3:00PM | Sunday: Closed,915 28 34 38,NO,SI
Barbour Jorge Juan,Tiendas de ropa,TIENDAS,"C. de Jorge Juan, 5, Salamanca, 28001 Madrid, Spain","3,9",129,—,Abierto,40.4241,-3.68734,https://maps.google.com/?cid=12327607331439331939,http://www.iliketobuy.es/,Monday: 10:00AM–9:00PM | Tuesday: 10:00AM–9:00PM | Wednesday: 10:00AM–9:00PM | Thursday: 10:00AM–9:00PM | Friday: 10:00AM–9:00PM | Saturday: 10:00AM–9:00PM | Sunday: 12:00–8:00PM,915 75 71 10,NO,NO
Farmacia López Vicente,Farmacias,SALUD,"Gran Vía, 26, Centro, 28013 Madrid, Spain",4,152,—,Abierto,40.4201,-3.70131,https://maps.google.com/?cid=5724443402596341167,http://www.farmacialopezvicente.com/,Monday: 9:30AM–9:30PM | Tuesday: 9:30AM–9:30PM | Wednesday: 9:30AM–9:30PM | Thursday: 9:30AM–9:30PM | Friday: 9:30AM–9:30PM | Saturday: 9:30AM–9:30PM | Sunday: 9:30AM–9:30PM,915 21 31 48,NO,SI
Sevilla,Estaciones de metro,TRANSPORTE,"Centro, 28014 Madrid, Spain","4,2",187,—,Abierto,40.4179,-3.69933,https://maps.google.com/?cid=15192080190795070298,,,,NO,SI
Restaurante Casa Ecuador,Cafés,COMIDA Y BEBIDA,"C. de Murcia, 5, Arganzuela, 28045 Madrid, Spain","3,9",2452,Moderado,Abierto,40.4055,-3.69437,https://maps.google.com/?cid=8493692472732781662,,Monday: Closed | Tuesday: 9:30AM–11:30PM | Wednesday: 9:30AM–11:30PM | Thursday: 9:30AM–11:30PM | Friday: 9:30AM–11:30PM | Saturday: 9:30AM–11:30PM | Sunday: 9:30AM–11:30PM,915 28 19 60,SI,SI
Kapital,Discotecas,LOCALES DE OCIO NOCTURNO,"C. de Atocha, 125, Centro, 28012 Madrid, Spain","3,7",9570,Caro,Abierto,40.4097,-3.6931,https://maps.google.com/?cid=4634363479811264116,http://www.teatrokapital.com/,Monday: Closed | Tuesday: Closed | Wednesday: 11:00PM–5:30AM | Thursday: 11:00PM–5:30AM | Friday: 11:00PM–5:30AM | Saturday: 11:00PM–6:00AM | Sunday: 11:00PM–5:30AM,914 20 29 06,SI,SI
Ra del Rey,Galerías de arte,CULTURA OCIO Y NATURALEZA,"C. de la Reina, 11, Centro, 28004 Madrid, Spain","4,5",62,—,Abierto,40.4203,-3.70012,https://maps.google.com/?cid=5204343417010852300,http://www.radelrey.com/,"Monday: Closed | Tuesday: 6:00–9:00PM | Wednesday: 12:00–2:00PM, 6:00–9:00PM | Thursday: 12:00–2:00PM, 6:00–9:00PM | Friday: 12:00–2:00PM, 6:00–9:00PM | Saturday: 12:00–2:00PM | Sunday: Closed",915 22 31 20,NO,SI
Gobierno de España Sede,Universidades,EDUCACIÓN,"C. de la Virgen de los Peligros, 14, Centro, 28013 Madrid, Spain",0,0,—,Abierto,40.419,-3.69952,https://maps.google.com/?cid=16925705235127929606,,,,NO,SI
Mezquita de Lavapiés,Mezquitas,ESPACIOS RELIGIOSOS,"C. del Sombrerete, 26, Centro, 28012 Madrid, Spain","4,5",33,—,Abierto,40.4084,-3.70382,https://maps.google.com/?cid=17750571138667014389,,,,NO,NO
TAIO doyo,Gimnasios,ESPACIOS DEPORTIVOS,"C. de Sta. Ana, 6, Centro, 28005 Madrid, Spain","4,8",19,—,Abierto,40.41,-3.70816,https://maps.google.com/?cid=5636906654071673430,http://www.taio.es/,Monday: 9:00AM–10:00PM | Tuesday: 9:00AM–10:00PM | Wednesday: 9:00AM–10:00PM | Thursday: 9:00AM–10:00PM | Friday: 9:00AM–10:00PM | Saturday: 9:00AM–10:00PM | Sunday: 9:00AM–10:00PM,622 63 33 74,NO,NO
Library Museo Nacional Centro de Arte Reina Sofía,Bibliotecas,EDUCACIÓN,"Rda. de Atocha, 2, Centro, 28012 Madrid, Spain","3,8",251,—,Abierto,40.4074,-3.69471,https://maps.google.com/?cid=13399053022120517808,https://www.museoreinasofia.es/biblioteca-centro-documentacion,Monday: 9:00AM–9:00PM | Tuesday: 9:00AM–9:00PM | Wednesday: 9:00AM–9:00PM | Thursday: 9:00AM–9:00PM | Friday: 9:00AM–9:00PM | Saturday: Closed | Sunday: Closed,917 74 10 00,NO,SI
Dra. Elena Rita Corton Carro,Clínicas,SALUD,"Gran Vía, 67, Centro, 28013 Madrid, Spain",5,9,—,Abierto,40.4226,-3.71013,https://maps.google.com/?cid=13146777193047166764,,,915 47 49 40,NO,SI
Cervecería 100 Montaditos,"Bares, Cervecerías, Coctelerías","COMIDA Y BEBIDA, LOCALES DE OCIO NOCTURNO","C. de la Montera, 34, Centro, 28013 Madrid, Spain","4,1",12593,Barato,Abierto,40.419,-3.7018,https://maps.google.com/?cid=4795528009573616462,https://spain.100montaditos.com/,Monday: 10:00AM–12:30AM | Tuesday: 10:00AM–12:30AM | Wednesday: 10:00AM–12:30AM | Thursday: 10:00AM–12:30AM | Friday: 10:00AM–12:30AM | Saturday: 10:00AM–12:30AM | Sunday: 10:00AM–12:30AM,913 51 90 01,NO,SI
Plaza de San Martín,Centros comerciales,TIENDAS,"Pl. de San Martín, Centro, 28013 Madrid, Spain","4,3",268,—,Abierto,40.4184,-3.70679,https://maps.google.com/?cid=9127715714874928518,,Monday: Open 24 hours | Tuesday: Open 24 hours | Wednesday: Open 24 hours | Thursday: Open 24 hours | Friday: Open 24 hours | Saturday: Open 24 hours | Sunday: Open 24 hours,,NO,SI
Farmacia Herrera,Farmacias,SALUD,"P.º de la Ermita del Santo, 16, Latina, 28011 Madrid, Spain","4,8",54,—,Abierto,40.4113,-3.72359,https://maps.google.com/?cid=497652759537627130,http://www.mifarmacia365.es/,"Monday: 9:00AM–2:00PM, 5:00–9:00PM | Tuesday: 9:00AM–2:00PM, 5:00–9:00PM | Wednesday: 9:00AM–2:00PM, 5:00–9:00PM | Thursday: 9:00AM–2:00PM, 5:00–9:00PM | Friday: 9:00AM–2:00PM, 5:00–9:00PM | Saturday: 10:00AM–2:30PM | Sunday: Closed",914 64 10 78,NO,SI
Fire land,Librerías,TIENDAS,"Tr.ª del Conde Duque, 3, Centro, 28015 Madrid, Spain","4,4",361,—,Abierto,40.4257,-3.7097,https://maps.google.com/?cid=15503891334659555244,http://tierradefuego.es/,"Monday: 10:00AM–2:00PM, 4:00–8:00PM | Tuesday: 10:00AM–2:00PM, 4:00–8:00PM | Wednesday: 10:00AM–2:00PM, 4:00–8:00PM | Thursday: 10:00AM–2:00PM, 4:00–8:00PM | Friday: 10:00AM–2:00PM, 4:00–8:00PM | Saturday: Closed | Sunday: Closed",915 21 52 40,NO,NO
Helvetia Clinica S.L.,Clínicas,SALUD,"C. de Recoletos, Salamanca, 28001 Madrid, Spain",0,0,—,Cerrado temporalmente,40.4222,-3.69103,https://maps.google.com/?cid=18207779484523947278,https://www.helvetiaclinica.es/,,619 12 37 84,NO,NO
Carrefour Express,Supermercados,COMIDA Y BEBIDA,"C. del Humilladero, 25, Centro, 28005 Madrid, Spain","3,5",278,—,Abierto,40.4092,-3.71015,https://maps.google.com/?cid=12378852906364317207,https://www.carrefour.es/tiendas-carrefour/supermercados/carrefour-express/calle-humilladero-25-madrid-s.aspx,Monday: 8:00AM–11:00PM | Tuesday: 8:00AM–11:00PM | Wednesday: 8:00AM–11:00PM | Thursday: 8:00AM–11:00PM | Friday: 8:00AM–12:00AM | Saturday: 8:00AM–12:00AM | Sunday: 10:00AM–12:00AM,914 90 89 00,NO,SI
Centro Deportivo Municipal Marqués de Samaranch,Gimnasios,ESPACIOS DEPORTIVOS,"P.º Imperial, 20, Arganzuela, 28005 Madrid, Spain","3,9",1795,—,Abierto,40.4075,-3.71739,https://maps.google.com/?cid=4725922246129689794,http://www.madrid.es/portales/munimadrid/es/Inicio/El-Ayuntamiento/Deportes/Equipamientos-deportivos/Centros-deportivos-/Deportes/Badminton/Centro-Deportivo-Municipal-Marques-de-Samaranch?vgnextfmt=default&vgnextoid=6b00e8ae8d81c010VgnVCM1000000b205a0aRCRD&vgnextchannel=c37f5e409de46310VgnVCM2000000c205a0aRCRD,Monday: 7:30AM–11:30PM | Tuesday: 7:30AM–11:30PM | Wednesday: 7:30AM–11:30PM | Thursday: 7:30AM–11:30PM | Friday: 7:30AM–11:30PM | Saturday: 9:00AM–2:30PM | Sunday: 9:00AM–2:30PM,914 22 03 44,NO,SI
DLRO Live,Discotecas,LOCALES DE OCIO NOCTURNO,"C. de Pelayo, 59, Centro, 28004 Madrid, Spain","3,9",698,Moderado,Abierto,40.4249,-3.69688,https://maps.google.com/?cid=1107236860694176798,http://www.deliriochueca.com/,Monday: 12:00–5:30AM | Tuesday: 12:00–5:30AM | Wednesday: 12:00–5:30AM | Thursday: 12:00–5:30AM | Friday: 12:00–6:00AM | Saturday: 12:00–6:00AM | Sunday: 12:00–5:30AM,913 19 53 02,NO,NO
Minimarket Plaza España,Supermercados,COMIDA Y BEBIDA,"Plaza Conde de Toreno, 2, Centro, 28015 Madrid, Spain",4,9,—,Abierto,40.4245,-3.70945,https://maps.google.com/?cid=188916782314205282,,Monday: 10:00AM–12:00AM | Tuesday: 10:00AM–12:00AM | Wednesday: 10:00AM–12:00AM | Thursday: 10:00AM–12:00AM | Friday: 10:00AM–12:00AM | Saturday: 10:00AM–12:00AM | Sunday: 12:00PM–12:00AM,,NO,NO
Palacio Real,Estaciones de autobús,TRANSPORTE,"Centro, 28005 Madrid, Spain",4,4,—,Abierto,40.4147,-3.71365,https://maps.google.com/?cid=17958263917355604162,,,,NO,NO
Berlín Cabaret,Discotecas,LOCALES DE OCIO NOCTURNO,"Costanilla de San Pedro, 11, Centro, 28005 Madrid, Spain","3,3",1159,Moderado,Abierto,40.4123,-3.71066,https://maps.google.com/?cid=17107491016349705063,http://www.berlincabaret.com/,Monday: Closed | Tuesday: Closed | Wednesday: Closed | Thursday: Closed | Friday: 10:00PM–6:00AM | Saturday: 5:30PM–6:00AM | Sunday: 5:30PM–4:00AM,630 52 23 35,NO,NO
Ozymandias,Librerías,TIENDAS,"C. de las Fuentes, 6, Centro, 28013 Madrid, Spain","3,5",29,—,Abierto,40.417,-3.70865,https://maps.google.com/?cid=14182675621383712662,,"Monday: 10:30AM–2:00PM, 5:00–8:00PM | Tuesday: 10:30AM–2:00PM, 5:00–8:00PM | Wednesday: 10:30AM–2:00PM, 5:00–8:00PM | Thursday: 10:30AM–2:00PM, 5:00–8:00PM | Friday: 10:30AM–2:00PM, 5:30–8:00PM | Saturday: 11:00AM–2:00PM | Sunday: Closed",915 42 26 99,NO,NO
Servicios de impresión y diseño gráfico,"Centros culturales, Museos",CULTURA OCIO Y NATURALEZA,"C. de los Relatores, 4, Centro, 28012 Madrid, Spain",5,1,—,Abierto,40.4135,-3.70307,https://maps.google.com/?cid=10745070662908877778,https://www.workcenter.es/servicio-diseno-grafico/,Monday: 9:00AM–9:00PM | Tuesday: 9:00AM–9:00PM | Wednesday: 9:00AM–9:00PM | Thursday: 9:00AM–9:00PM | Friday: 9:00AM–9:00PM | Saturday: Closed | Sunday: Closed,613 60 84 62,NO,NO
DUNKIN´,"Cafés, Panaderías",COMIDA Y BEBIDA,"Pl. del Emperador Carlos V, 10, Centro, 28012 Madrid, Spain","3,7",1312,Barato,Abierto,40.4089,-3.69262,https://maps.google.com/?cid=15574082888909085462,https://www.dunkin.es/?utm_source=G&utm_medium=&utm_campaign=google-local,Monday: 7:30AM–10:00PM | Tuesday: 7:30AM–10:00PM | Wednesday: 7:30AM–10:00PM | Thursday: 7:30AM–10:00PM | Friday: 7:30AM–10:30PM | Saturday: 8:00AM–10:30PM | Sunday: 8:00AM–10:00PM,915 27 77 94,NO,NO
Aparcamiento [P] Serrano Retiro,Aparcamientos,GASOLINERAS Y APARCAMIENTOS,"C. Alcalá, 73, Salamanca, 28001 Madrid, Spain",4,335,—,Abierto,40.4204,-3.68745,https://maps.google.com/?cid=4574912196762127023,http://www.serranopark.es/,Monday: Open 24 hours | Tuesday: Open 24 hours | Wednesday: Open 24 hours | Thursday: Open 24 hours | Friday: Open 24 hours | Saturday: Open 24 hours | Sunday: Open 24 hours,914 36 20 85,NO,SI
Galería Materna y Herencia,Galerías de arte,CULTURA OCIO Y NATURALEZA,"Ruiz de Alarcón, 27, Local, Retiro, 28014 Madrid, Spain","4,3",21,—,Abierto,40.4128,-3.69135,https://maps.google.com/?cid=12144634557029808078,http://www.maternayherencia.com/,"Monday: Closed | Tuesday: 12:00–2:00PM, 6:00–9:00PM | Wednesday: 12:00–2:00PM, 6:00–9:00PM | Thursday: 12:00–2:00PM, 6:00–9:00PM | Friday: 12:00–2:00PM, 6:00–9:00PM | Saturday: 12:00–2:00PM | Sunday: 12:00–2:00PM",658 45 36 10,NO,NO
Hostal Mayrit,"Cines, Teatros",CULTURA OCIO Y NATURALEZA,"C. del Arenal, 24, Centro, 28013 Madrid, Spain",4,6,—,Abierto,40.4177,-3.70787,https://maps.google.com/?cid=1954547035787660759,http://www.hostalmayrit.com/,,915 48 04 03,NO,NO
Hostal Ivor,"Cines, Teatros",CULTURA OCIO Y NATURALEZA,"C. del Arenal, 24, Centro, 28013 Madrid, Spain","4,3",254,—,Abierto,40.4176,-3.70788,https://maps.google.com/?cid=12864561572114133510,http://www.hostalivor.com/,,915 48 04 03,NO,NO
Plaza de España,Estaciones de metro,TRANSPORTE,"Centro, 28013 Madrid, Spain","4,3",442,—,Abierto,40.4236,-3.71095,https://maps.google.com/?cid=2833181117301036815,,,,NO,SI
Visionlab,Aparcamientos,GASOLINERAS Y APARCAMIENTOS,"C. de Preciados, 27, Centro, 28013 Madrid, Spain","4,2",311,—,Abierto,40.4195,-3.70608,https://maps.google.com/?cid=7237062128385784774,http://bit.ly/2qoXgDC,Monday: 9:30AM–9:00PM | Tuesday: 9:30AM–9:00PM | Wednesday: 9:30AM–9:00PM | Thursday: 9:30AM–9:00PM | Friday: 9:30AM–9:00PM | Saturday: 11:30AM–8:00PM | Sunday: 9:30AM–9:00PM,915 32 89 76,NO,SI
ZENEDHU WELLNESS - Centro de Yuanshi Shiatsu Y Terapias Energéticas,"Piscinas, Spas",ESPACIOS DEPORTIVOS,"C. de la Cabeza, 15, 2º, Centro, 28012 Madrid, Spain",4,14,—,Cerrado temporalmente,40.4119,-3.70292,https://maps.google.com/?cid=3144198202120410640,,,652 87 58 60,NO,NO
The Goma,Galerías de arte,CULTURA OCIO Y NATURALEZA,"Calle del Dr. Fourquet, 4, Bajo, Centro, 28012 Madrid, Spain","4,3",22,—,Abierto,40.409,-3.69556,https://maps.google.com/?cid=11778413108195933384,http://www.thegoma.com/,"Monday: Closed | Tuesday: 11:00AM–2:00PM, 4:30–8:30PM | Wednesday: 11:00AM–2:00PM, 4:30–8:30PM | Thursday: 11:00AM–2:00PM, 4:30–8:30PM | Friday: 11:00AM–2:00PM, 4:30–8:30PM | Saturday: 11:00AM–2:00PM | Sunday: Closed",918 28 71 16,NO,NO
Carrefour Express,Supermercados,COMIDA Y BEBIDA,"C/ de Magallanes, 15, Chamberí, 28015 Madrid, Spain","3,8",174,—,Abierto,40.4346,-3.70582,https://maps.google.com/?cid=7853450217216913619,https://www.carrefour.es/tiendas-carrefour/supermercados/carrefour-express/magallanes_-_s.aspx,Monday: 9:00AM–10:00PM | Tuesday: 9:00AM–10:00PM | Wednesday: 9:00AM–10:00PM | Thursday: 9:00AM–10:00PM | Friday: 9:00AM–10:00PM | Saturday: 9:00AM–10:00PM | Sunday: 10:00AM–10:00PM,914 90 89 00,NO,SI
Museo de San Isidro. Los Orígenes de Madrid,"Centros culturales, Montañas, Museos, Oficinas de turismo, Senderismo","CULTURA OCIO Y NATURALEZA, ESPACIOS DEPORTIVOS, OFICINAS DE TURISMO","Pl. de San Andrés, 2, Centro, 28005 Madrid, Spain","4,6",3648,—,Abierto,40.412,-3.71086,https://maps.google.com/?cid=4634181311871988761,https://www.madrid.es/portales/munimadrid/es/Inicio/Cultura-ocio-y-deporte/Cultura-y-ocio/Museo-de-San-Isidro-Los-origenes-de-Madrid?vgnextfmt=default&vgnextoid=203153a9b458b010VgnVCM100000d90ca8c0RCRD&vgnextchannel=c937f073808fe410VgnVCM2000000c205a0aRCRD,Monday: Closed | Tuesday: 10:00AM–7:00PM | Wednesday: 10:00AM–7:00PM | Thursday: 10:00AM–7:00PM | Friday: 10:00AM–7:00PM | Saturday: 10:00AM–7:00PM | Sunday: 10:00AM–7:00PM,913 66 74 15,NO,SI
Farmacia Calatrava,Farmacias,SALUD,"Ronda de Toledo, 28, Arganzuela, 28005 Madrid, Spain","3,8",34,—,Abierto,40.4053,-3.70547,https://maps.google.com/?cid=4231494211372051523,https://farmaciarondadetoledo28.es/,Monday: 9:30AM–9:30PM | Tuesday: 9:30AM–9:30PM | Wednesday: 9:30AM–9:30PM | Thursday: 9:30AM–9:30PM | Friday: 9:30AM–9:30PM | Saturday: 9:30AM–3:00PM | Sunday: 9:30AM–3:00PM,914 68 31 95,NO,SI
MotoParking,Aparcamientos,GASOLINERAS Y APARCAMIENTOS,"Pl. de la Cebada, s/n, Centro, 28005 Madrid, Spain",0,0,—,Abierto,40.4112,-3.70981,https://maps.google.com/?cid=1592685553439228655,,,,NO,NO
City Pilates,Gimnasios,ESPACIOS DEPORTIVOS,"Calle de Ruiz, 27, Chamberí, 28010 Madrid, Spain","4,7",30,—,Abierto,40.4296,-3.70374,https://maps.google.com/?cid=12213517571217025862,http://www.city-pilates.com/,Monday: 9:00AM–9:30PM | Tuesday: 9:00AM–9:30PM | Wednesday: 9:00AM–9:30PM | Thursday: 9:00AM–9:30PM | Friday: 9:00AM–7:00PM | Saturday: 10:00AM–2:00PM | Sunday: Closed,628 72 02 25,NO,NO
Centro de Documentación de las Artes Escénicas y de la Música,Bibliotecas,EDUCACIÓN,"C. de Alfonso XII, 3-5, edificio B, Retiro, 28014 Madrid, Spain","3,9",14,—,Abierto,40.409,-3.68709,https://maps.google.com/?cid=16134875221904656615,http://cdaem.mcu.es/,Monday: 9:00AM–2:00PM | Tuesday: 9:00AM–2:00PM | Wednesday: 9:00AM–2:00PM | Thursday: 9:00AM–2:00PM | Friday: 9:00AM–2:00PM | Saturday: Closed | Sunday: Closed,913 53 39 41,NO,SI
RETIRO Park,"Jardines, Parques, Parques naturales",CULTURA OCIO Y NATURALEZA,"C. de las Huertas, 53, Centro, Centro, 28014 Madrid, Spain","4,7",3,—,Abierto,40.4133,-3.69664,https://maps.google.com/?cid=3537042760541541930,,,,NO,NO
Lush,"Piscinas, Spas",ESPACIOS DEPORTIVOS,"C. del Carmen, 24, Centro, 28013 Madrid, Spain","4,7",4860,—,Abierto,40.4189,-3.70477,https://maps.google.com/?cid=3192931161460607630,https://www.lush.com/es/es,Monday: 10:00AM–9:00PM | Tuesday: 10:00AM–9:00PM | Wednesday: 10:00AM–9:00PM | Thursday: 10:00AM–9:00PM | Friday: 10:00AM–9:00PM | Saturday: 10:00AM–9:00PM | Sunday: 10:00AM–9:00PM,915 32 76 67,NO,SI
Azotea Cibeles,"Bares, Cervecerías, Coctelerías, Restaurantes, Tapas, Vegano, Vegetariano","COMIDA Y BEBIDA, LOCALES DE OCIO NOCTURNO","Plaza Cibeles, 1, Sexta Planta, Retiro, 28014 Madrid, Spain","4,1",8612,Caro,Abierto,40.4189,-3.69215,https://maps.google.com/?cid=4559607244507682398,https://azoteacibeles.azoteagrupo.com/,Monday: 12:00PM–1:30AM | Tuesday: 12:00PM–1:30AM | Wednesday: 12:00PM–1:30AM | Thursday: 12:00PM–1:30AM | Friday: 12:00PM–2:30AM | Saturday: 12:00PM–2:30AM | Sunday: 12:00PM–1:30AM,911 08 35 50,SI,SI
Pikolinos,Zapaterías,TIENDAS,"Calle de Fuencarral, 17, Centro, 28004 Madrid, Spain","4,5",533,—,Abierto,40.4211,-3.70133,https://maps.google.com/?cid=4468964719622707476,http://www.pikolinos.com/,Monday: 10:00AM–9:00PM | Tuesday: 10:00AM–9:00PM | Wednesday: 10:00AM–9:00PM | Thursday: 10:00AM–9:00PM | Friday: 10:00AM–9:00PM | Saturday: 10:00AM–9:00PM | Sunday: 12:00–8:00PM,912 97 60 09,NO,SI
"""KTPark""","Jardines, Parques, Parques naturales",CULTURA OCIO Y NATURALEZA,"C. de la Luna, 31, Centro, 28004 Madrid, Spain",5,1,—,Abierto,40.4229,-3.70727,https://maps.google.com/?cid=12539856840631856840,,,,NO,SI
Servicio de Patrimonio Mundial y Difusión,Ayuntamientos,GOBIERNO,"C. de Montalbán, 1, Retiro, 28014 Madrid, Spain",0,0,—,Abierto,40.4182,-3.69169,https://maps.google.com/?cid=15304588313969051787,https://paisajedelaluz.es/,Monday: 8:00AM–3:00PM | Tuesday: 8:00AM–3:00PM | Wednesday: 8:00AM–3:00PM | Thursday: 8:00AM–3:00PM | Friday: 8:00AM–3:00PM | Saturday: Closed | Sunday: Closed,,NO,SI
Decimas,Zapaterías,TIENDAS,"Centro Comercial Príncipe Pío, 13-14, P.º de la Florida, S/N, LOC. G12, Moncloa - Aravaca, 28008 Madrid, Spain","3,9",314,—,Abierto,40.4216,-3.72027,https://maps.google.com/?cid=12410016138768321329,https://www.decimas.com/es-es/,Monday: 10:00AM–10:00PM | Tuesday: 10:00AM–10:00PM | Wednesday: 10:00AM–10:00PM | Thursday: 10:00AM–10:00PM | Friday: 10:00AM–10:00PM | Saturday: 10:00AM–10:00PM | Sunday: 10:00AM–10:00PM,914 45 20 63,NO,SI
Primor,Tiendas de ropa,TIENDAS,"P.º de la Florida, 2, Moncloa - Aravaca, 28008 Madrid, Spain","3,5",2584,—,Abierto,40.4212,-3.71998,https://maps.google.com/?cid=18132816776890252146,https://www.primor.eu/es_es/madrid--paseo-de-la-florida-2?utm_source=organic&utm_medium=google&utm_campaign=es-tienda-madrid--paseo-de-la-florida-2,Monday: 10:00AM–10:00PM | Tuesday: 10:00AM–10:00PM | Wednesday: 10:00AM–10:00PM | Thursday: 10:00AM–10:00PM | Friday: 10:00AM–10:00PM | Saturday: 10:00AM–10:00PM | Sunday: 11:00AM–10:00PM,,NO,NO
AGEEX - Asesoramiento y Gestión de Estudios en el Exterior,Universidades,EDUCACIÓN,"C. del Conde de Xiquena, 9, Centro, 28004 Madrid, Spain",0,0,—,Cerrado temporalmente,40.4229,-3.69429,https://maps.google.com/?cid=17279834862456880218,,,915 32 87 61,NO,NO
clinica xiluet,"Piscinas, Spas",ESPACIOS DEPORTIVOS,"C. de Sagasta, 8, bajo, Centro, 28004 Madrid, Spain","4,8",67,—,Abierto,40.4286,-3.70075,https://maps.google.com/?cid=6365776067488711250,http://www.clinicaxiluet.com/,Monday: 11:00AM–7:00PM | Tuesday: 11:00AM–7:00PM | Wednesday: 11:00AM–7:00PM | Thursday: 11:00AM–7:00PM | Friday: 11:00AM–7:00PM | Saturday: 11:00AM–2:00PM | Sunday: Closed,676 72 59 97,NO,SI
"Clínica Oftalmológica ""Lasik Center""",Clínicas,SALUD,"C. de Alfonso XII, 10, Retiro, 28014 Madrid, Spain","4,5",164,—,Abierto,40.4183,-3.68903,https://maps.google.com/?cid=6571759455447453939,https://www.lasikcenter.es/,Monday: 10:00AM–8:00PM | Tuesday: 10:00AM–8:00PM | Wednesday: 10:00AM–8:00PM | Thursday: 10:00AM–8:00PM | Friday: 10:00AM–7:00PM | Saturday: Closed | Sunday: Closed,915 24 04 04,NO,SI
Book Center Luchana,Librerías,TIENDAS,"C. de Luchana, 6, Chamberí, 28010 Madrid, Spain","4,5",678,—,Abierto,40.4294,-3.70113,https://maps.google.com/?cid=13076308105270421519,http://www.bookcenter.es/,Monday: 10:00AM–9:30PM | Tuesday: 10:00AM–9:30PM | Wednesday: 10:00AM–9:30PM | Thursday: 10:00AM–9:30PM | Friday: 10:00AM–9:30PM | Saturday: 10:00AM–9:30PM | Sunday: 11:00AM–9:00PM,914 47 01 10,NO,NO
Parroquia de Nuestra Señora del Carmen y San Luis,"Basílicas, Catedrales, Conventos, Ermitas, Iglesias, Monasterios, Montañas, Oficinas de turismo, Senderismo","CULTURA OCIO Y NATURALEZA, ESPACIOS DEPORTIVOS, ESPACIOS RELIGIOSOS, OFICINAS DE TURISMO","C. del Carmen, 10, Centro, 28013 Madrid, Spain","4,6",1036,—,Abierto,40.4182,-3.70381,https://maps.google.com/?cid=7163159615776948258,http://hermandadlosgitanosmadrid.es/corporacion/parroquiadelcarmenysanluis/,Monday: 9:30AM–9:00PM | Tuesday: 9:30AM–9:00PM | Wednesday: 9:30AM–9:00PM | Thursday: 9:30AM–9:00PM | Friday: 9:30AM–9:00PM | Saturday: 9:30AM–9:00PM | Sunday: 9:30AM–9:00PM,915 22 67 69,NO,NO
Callejon del Verdugo,"Centros culturales, Museos",CULTURA OCIO Y NATURALEZA,"C. de Santo Tomás, Centro, 28012 Madrid, Spain",3,5,—,Abierto,40.4143,-3.70555,https://maps.google.com/?cid=15991092346377572183,,,,NO,NO
Dra. Sara Gil Cáceres,Hospitales,SALUD,"C. de los Relatores, 1, 2ª Izda, Centro, 28012 Madrid, Spain",0,0,—,Abierto,40.4136,-3.70284,https://maps.google.com/?cid=1627987093665525580,https://www.topdoctors.es/doctor/sara-gil-caceres,Monday: 9:00AM–5:00PM | Tuesday: 9:00AM–5:00PM | Wednesday: 9:00AM–5:00PM | Thursday: 9:00AM–5:00PM | Friday: 9:00AM–5:00PM | Saturday: Closed | Sunday: Closed,912 05 37 59,NO,SI
Galería María Porto & David Bardía - Espacio Villanueva,Galerías de arte,CULTURA OCIO Y NATURALEZA,"C. de Villanueva, 40, Salamanca, 28001 Madrid, Spain","4,6",33,—,Abierto,40.4221,-3.6828,https://maps.google.com/?cid=16354534992943358253,https://davidbardia.com/,"Monday: 10:00AM–2:00PM, 5:00–8:30PM | Tuesday: 10:00AM–2:00PM, 5:00–8:30PM | Wednesday: 10:00AM–2:00PM, 5:00–8:30PM | Thursday: 10:00AM–2:00PM, 5:00–8:30PM | Friday: 10:00AM–2:00PM, 5:00–8:30PM | Saturday: 11:00AM–2:00PM | Sunday: Closed",917 81 07 59,NO,NO
Sani Sapori,"Cafés, Panaderías",COMIDA Y BEBIDA,"C. de Lavapiés, 31, Centro, 28012 Madrid, Spain","4,6",766,Barato,Abierto,40.4099,-3.70227,https://maps.google.com/?cid=10317922197166885544,http://www.sanisapori.es/,Monday: Closed | Tuesday: 2:00–10:30PM | Wednesday: 11:00AM–11:00PM | Thursday: 11:00AM–11:00PM | Friday: 11:00AM–11:30PM | Saturday: 11:00AM–12:00AM | Sunday: 11:30AM–10:30PM,915 30 89 96,NO,NO
Supermercados Dia,"Panaderías, Supermercados",COMIDA Y BEBIDA,"C. de Churruca, 2, Centro, 28004 Madrid, Spain","3,5",51,—,Abierto,40.4269,-3.70057,https://maps.google.com/?cid=8297689390385958844,http://www.dia.es/compra-online/,Monday: 8:30AM–10:00PM | Tuesday: 8:30AM–10:00PM | Wednesday: 8:30AM–10:00PM | Thursday: 8:30AM–10:00PM | Friday: 8:30AM–10:00PM | Saturday: 8:30AM–10:00PM | Sunday: 10:00AM–10:00PM,912 17 04 53,NO,SI
El Tocador Vintage,Tiendas de ropa,TIENDAS,"Calle de Apodaca, 6, Centro, 28004 Madrid, Spain","4,5",478,—,Abierto,40.4272,-3.70115,https://maps.google.com/?cid=3620067848706440577,https://www.eltocadorvintage.com/,"Monday: 11:00AM–2:00PM, 4:30–8:30PM | Tuesday: 11:00AM–2:00PM, 4:30–8:30PM | Wednesday: 11:00AM–2:00PM, 4:30–8:30PM | Thursday: 11:00AM–2:00PM, 4:30–8:30PM | Friday: 11:00AM–2:00PM, 4:30–8:30PM | Saturday: 10:00AM–2:00PM | Sunday: Closed",911 76 15 10,NO,NO
calle preciados,Centros comerciales,TIENDAS,"C. de Preciados, 38, Centro, 28013 Madrid, Spain","4,6",34,—,Abierto,40.4186,-3.70517,https://maps.google.com/?cid=13288475189420172878,,,,NO,SI
Jardín del Convento,"Jardines, Parques, Parques naturales",CULTURA OCIO Y NATURALEZA,"Palacio, Centro, 28013 Madrid, Spain",0,0,—,Abierto,40.421,-3.71066,https://maps.google.com/?cid=7776133757579588694,,,,NO,SI
Zúccaru,Panaderías,COMIDA Y BEBIDA,"C. de Vergara, 16, Centro, 28013 Madrid, Spain","4,6",1158,Barato,Abierto,40.4172,-3.71167,https://maps.google.com/?cid=13442232292888741858,http://www.zuccaru.com/,Monday: 7:30AM–11:00PM | Tuesday: 7:30AM–11:00PM | Wednesday: 7:30AM–11:00PM | Thursday: 7:30AM–11:00PM | Friday: 7:30AM–1:00AM | Saturday: 7:30AM–1:00AM | Sunday: 7:30AM–11:00PM,639 33 08 01,NO,NO
Montana Shop Madrid,Tiendas de ropa,TIENDAS,"C. del Caballero de Gracia, 9, Centro, 28013 Madrid, Spain","4,6",554,—,Abierto,40.4194,-3.69994,https://maps.google.com/?cid=4911323796121243161,http://www.montanacolors.com/,Monday: 10:00AM–9:00PM | Tuesday: 10:00AM–9:00PM | Wednesday: 10:00AM–9:00PM | Thursday: 10:00AM–9:00PM | Friday: 10:00AM–9:00PM | Saturday: 11:00AM–9:00PM | Sunday: 11:00AM–9:00PM,914 45 29 55,NO,SI
TANDEM,Colegios,EDUCACIÓN,"C. del Marqués de Cubas, 8, Centro, 28014 Madrid, Spain","4,7",170,—,Abierto,40.4171,-3.69556,https://maps.google.com/?cid=1722807443710111958,https://www.tandemmadrid.com/?utm_source=GoogleMyBusiness&utm_campaign=GoogleMyBusiness&utm_medium=organic,Monday: 9:00AM–8:00PM | Tuesday: 9:00AM–8:00PM | Wednesday: 9:00AM–8:00PM | Thursday: 9:00AM–8:00PM | Friday: 9:00AM–8:00PM | Saturday: 9:00AM–2:00PM | Sunday: Closed,915 32 27 15,NO,NO
Alonso Martínez,Estaciones de metro,TRANSPORTE,"Plaza de Sta. Barbara, Chamberí, 28004 Madrid, Spain",4,348,—,Abierto,40.4277,-3.69592,https://maps.google.com/?cid=16396337759246233175,,,,NO,SI
"Room Mate Mario, Madrid","Albergues, Apartamentos turísticos, Campos de golf, Hostales, Hoteles, Templos budistas","ALOJAMIENTOS, ESPACIOS DEPORTIVOS, ESPACIOS RELIGIOSOS","C. de Campomanes, 4, Centro, 28013 Madrid, Spain","4,5",1121,—,Abierto,40.4188,-3.70931,https://maps.google.com/?cid=9010085889896924163,https://room-matehotels.com/gb/hotel-mario-madrid/?utm_source=google&utm_medium=organic&utm_campaign=google-my-business-mario,Monday: Open 24 hours | Tuesday: Open 24 hours | Wednesday: Open 24 hours | Thursday: Open 24 hours | Friday: Open 24 hours | Saturday: Open 24 hours | Sunday: Open 24 hours,915 48 85 48,NO,SI
Librería Menosdiez,Librerías,TIENDAS,"C. del Espejo, 5, Centro, 28013 Madrid, Spain","4,6",41,—,Cerrado temporalmente,40.4164,-3.70984,https://maps.google.com/?cid=4475639871976872995,https://www.facebook.com/libreriamenosdiez,,656 79 31 57,NO,NO
Callao,Estaciones de metro,TRANSPORTE,"Centro, 28013 Madrid, Spain","4,6",1281,—,Abierto,40.4202,-3.70573,https://maps.google.com/?cid=17735663378270958604,,,,NO,SI
Consulate of Argentina,"Consulados, Embajadas",GOBIERNO,"C. de Fernando el Santo, 15, Chamberí, 28010 Madrid, Spain","4,2",1143,—,Abierto,40.4283,-3.69254,https://maps.google.com/?cid=13690225984207227594,http://cmadr.mrecic.gov.ar/,Monday: 8:30AM–1:30PM | Tuesday: 8:30AM–1:30PM | Wednesday: 8:30AM–1:30PM | Thursday: 8:30AM–1:30PM | Friday: 8:30AM–1:30PM | Saturday: Closed | Sunday: Closed,914 02 51 15,NO,SI
Vienes,"Centros culturales, Museos",CULTURA OCIO Y NATURALEZA,"C. de la Sal, 2, 1º-D, Centro, Centro, 28012 Madrid, Spain",0,0,—,Abierto,40.4158,-3.70628,https://maps.google.com/?cid=3219475173452316959,,,,NO,NO
Restaurante & Terraza Malvar,"Bares, Cervecerías, Coctelerías","COMIDA Y BEBIDA, LOCALES DE OCIO NOCTURNO","Pl. de la Independencia, 3, Salamanca, 28001 Madrid, Spain","4,2",672,—,Abierto,40.4205,-3.68938,https://maps.google.com/?cid=1073816041022422024,https://malvarrestaurante.com/,Monday: 11:00AM–11:00PM | Tuesday: 11:00AM–11:00PM | Wednesday: 11:00AM–11:00PM | Thursday: 11:00AM–11:00PM | Friday: 11:00AM–11:00PM | Saturday: 11:00AM–11:00PM | Sunday: 11:00AM–11:00PM,600 45 94 22,SI,SI
Hospes Puerta de Alcalá,"Piscinas, Restaurantes, Spas, Tapas, Vegano, Vegetariano","COMIDA Y BEBIDA, ESPACIOS DEPORTIVOS","Pl. de la Independencia, 3, Salamanca, 28001 Madrid, Spain","4,4",1060,—,Abierto,40.4206,-3.68928,https://maps.google.com/?cid=1620157775343217552,https://www.hospes.com/es/puerta-alcala/,Monday: Open 24 hours | Tuesday: Open 24 hours | Wednesday: Open 24 hours | Thursday: Open 24 hours | Friday: Open 24 hours | Saturday: Open 24 hours | Sunday: Open 24 hours,600 45 94 22,NO,SI
Taberna La Carmencita,"Bares, Cervecerías, Coctelerías, Restaurantes, Tapas, Vegano, Vegetariano","COMIDA Y BEBIDA, LOCALES DE OCIO NOCTURNO","C. de la Libertad, 16, Centro, 28004 Madrid, Spain",4,1574,Moderado,Abierto,40.4211,-3.69728,https://maps.google.com/?cid=597546582407674581,http://tabernalacarmencita.es/,"Monday: 12:30–5:00PM, 8:00PM–12:30AM | Tuesday: 12:30–5:00PM, 8:00PM–12:30AM | Wednesday: 12:30PM–12:30AM | Thursday: 12:30PM–12:30AM | Friday: 12:30PM–1:00AM | Saturday: 12:30PM–1:00AM | Sunday: 12:30PM–12:30AM",915 31 09 11,SI,SI
Embajadores,"Estaciones de metro, Estaciones de tren",TRANSPORTE,"C. de Martín de Vargas, 7-I, n. 5, Arganzuela, 28005 Madrid, Spain","4,2",467,—,Abierto,40.4046,-3.70259,https://maps.google.com/?cid=10920331630405759911,,,,NO,SI
Tulpentuin prinses Amalia,"Jardines, Parques, Parques naturales",CULTURA OCIO Y NATURALEZA,"Pl. de Ote., Centro, 28013 Madrid, Spain","4,4",7,—,Abierto,40.4181,-3.71154,https://maps.google.com/?cid=15423017305367220149,,,,NO,NO
JACK & JONES,Tiendas de ropa,TIENDAS,"Calle de Fuencarral, 41, Centro, 28004 Madrid, Spain","4,2",525,—,Abierto,40.4227,-3.70083,https://maps.google.com/?cid=11648853421058765186,https://jackjonesmadrid.com/?utm_campaign=google_stores&utm_content=Madrid+-+Fuencarral&utm_medium=organic&utm_source=google,Monday: 10:00AM–10:00PM | Tuesday: 10:00AM–10:00PM | Wednesday: 10:00AM–10:00PM | Thursday: 10:00AM–10:00PM | Friday: 10:00AM–10:00PM | Saturday: 10:00AM–10:00PM | Sunday: 12:00–9:00PM,915 51 23 08,NO,SI
Amazon Seller Andujar Molina,Centros comerciales,TIENDAS,"C. de Toledo, 46, Centro, 28005 Madrid, Spain",0,0,—,Abierto,40.4124,-3.70803,https://maps.google.com/?cid=554532035982811245,,,622 36 76 51,NO,SI
Areia Club,"Bares, Cervecerías, Coctelerías, Discotecas, Restaurantes, Tapas, Vegano, Vegetariano","COMIDA Y BEBIDA, LOCALES DE OCIO NOCTURNO","C/ de Hortaleza, 92, Centro, 28004 Madrid, Spain","4,4",4914,Moderado,Abierto,40.4245,-3.69803,https://maps.google.com/?cid=14569230324688300671,http://www.areiachillout.com/,Monday: 5:00PM–2:00AM | Tuesday: 5:00PM–2:00AM | Wednesday: 5:00PM–2:00AM | Thursday: 5:00PM–2:30AM | Friday: 4:00PM–3:30AM | Saturday: 4:00PM–3:30AM | Sunday: 4:00PM–2:00AM,913 10 03 07,SI,NO
Conservatory of Music Amaniel,Colegios,EDUCACIÓN,"C. de Amaniel, 2, Centro, 28015 Madrid, Spain","4,1",75,—,Abierto,40.4249,-3.70904,https://maps.google.com/?cid=16721605285194453080,https://site.educa.madrid.org/cpm.amaniel.madrid/,Monday: 9:00AM–9:30PM | Tuesday: 9:00AM–9:30PM | Wednesday: 9:00AM–9:30PM | Thursday: 9:00AM–9:30PM | Friday: 9:00AM–9:30PM | Saturday: Closed | Sunday: Closed,915 31 28 43,NO,SI
Iglesia Evangélica Camino de Vida,"Basílicas, Catedrales, Conventos, Ermitas, Iglesias, Monasterios",ESPACIOS RELIGIOSOS,"Cl. de Quesada, 5, Chamberí, 28010 Madrid, Spain","4,3",3,—,Abierto,40.4338,-3.70079,https://maps.google.com/?cid=8088664241330908100,http://hayotrocamino.com/,Monday: Closed | Tuesday: Closed | Wednesday: Closed | Thursday: Closed | Friday: Closed | Saturday: Closed | Sunday: 5:00–7:00PM,,NO,SI
We/On Palacio Santa Ana,"Gimnasios, Piscinas, Spas",ESPACIOS DEPORTIVOS,"Pl. del Ángel, 6, Centro, 28012 Madrid, Spain",4,492,—,Abierto,40.4144,-3.70191,https://maps.google.com/?cid=13766083198053332430,http://www.weonclub.com/,Monday: 7:00AM–10:30PM | Tuesday: 7:00AM–10:30PM | Wednesday: 7:00AM–10:30PM | Thursday: 7:00AM–10:30PM | Friday: 7:00AM–10:30PM | Saturday: 9:00AM–10:00PM | Sunday: 9:00AM–9:30PM,915 23 92 06,NO,NO
Laguna Prados José,"Jardines, Parques, Parques naturales",CULTURA OCIO Y NATURALEZA,"C. de Manuel Fernández y González, 2, Centro, 28014 Madrid, Spain",0,0,—,Abierto,40.4151,-3.70004,https://maps.google.com/?cid=13361988662248740580,,,914 07 33 52,NO,SI
Ayuntamiento de Casas del Puerto,Ayuntamientos,GOBIERNO,"P.º de la Castellana, nº 1, Chamberí, 28046 Madrid, Spain",0,0,—,Abierto,40.426,-3.69101,https://maps.google.com/?cid=15161085805192857295,https://www.casasdelpuerto.es/contacto/portal-web/proteccion-de-datos.html,,920 23 12 19,NO,SI
NEUROSALUS,Hospitales,SALUD,"Pl. de la Independencia, 10, 1º, Retiro, 28001 Madrid, Spain","4,7",306,—,Abierto,40.4195,-3.68947,https://maps.google.com/?cid=17299805523360229518,http://www.neurosalus.com/,Monday: Open 24 hours | Tuesday: Open 24 hours | Wednesday: Open 24 hours | Thursday: Open 24 hours | Friday: Open 24 hours | Saturday: Open 24 hours | Sunday: Open 24 hours,915 63 04 47,NO,SI
Tempo Club,Discotecas,LOCALES DE OCIO NOCTURNO,"C. del Duque de Osuna, 8, Centro, 28015 Madrid, Spain","4,1",957,—,Abierto,40.4252,-3.71189,https://maps.google.com/?cid=12596563257256532317,https://www.tempoclub.es/,Monday: 7:00PM–12:00AM | Tuesday: 7:00PM–12:00AM | Wednesday: 7:00PM–12:00AM | Thursday: 7:00PM–3:00AM | Friday: 7:00PM–3:30AM | Saturday: 7:00PM–3:30AM | Sunday: Closed,679 26 54 29,NO,NO
Carrefour Express,Supermercados,COMIDA Y BEBIDA,"C. del Pez, 24, Centro, 28004 Madrid, Spain","3,6",390,—,Abierto,40.4239,-3.70572,https://maps.google.com/?cid=16848937843659489632,https://www.carrefour.es/tiendas-carrefour/supermercados/carrefour-express/pez-s.aspx,Monday: 8:30AM–12:00AM | Tuesday: 8:30AM–12:00AM | Wednesday: 8:30AM–12:00AM | Thursday: 8:30AM–12:00AM | Friday: 8:30AM–12:00AM | Saturday: 8:30AM–12:00AM | Sunday: 8:30AM–12:00AM,747 75 30 72,NO,SI
Church of St Mark,"Basílicas, Catedrales, Conventos, Ermitas, Iglesias, Monasterios",ESPACIOS RELIGIOSOS,"C. de San Leonardo, 10, Centro, 28015 Madrid, Spain","4,5",410,—,Abierto,40.425,-3.71126,https://maps.google.com/?cid=13997300023652906018,http://www.sanmarcos.es/,"Monday: 8:00AM–12:30PM, 5:30–8:30PM | Tuesday: 8:00AM–12:30PM, 5:30–8:30PM | Wednesday: 8:00AM–12:30PM, 5:30–8:30PM | Thursday: 8:00AM–12:30PM, 5:30–8:30PM | Friday: 8:00AM–12:30PM, 5:30–8:30PM | Saturday: 9:00AM–1:30PM, 6:00–8:30PM | Sunday: 9:00AM–1:30PM, 6:00–8:30PM",915 47 10 79,NO,NO
Lucas & Lola Dog Family,Farmacias,SALUD,"C. de Blasco de Garay, 2, Chamberí, 28015 Madrid, Spain","4,5",653,—,Abierto,40.4305,-3.71169,https://maps.google.com/?cid=14457495432983690856,https://lucasylola.es/,"Monday: 10:00AM–2:30PM, 4:30–8:00PM | Tuesday: 10:00AM–2:30PM, 4:30–8:00PM | Wednesday: 10:00AM–2:30PM, 4:30–8:00PM | Thursday: 10:00AM–2:30PM, 4:30–8:00PM | Friday: 10:00AM–2:30PM, 4:30–8:00PM | Saturday: 10:00AM–2:30PM | Sunday: Closed",917 31 06 52,NO,SI
Adrada de Haza,Ayuntamientos,GOBIERNO,"Pl. Mayor, 1, Centro, 09462 Madrid, Spain",0,0,—,Abierto,40.4149,-3.70755,https://maps.google.com/?cid=14821670561081597120,http://adradadehaza.es/,,947 53 10 09,NO,SI
"European College for Liberal Studies (ECLS), Madrid",Universidades,EDUCACIÓN,"Cross-Cultural Education Center, Calle de Goya, 6, Salamanca, 28001 Madrid, Spain",5,1,—,Abierto,40.425,-3.68703,https://maps.google.com/?cid=10037293434565610009,http://www.madrid.ecls.org/,Monday: 8:30AM–5:00PM | Tuesday: 8:30AM–5:00PM | Wednesday: 8:30AM–5:00PM | Thursday: 8:30AM–5:00PM | Friday: 8:30AM–5:00PM | Saturday: Closed | Sunday: Closed,913 77 67 96,NO,SI
Dr. Piñal and Associates - Plastic Surgery and Hand,Hospitales,SALUD,"C. de Serrano, 58, Salamanca, 28001 Madrid, Spain","4,7",127,—,Abierto,40.4287,-3.68705,https://maps.google.com/?cid=13706958792866218712,http://www.drpinal.com/,Monday: Open 24 hours | Tuesday: Open 24 hours | Wednesday: Open 24 hours | Thursday: Open 24 hours | Friday: Open 24 hours | Saturday: Open 24 hours | Sunday: Open 24 hours,914 31 00 51,NO,SI
Casa donde nació Claudio Coello,"Centros culturales, Museos",CULTURA OCIO Y NATURALEZA,"C. de la Pasa, 2, Centro, 28005 Madrid, Spain",3,1,—,Abierto,40.4139,-3.70868,https://maps.google.com/?cid=457546107076771753,,,,NO,NO
La Tarde,Librerías,TIENDAS,"Calle del Conde de Romanones, 13, Centro, 28012 Madrid, Spain",4,108,—,Abierto,40.413,-3.70482,https://maps.google.com/?cid=15817564654777086572,https://www.todocoleccion.net/tienda/latardelibros,Monday: 10:00AM–8:30PM | Tuesday: 10:00AM–8:30PM | Wednesday: 10:00AM–8:30PM | Thursday: 10:00AM–8:30PM | Friday: 10:00AM–8:30PM | Saturday: 10:00AM–8:30PM | Sunday: 10:00AM–3:00PM,912 65 04 08,NO,NO
Las Vegas Sports Bar,Casinos,LOCALES DE OCIO NOCTURNO,"Rda. de Atocha, 12, Centro, 28012 Madrid, Spain","3,3",22,—,Abierto,40.4068,-3.69655,https://maps.google.com/?cid=10336798506353234874,,Monday: 10:00AM–12:30AM | Tuesday: 10:00AM–12:30AM | Wednesday: 10:00AM–12:30AM | Thursday: 10:00AM–12:30AM | Friday: 10:00AM–1:00AM | Saturday: 10:00AM–1:00AM | Sunday: 10:00AM–1:00AM,917 55 58 29,NO,NO
Restaurante Ginger,"Restaurantes, Tapas, Vegano, Vegetariano",COMIDA Y BEBIDA,"Pl. del Ángel, 12, Centro, 28012 Madrid, Spain","4,1",7340,Barato,Abierto,40.4142,-3.70235,https://maps.google.com/?cid=14079140651612198176,https://andilana.com/locales/ginger/,Monday: 9:00AM–11:00PM | Tuesday: 9:00AM–11:00PM | Wednesday: 9:00AM–11:00PM | Thursday: 9:00AM–11:30PM | Friday: 9:00AM–11:30PM | Saturday: 9:00AM–11:30PM | Sunday: 9:00AM–11:00PM,913 69 10 59,SI,SI
ZAPSHOP,Zapaterías,TIENDAS,"C. de Toledo, 35, Centro, 28005 Madrid, Spain","3,7",183,—,Abierto,40.4132,-3.70731,https://maps.google.com/?cid=14292122544852570577,https://www.zapshop.es/,Monday: 10:00AM–10:00PM | Tuesday: 10:00AM–10:00PM | Wednesday: 10:00AM–10:00PM | Thursday: 10:00AM–10:00PM | Friday: 10:00AM–10:00PM | Saturday: 10:00AM–10:00PM | Sunday: 10:00AM–9:00PM,913 65 62 25,NO,SI
o2 Lifestyle Zone,Joyerías,TIENDAS,"C. del Carmen, 16, Centro, 28013 Madrid, Spain",4,226,—,Abierto,40.4186,-3.70455,https://maps.google.com/?cid=1211073677027799513,https://www.o2lifestyle.es/,Monday: 10:00AM–9:00PM | Tuesday: 10:00AM–9:00PM | Wednesday: 10:00AM–9:00PM | Thursday: 10:00AM–9:00PM | Friday: 10:00AM–9:00PM | Saturday: 10:00AM–9:00PM | Sunday: 11:00AM–8:00PM,915 32 46 83,NO,SI
Plaza de la Cebada,Estaciones de autobús,TRANSPORTE,"Centro, 28005 Madrid, Spain",2,1,—,Abierto,40.4107,-3.70893,https://maps.google.com/?cid=14252005068772062471,,,,NO,SI
CARIÑITO films,"Cines, Teatros",CULTURA OCIO Y NATURALEZA,"Pl. de Carlos Cambronero, 5, Local Derecha, Centro, 28004 Madrid, Spain",5,1,—,Abierto,40.423,-3.70387,https://maps.google.com/?cid=4535903778098673024,https://carinitofilms.com/,,,NO,NO
Ministry of Foreign Affairs and Cooperation,"Consulados, Embajadas",GOBIERNO,"Palacio de Santa Cruz, Pl. de la Provincia, 1, Centro, 28012 Madrid, Spain","3,2",152,—,Abierto,40.4146,-3.706,https://maps.google.com/?cid=3439132456053968556,http://www.exteriores.gob.es/,,913 79 97 00,NO,SI
Parking plaza mayor Madrid Lowcostparkingmadrid,Aparcamientos,GASOLINERAS Y APARCAMIENTOS,"C. del Labrador, 4, Arganzuela, 28005 Madrid, Spain","3,1",50,—,Abierto,40.4025,-3.70108,https://maps.google.com/?cid=3689599267532009712,http://www.lowcostparkingmadrid.es/,,633 85 21 72,NO,SI
Biblioteca Histórica Municipal de Madrid,Bibliotecas,EDUCACIÓN,"C. del Conde Duque, 9, patio central, planta 1, Centro, 28015 Madrid, Spain",5,3,—,Abierto,40.4272,-3.71071,https://maps.google.com/?cid=1903079514472333365,,Monday: 8:30AM–1:30PM | Tuesday: 8:30AM–1:30PM | Wednesday: 8:30AM–1:30PM | Thursday: 8:30AM–1:30PM | Friday: 8:30AM–1:30PM | Saturday: Closed | Sunday: Closed,913 71 64 89,NO,SI
Museo Nacional del Prado,"Centros culturales, Museos",CULTURA OCIO Y NATURALEZA,"Retiro, 28014 Madrid, Spain","4,7",141536,—,Abierto,40.4137,-3.69212,https://maps.google.com/?cid=1194844223299225690,https://www.museodelprado.es/,Monday: 10:00AM–8:00PM | Tuesday: 10:00AM–8:00PM | Wednesday: 10:00AM–8:00PM | Thursday: 10:00AM–8:00PM | Friday: 10:00AM–8:00PM | Saturday: 10:00AM–8:00PM | Sunday: 10:00AM–7:00PM,913 30 28 00,NO,SI
Campo del Moro,"Jardines, Montañas, Oficinas de turismo, Parques, Parques naturales, Senderismo","CULTURA OCIO Y NATURALEZA, ESPACIOS DEPORTIVOS, OFICINAS DE TURISMO","P.º de la Virgen del Puerto, 1, Centro, 28013 Madrid, Spain","4,6",8617,—,Abierto,40.4182,-3.71729,https://maps.google.com/?cid=10294415823838592461,https://www.patrimonionacional.es/,Monday: 10:00AM–8:00PM | Tuesday: 10:00AM–8:00PM | Wednesday: 10:00AM–8:00PM | Thursday: 10:00AM–8:00PM | Friday: 10:00AM–8:00PM | Saturday: 10:00AM–8:00PM | Sunday: 10:00AM–8:00PM,914 54 87 00,NO,SI
Cafe del Rio,Discotecas,LOCALES DE OCIO NOCTURNO,"Av. de Portugal, 1, Moncloa - Aravaca, 28011 Madrid, Spain",4,8435,Moderado,Abierto,40.4169,-3.72324,https://maps.google.com/?cid=5198195833032686654,https://cafedelriomadrid.com/,Monday: 10:00AM–1:00AM | Tuesday: 10:00AM–1:00AM | Wednesday: 10:00AM–1:00AM | Thursday: 10:00AM–1:00AM | Friday: 10:00AM–2:30AM | Saturday: 10:00AM–2:30AM | Sunday: 10:00AM–1:00AM,603 13 77 66,SI,SI
La Hogaza de Madrid,Panaderías,COMIDA Y BEBIDA,"C. de Gravina, 22, Centro, 28004 Madrid, Spain","3,9",198,—,Abierto,40.4225,-3.69621,https://maps.google.com/?cid=15633030416318614735,http://www.lahogazademadrid.com/,Monday: 8:30AM–4:00PM | Tuesday: 8:30AM–4:00PM | Wednesday: 8:30AM–4:00PM | Thursday: 8:30AM–4:00PM | Friday: 8:30AM–4:00PM | Saturday: 9:00AM–3:00PM | Sunday: Closed,915 32 84 98,NO,NO
Ministerio de Agricultura,Estaciones de autobús,TRANSPORTE,"Retiro, 28014 Madrid, Spain","4,6",19,—,Abierto,40.4083,-3.69035,https://maps.google.com/?cid=12145372671853075465,,,,NO,SI
Salus Seguros de Salud - Madrid,Hospitales,SALUD,"C. de Eloy Gonzalo, 19, Chamberí, 28010 Madrid, Spain","1,6",12,—,Abierto,40.4344,-3.70127,https://maps.google.com/?cid=14685647756296573391,https://www.salus-seguros.com/,Monday: 8:30AM–2:30PM | Tuesday: 8:30AM–2:30PM | Wednesday: 8:30AM–2:30PM | Thursday: 8:30AM–2:30PM | Friday: 8:30AM–2:30PM | Saturday: Closed | Sunday: Closed,914 45 86 62,NO,SI
Galería Theotokópoulos- Gotico- Renacimiento-Manierismo,Galerías de arte,CULTURA OCIO Y NATURALEZA,"C. Alcalá, 97, Salamanca, 28001 Madrid, Spain",5,1,—,Abierto,40.4214,-3.68368,https://maps.google.com/?cid=333808259716354959,https://theo.es/,"Monday: 11:00AM–2:00PM, 5:00–8:30PM | Tuesday: 11:00AM–2:00PM, 5:00–8:30PM | Wednesday: 11:00AM–2:00PM, 5:00–8:30PM | Thursday: 11:00AM–2:00PM, 5:00–8:30PM | Friday: 11:00AM–2:00PM, 5:00–8:30PM | Saturday: 11:00AM–2:00PM, 5:00–8:30PM | Sunday: 11:00AM–2:00PM, 5:00–8:30PM",609 25 62 16,NO,NO
Farmacia Trébol Urquijo,Farmacias,SALUD,"C. del Marqués de Urquijo, 2, Moncloa - Aravaca, 28008 Madrid, Spain","3,1",93,—,Abierto,40.4308,-3.71665,https://maps.google.com/?cid=10053809253823356378,https://bit.ly/farmaciastrebolweb,Monday: 9:30AM–10:00PM | Tuesday: 9:30AM–10:00PM | Wednesday: 9:30AM–10:00PM | Thursday: 9:30AM–10:00PM | Friday: 9:30AM–10:00PM | Saturday: 9:30AM–10:00PM | Sunday: 9:30AM–10:00PM,915 48 26 34,NO,SI
Mercado de la Paz,"Montañas, Oficinas de turismo, Senderismo","CULTURA OCIO Y NATURALEZA, ESPACIOS DEPORTIVOS, OFICINAS DE TURISMO","Cl. de Ayala, 28B, Salamanca, 28001 Madrid, Spain","4,5",10634,Moderado,Abierto,40.4273,-3.68573,https://maps.google.com/?cid=13125232114724369265,https://www.mercadodelapaz.com/,Monday: 9:00AM–8:00PM | Tuesday: 9:00AM–8:00PM | Wednesday: 9:00AM–8:00PM | Thursday: 9:00AM–8:00PM | Friday: 9:00AM–8:00PM | Saturday: 9:00AM–2:30PM | Sunday: Closed,914 35 07 43,NO,SI
Atocha centro,Centros comerciales,TIENDAS,"C. de Atocha, 51, Centro, Centro, 28012 Madrid, Spain",0,0,—,Abierto,40.413,-3.70028,https://maps.google.com/?cid=13128196456479313600,,,,NO,NO
Librería Traficantes de sueños,Librerías,TIENDAS,"C. del Duque de Alba, 13, Centro, 28012 Madrid, Spain","4,8",1169,—,Abierto,40.4116,-3.70628,https://maps.google.com/?cid=9713681063339079547,http://www.traficantes.net/,"Monday: 6:00–9:00PM | Tuesday: 10:30AM–2:30PM, 6:00–9:00PM | Wednesday: 10:30AM–2:30PM, 6:00–9:00PM | Thursday: 10:30AM–2:30PM, 6:00–9:00PM | Friday: 10:30AM–2:30PM, 6:00–9:00PM | Saturday: 10:30AM–2:30PM, 6:00–9:00PM | Sunday: Closed",915 32 09 28,NO,SI
Madrid Royal Conservatory,Colegios,EDUCACIÓN,"C. de Sta. Isabel, 53, Centro, 28012 Madrid, Spain","4,1",147,—,Abierto,40.4091,-3.69438,https://maps.google.com/?cid=5397276237321080361,https://rcsmm.eu/,,915 39 29 01,NO,SI
La Mordida,"Restaurantes, Tapas, Vegano, Vegetariano",COMIDA Y BEBIDA,"C. de Belén, 13, Centro, 28004 Madrid, Spain","4,3",2660,Moderado,Abierto,40.4244,-3.69594,https://maps.google.com/?cid=8966942106130644378,http://www.lamordida.com/,"Monday: 1:30–4:30PM, 8:00PM–12:00AM | Tuesday: 1:30–4:30PM, 8:00PM–12:00AM | Wednesday: 1:30–4:30PM, 8:00PM–12:00AM | Thursday: 1:30–4:30PM, 8:00PM–12:00AM | Friday: 1:30–4:30PM, 8:00PM–1:00AM | Saturday: 1:30–5:00PM, 8:00PM–1:00AM | Sunday: 1:30–5:00PM, 8:00PM–12:00AM",913 08 20 89,SI,NO
Colegio Oficial Secretarios Interventores y Tesoreros Cam,Colegios,EDUCACIÓN,"C. de Carretas, 14, Centro, 28012 Madrid, Spain",0,0,—,Abierto,40.4149,-3.70344,https://maps.google.com/?cid=17449221216373582306,,Monday: 10:00AM–3:00PM | Tuesday: 10:00AM–3:00PM | Wednesday: 10:00AM–3:00PM | Thursday: 10:00AM–3:00PM | Friday: 10:00AM–3:00PM | Saturday: Closed | Sunday: Closed,915 31 71 86,NO,NO
Bike Parking Madrid,Aparcamientos,GASOLINERAS Y APARCAMIENTOS,"C. del Labrador, 4, Arganzuela, 28005 Madrid, Spain",3,2,—,Abierto,40.4024,-3.70108,https://maps.google.com/?cid=12961391001848961900,,Monday: Open 24 hours | Tuesday: Open 24 hours | Wednesday: Open 24 hours | Thursday: Open 24 hours | Friday: Open 24 hours | Saturday: Open 24 hours | Sunday: Open 24 hours,633 85 21 72,NO,NO
Metro San Bernardo,Estaciones de autobús,TRANSPORTE,"Centro, 28015 Madrid, Spain",0,0,—,Abierto,40.4293,-3.70613,https://maps.google.com/?cid=16058650519674562123,,,,NO,SI
Municipal Public Library Pío Baroja,Bibliotecas,EDUCACIÓN,"C. de Arganda, 12, Arganzuela, 28005 Madrid, Spain","4,2",160,—,Abierto,40.4002,-3.70777,https://maps.google.com/?cid=5417093442410215884,http://www.madrid.es/portales/munimadrid/es/Inicio/Cultura-ocio-y-deporte/Cultura-y-ocio/Direcciones-y-telefonos/Biblioteca-Publica-Municipal-Pio-Baroja-Arganzuela-?vgnextfmt=default&vgnextoid=17f879262ef5d010VgnVCM1000000b205a0aRCRD&vgnextchannel=76f3efff228fe410VgnVCM2000000c205a0aRCRD,Monday: 8:30AM–8:00PM | Tuesday: 8:30AM–8:00PM | Wednesday: 8:30AM–8:00PM | Thursday: 8:30AM–8:00PM | Friday: 8:30AM–8:00PM | Saturday: Closed | Sunday: Closed,914 74 16 03,NO,SI
Arranca Thelma Libros,Librerías,TIENDAS,"C. de la Moreria, 2, Centro, 28005 Madrid, Spain","4,8",55,—,Abierto,40.4134,-3.71289,https://maps.google.com/?cid=5759909790520533586,https://www.uniliber.com/buscar/libros_vendido_por_arranca-thelma_ordenado_por_novedad,,913 66 37 96,NO,NO
Garaje Pizarro,Aparcamientos,GASOLINERAS Y APARCAMIENTOS,"C. de Pizarro, 16, Centro, 28004 Madrid, Spain","3,5",42,—,Abierto,40.4232,-3.70571,https://maps.google.com/?cid=644198174033539251,,Monday: 7:00AM–12:00AM | Tuesday: 7:00AM–12:00AM | Wednesday: 7:00AM–12:00AM | Thursday: 7:00AM–12:00AM | Friday: 7:00AM–12:00AM | Saturday: 7:00AM–12:00AM | Sunday: 7:00AM–12:00AM,915 21 88 75,NO,SI
@djkun,Colegios,EDUCACIÓN,"Pl. de Matute, 5, 1º, Centro, 28012 Madrid, Spain",5,1,—,Abierto,40.4133,-3.69968,https://maps.google.com/?cid=14613644161858489909,,Monday: 6:30–9:30PM | Tuesday: 8:00–9:30PM | Wednesday: 6:30–9:30PM | Thursday: 6:30–9:30PM | Friday: Closed | Saturday: Closed | Sunday: Closed,695 07 03 36,NO,NO
Honky Tonk Bar Room,"Bares, Cervecerías, Coctelerías, Discotecas","COMIDA Y BEBIDA, LOCALES DE OCIO NOCTURNO","Calle de Covarrubias, 24, Chamberí, 28010 Madrid, Spain","4,3",3575,—,Abierto,40.4302,-3.69765,https://maps.google.com/?cid=4216176328675178335,http://www.clubhonky.com/,Monday: Closed | Tuesday: 10:30PM–5:00AM | Wednesday: 10:30PM–5:00AM | Thursday: 10:30PM–5:00AM | Friday: 10:30PM–6:00AM | Saturday: 10:30PM–6:00AM | Sunday: Closed,914 45 61 91,NO,NO
"""OTHEL23"" Park","Jardines, Parques, Parques naturales",CULTURA OCIO Y NATURALEZA,"C. de la Luna, Centro, 28004 Madrid, Spain",4,1,—,Abierto,40.4222,-3.70598,https://maps.google.com/?cid=11941416400355709406,,,,NO,SI
Artefusion,Joyerías,TIENDAS,"C. del Príncipe, 13, Centro, 28012 Madrid, Spain","4,8",5,—,Abierto,40.4156,-3.70027,https://maps.google.com/?cid=8169162034556641925,,Monday: 10:00AM–8:30PM | Tuesday: 10:00AM–8:30PM | Wednesday: 10:00AM–8:30PM | Thursday: 10:00AM–8:30PM | Friday: 10:00AM–8:30PM | Saturday: 11:00AM–2:00PM | Sunday: Closed,675 51 54 48,NO,NO
Sagasta,Estaciones de autobús,TRANSPORTE,"Centro, 28004 Madrid, Spain","4,5",2,—,Abierto,40.4282,-3.69893,https://maps.google.com/?cid=11614814333750199498,,,,NO,NO
Palacio de la Prensa Cinema,"Cines, Teatros",CULTURA OCIO Y NATURALEZA,"Pl. del Callao, 4, Centro, 28013 Madrid, Spain","4,2",2713,—,Abierto,40.4204,-3.70584,https://maps.google.com/?cid=7916880550615392088,http://www.palaciodelaprensa.com/,Monday: Closed | Tuesday: Closed | Wednesday: 4:00–10:00PM | Thursday: 4:00–10:00PM | Friday: 4:00–10:00PM | Saturday: 4:00–10:00PM | Sunday: 4:00–10:00PM,915 21 99 00,NO,SI
Sheffield,Colegios,EDUCACIÓN,"Calle Velázquez, 16, Salamanca, 28001 Madrid, Spain","4,6",345,—,Abierto,40.4231,-3.6841,https://maps.google.com/?cid=2073595934532374981,http://www.sheffield.es/,Monday: 9:00AM–3:00PM | Tuesday: 9:00AM–3:00PM | Wednesday: 9:00AM–3:00PM | Thursday: 9:00AM–3:00PM | Friday: 9:00AM–3:00PM | Saturday: Closed | Sunday: Closed,915 78 07 44,NO,NO
Hermosilla Pharmacy 5,Farmacias,SALUD,"C. de Hermosilla, 5, Salamanca, 28001 Madrid, Spain","4,3",60,—,Abierto,40.4266,-3.68849,https://maps.google.com/?cid=12122020893587391650,,Monday: 8:00AM–10:00PM | Tuesday: 8:00AM–10:00PM | Wednesday: 8:00AM–10:00PM | Thursday: 8:00AM–10:00PM | Friday: 8:00AM–10:00PM | Saturday: 9:30AM–9:30PM | Sunday: 9:30AM–9:30PM,914 35 69 35,NO,SI
ESPACIO LUMIERE,"Piscinas, Spas",ESPACIOS DEPORTIVOS,"Calle de Fuencarral, 4, 1° Izquierda, Centro, 28004 Madrid, Spain","4,9",214,—,Abierto,40.4203,-3.70133,https://maps.google.com/?cid=16771336688318240061,https://www.treatwell.es/establecimiento/espacio-lumiere/,Monday: 10:00AM–9:00PM | Tuesday: 10:00AM–9:00PM | Wednesday: 10:00AM–9:00PM | Thursday: 10:00AM–9:00PM | Friday: 10:00AM–9:00PM | Saturday: 10:00AM–7:00PM | Sunday: Closed,633 24 74 35,NO,NO
ICON Embassy,"Restaurantes, Tapas, Vegano, Vegetariano",COMIDA Y BEBIDA,"C. de Serrano, 46, Salamanca, 28001 Madrid, Spain","4,4",870,—,Abierto,40.427,-3.68732,https://maps.google.com/?cid=16114351875904440605,https://www.iconembassy.com/en/?utm_source=google&utm_medium=organic&utm_campaign=MyBusiness&utm_content=EMB&origin_source=google&origin_medium=organic&origin_campaign=MyBusiness,,914 31 30 60,NO,SI
Casón del Buen Retiro,Estaciones de autobús,TRANSPORTE,"Retiro, 28014 Madrid, Spain",4,4,—,Abierto,40.4163,-3.68913,https://maps.google.com/?cid=7680508110986507208,,,,NO,SI
Sportium,Casinos,LOCALES DE OCIO NOCTURNO,"Calle de Silva, 10, Centro, 28004 Madrid, Spain","3,1",14,—,Abierto,40.4209,-3.70648,https://maps.google.com/?cid=13565036819382542450,http://www.sportium.es/,Monday: 10:30AM–1:30AM | Tuesday: 10:30AM–1:30AM | Wednesday: 10:30AM–1:30AM | Thursday: 10:30AM–1:30AM | Friday: 10:30AM–1:30AM | Saturday: 10:30AM–1:30AM | Sunday: 10:30AM–1:30AM,,NO,SI
HM Hospital Universitario Madrid,"Clínicas, Hospitales",SALUD,"Pl. del Conde del Valle de Súchil, 16, Chamberí, 28015 Madrid, Spain","3,2",1083,—,Abierto,40.4313,-3.70677,https://maps.google.com/?cid=2576941601403024312,https://www.hmmadrid.com/,Monday: Open 24 hours | Tuesday: Open 24 hours | Wednesday: Open 24 hours | Thursday: Open 24 hours | Friday: Open 24 hours | Saturday: Open 24 hours | Sunday: Open 24 hours,919 37 00 00,NO,SI
Cafeteria and public parking in Atocha Ruiz Group,Aparcamientos,GASOLINERAS Y APARCAMIENTOS,"Rda. de Atocha, 12, Centro, 28012 Madrid, Spain","3,3",476,Barato,Abierto,40.4068,-3.69639,https://maps.google.com/?cid=2412762019755078865,,Monday: Open 24 hours | Tuesday: Open 24 hours | Wednesday: Open 24 hours | Thursday: Open 24 hours | Friday: Open 24 hours | Saturday: Open 24 hours | Sunday: Open 24 hours,914 68 08 50,NO,SI
Embajadores,Estaciones de autobús,TRANSPORTE,"Arganzuela, 28012 Madrid, Spain",3,2,—,Abierto,40.4049,-3.70195,https://maps.google.com/?cid=4942012851516871827,,,,NO,NO
Centro de Cultura Contemporánea Conde Duque,"Bibliotecas, Centros culturales, Galerías de arte, Montañas, Museos, Oficinas de turismo, Senderismo","CULTURA OCIO Y NATURALEZA, EDUCACIÓN, ESPACIOS DEPORTIVOS, OFICINAS DE TURISMO","C. del Conde Duque, 11, Centro, 28015 Madrid, Spain","4,5",1237,—,Abierto,40.4274,-3.71071,https://maps.google.com/?cid=9172276945858157046,http://www.condeduquemadrid.es/,"Monday: 10:00AM–3:00PM, 5:30–8:00PM | Tuesday: 10:00AM–3:00PM, 5:30–8:00PM | Wednesday: 10:00AM–3:00PM, 5:30–8:00PM | Thursday: 10:00AM–3:00PM, 5:30–8:00PM | Friday: 10:00AM–3:00PM, 5:30–8:00PM | Saturday: 10:00AM–3:00PM, 5:30–8:00PM | Sunday: 10:30AM–1:30PM",917 79 13 45,NO,SI
Clínica Cemeresi,Hospitales,SALUD,"C. de Martín de los Heros, 63, local izquierdo, Moncloa - Aravaca, 28008 Madrid, Spain","4,2",128,—,Abierto,40.4291,-3.71783,https://maps.google.com/?cid=987936392792495150,http://www.clinicacemeresi.com/,Monday: 10:00AM–8:00PM | Tuesday: 10:00AM–8:00PM | Wednesday: 10:00AM–8:00PM | Thursday: 10:00AM–8:00PM | Friday: 10:00AM–8:00PM | Saturday: Closed | Sunday: Closed,637 68 79 34,NO,SI
Bodega de la Ardosa,"Bares, Cervecerías, Coctelerías","COMIDA Y BEBIDA, LOCALES DE OCIO NOCTURNO","C. de Colón, 13, Centro, 28004 Madrid, Spain","4,2",7137,Moderado,Abierto,40.4237,-3.70175,https://maps.google.com/?cid=9621959801930236433,http://www.laardosa.es/,Monday: 9:00AM–2:00AM | Tuesday: 9:00AM–2:00AM | Wednesday: 9:00AM–2:00AM | Thursday: 9:00AM–2:00AM | Friday: 9:00AM–2:30AM | Saturday: 9:00AM–2:30AM | Sunday: 9:00AM–2:00AM,915 21 49 79,NO,NO
El Rastro,Estaciones de autobús,TRANSPORTE,"Arganzuela, 28005 Madrid, Spain","4,6",8,—,Abierto,40.4058,-3.70797,https://maps.google.com/?cid=4418069803102399998,,,,NO,SI
Parish of Santa Elena,"Basílicas, Catedrales, Conventos, Ermitas, Iglesias, Monasterios",ESPACIOS RELIGIOSOS,"C. de Orfila, 1, Chamberí, 28010 Madrid, Spain","4,6",129,—,Abierto,40.4274,-3.69335,https://maps.google.com/?cid=8680356776735332755,https://parroquiasantaelena.org/index.php,"Monday: 8:00AM–2:00PM, 6:30–8:30PM | Tuesday: 8:00AM–2:00PM, 6:30–8:30PM | Wednesday: 8:00AM–2:00PM, 6:30–8:30PM | Thursday: 8:00AM–2:00PM, 6:30–8:30PM | Friday: 8:00AM–2:00PM, 6:30–8:30PM | Saturday: 10:30AM–1:30PM, 6:30–8:30PM | Sunday: 10:30AM–2:00PM, 6:30–8:30PM",913 19 18 75,NO,SI
Pilates Contrology Institute Madrid,Gimnasios,ESPACIOS DEPORTIVOS,"C. del Tutor, 21, Moncloa - Aravaca, 28008 Madrid, Spain",5,42,—,Abierto,40.4273,-3.71536,https://maps.google.com/?cid=3948585322438856082,http://www.pilatescim.com/,Monday: 7:30AM–7:00PM | Tuesday: 7:30AM–7:00PM | Wednesday: 7:30AM–7:00PM | Thursday: 7:30AM–7:00PM | Friday: 7:30AM–7:00PM | Saturday: Closed | Sunday: Closed,635 42 77 69,NO,SI
GRUPO CHAMARTIN S.A,"Jardines, Parques, Parques naturales",CULTURA OCIO Y NATURALEZA,"C. de Ruiz de Alarcón, 27, Retiro, 28014 Madrid, Spain","3,5",4,—,Abierto,40.4129,-3.6913,https://maps.google.com/?cid=3410484764772104493,http://www.grupochamartin.com/,,913 69 07 51,NO,NO
Bohindra Librería,Librerías,TIENDAS,"C. de la Paz, 15, Centro, 28012 Madrid, Spain","4,7",721,—,Abierto,40.4151,-3.70419,https://maps.google.com/?cid=17325047717861445093,http://www.bohindra.com/,"Monday: 10:00AM–8:30PM | Tuesday: 10:00AM–8:30PM | Wednesday: 10:00AM–8:30PM | Thursday: 10:00AM–8:30PM | Friday: 10:00AM–8:30PM | Saturday: 10:00AM–2:30PM, 4:30–8:30PM | Sunday: Closed",915 21 37 57,NO,NO
Shake Box,Centros comerciales,TIENDAS,"cc principe pio, P.º de la Florida, Moncloa - Aravaca, 28008 Madrid, Spain","4,3",6,—,Abierto,40.4224,-3.72068,https://maps.google.com/?cid=7560477757447889045,,Monday: 10:00AM–10:00PM | Tuesday: 10:00AM–10:00PM | Wednesday: 10:00AM–10:00PM | Thursday: 10:00AM–10:00PM | Friday: 10:00AM–10:00PM | Saturday: 10:00AM–10:00PM | Sunday: 10:00AM–10:00PM,630 63 79 81,NO,SI
Petit Palace Plaza España,"Albergues, Apartamentos turísticos, Campos de golf, Hostales, Hoteles, Templos budistas","ALOJAMIENTOS, ESPACIOS DEPORTIVOS, ESPACIOS RELIGIOSOS","C. de San Bernardo, 3, Centro, 28013 Madrid, Spain","4,2",1380,—,Abierto,40.4208,-3.70835,https://maps.google.com/?cid=2064314550537977475,https://www.petitpalaceplazaespana.com/es/?utm_source=google&utm_medium=organic&utm_campaign=MyBusiness&utm_content=BER1&origin_source=google&origin_medium=organic&origin_campaign=MyBusiness,,915 42 51 15,NO,SI
Monete Club,Discotecas,LOCALES DE OCIO NOCTURNO,"C. de Caños Viejos, 3, Centro, 28005 Madrid, Spain",4,839,Barato,Abierto,40.4133,-3.71325,https://maps.google.com/?cid=1373307757098391474,https://www.privateaser.es/local/53411-Monete-club,Monday: Closed | Tuesday: Closed | Wednesday: 11:00PM–6:00AM | Thursday: 11:00PM–6:00AM | Friday: 11:00PM–6:00AM | Saturday: 11:00PM–6:00AM | Sunday: Closed,911 67 41 52,SI,NO
Atenea Madrid,Joyerías,TIENDAS,"C. del Amparo, 30, Centro, 28012 Madrid, Spain",5,27,—,Abierto,40.4094,-3.70307,https://maps.google.com/?cid=3661711126241498278,,Monday: 9:30AM–5:00PM | Tuesday: 9:30AM–5:00PM | Wednesday: 9:30AM–5:00PM | Thursday: 9:30AM–5:00PM | Friday: 9:30AM–5:00PM | Saturday: 9:30AM–1:30PM | Sunday: Closed,915 39 03 88,NO,NO
Hotel NH Madrid Ribera del Manzanares,"Albergues, Apartamentos turísticos, Hostales, Hoteles",ALOJAMIENTOS,"P.º de la Virgen del Puerto, 57, Arganzuela, 28005 Madrid, Spain","4,5",4473,—,Abierto,40.4063,-3.72182,https://maps.google.com/?cid=18395497844570423875,https://www.nh-hotels.com/en/hotel/nh-madrid-ribera-del-manzanares?utm_campaign=local-gmb&utm_medium=organic_search&utm_source=google_gmb,Monday: Open 24 hours | Tuesday: Open 24 hours | Wednesday: Open 24 hours | Thursday: Open 24 hours | Friday: Open 24 hours | Saturday: Open 24 hours | Sunday: Open 24 hours,913 64 32 48,NO,SI
Fundación Universitaria Española,Bibliotecas,EDUCACIÓN,"C. Alcalá, 93, Salamanca, 28009 Madrid, Spain",4,10,—,Abierto,40.421,-3.68483,https://maps.google.com/?cid=7256715165214521082,http://www.fuesp.com/,Monday: 8:30AM–2:30PM | Tuesday: 8:30AM–2:30PM | Wednesday: 8:30AM–2:30PM | Thursday: 8:30AM–2:30PM | Friday: 9:15AM–1:45PM | Saturday: Closed | Sunday: Closed,914 31 11 22,NO,SI
Naferterapia,Gimnasios,ESPACIOS DEPORTIVOS,"C. de Moreno Nieto, 10, Arganzuela, 28005 Madrid, Spain","4,9",153,—,Abierto,40.4121,-3.71987,https://maps.google.com/?cid=12731943553757746489,http://www.naferterapia.com/,Monday: 9:00AM–9:00PM | Tuesday: 9:00AM–9:00PM | Wednesday: 9:00AM–9:00PM | Thursday: 9:00AM–9:00PM | Friday: 9:00AM–8:00PM | Saturday: Closed | Sunday: Closed,913 65 11 63,NO,SI
Herramientas De Joyería Grupo 3H,Joyerías,TIENDAS,"C. Mayor, 6, 3° puerta 8, Centro, 28013 Madrid, Spain","4,8",25,—,Abierto,40.4165,-3.70573,https://maps.google.com/?cid=3645787847748541263,https://herramientasjoyeria3h.es/,Monday: 8:30AM–5:00PM | Tuesday: 8:30AM–5:00PM | Wednesday: 8:30AM–5:00PM | Thursday: 8:30AM–5:00PM | Friday: 8:30AM–5:00PM | Saturday: Closed | Sunday: Closed,627 17 97 00,NO,NO
Todo en Belleza,"Piscinas, Spas",ESPACIOS DEPORTIVOS,"C. de Luchana, 25, Chamberí, 28010 Madrid, Spain","4,7",593,—,Abierto,40.4313,-3.69945,https://maps.google.com/?cid=1179548310199674371,https://www.todoenbelleza.es/,Monday: 11:00AM–8:00PM | Tuesday: 11:00AM–8:00PM | Wednesday: 11:00AM–8:00PM | Thursday: 11:00AM–8:00PM | Friday: 11:00AM–8:00PM | Saturday: Closed | Sunday: Closed,918 83 44 55,NO,SI
European School of Economics,Universidades,EDUCACIÓN,"C. de Antonio Maura, 12, Bajo Izquierda, Retiro, 28014 Madrid, Spain","4,6",19,—,Abierto,40.4163,-3.69071,https://maps.google.com/?cid=984571693312412630,https://ese.ac.uk/,Monday: 10:00AM–7:00PM | Tuesday: 10:00AM–7:00PM | Wednesday: 10:00AM–7:00PM | Thursday: 10:00AM–7:00PM | Friday: 10:00AM–7:00PM | Saturday: Closed | Sunday: Closed,919 33 04 96,NO,SI
Centro de Estética Carmen Navarro Buen Suceso,"Piscinas, Spas",ESPACIOS DEPORTIVOS,"Calle del Buen Suceso, 8, Moncloa - Aravaca, 28008 Madrid, Spain","4,6",96,—,Abierto,40.4294,-3.71646,https://maps.google.com/?cid=3554360508849178284,https://carmennavarro.com/,Monday: 10:00AM–8:00PM | Tuesday: 10:00AM–8:00PM | Wednesday: 10:00AM–8:00PM | Thursday: 10:00AM–8:00PM | Friday: 10:00AM–8:00PM | Saturday: Closed | Sunday: Closed,915 41 81 13,NO,NO
Plaza de Olavide Garden,"Jardines, Parques, Parques naturales",CULTURA OCIO Y NATURALEZA,"Plaza de Olavide, 16, Chamberí, 28010 Madrid, Spain","4,3",3350,—,Abierto,40.4327,-3.70111,https://maps.google.com/?cid=2649522110643814363,https://www.madrid.es/portales/munimadrid/es/Inicio/Medio-ambiente/Parques-y-jardines/Direcciones-y-telefonos/Jardines-de-la-Plaza-de-Olavide/?vgnextfmt=default&vgnextoid=091b882aacd2e210VgnVCM2000000c205a0aRCRD&vgnextchannel=ebb679ed268fe410VgnVCM1000000b205a0aRCRD,Monday: Open 24 hours | Tuesday: Open 24 hours | Wednesday: Open 24 hours | Thursday: Open 24 hours | Friday: Open 24 hours | Saturday: Open 24 hours | Sunday: Open 24 hours,,NO,SI
Hybrid Art Fair,"Centros culturales, Museos",CULTURA OCIO Y NATURALEZA,"Plaza de Sta. Bárbara, 10, Centro, 28004 Madrid, Spain","4,2",19,—,Cerrado temporalmente,40.4264,-3.69628,https://maps.google.com/?cid=5879225878767819022,https://hybridart.es/,,640 19 09 42,NO,SI
Hammam Al Ándalus Madrid Plaza Mayor,"Piscinas, Spas",ESPACIOS DEPORTIVOS,"C. de Atocha, 14, Centro, 28012 Madrid, Spain","4,4",5610,—,Abierto,40.4143,-3.70439,https://maps.google.com/?cid=18336416419418614317,https://madrid.hammamalandalus.com/?utm_source=gbp&utm_medium=sitioweb&utm_campaign=gbp-web,Monday: 9:30AM–11:30PM | Tuesday: 9:30AM–11:30PM | Wednesday: 9:30AM–11:30PM | Thursday: 9:30AM–11:30PM | Friday: 9:30AM–11:30PM | Saturday: 9:30AM–11:30PM | Sunday: 9:30AM–11:30PM,914 29 90 20,NO,NO
García Salgado Pharmacy,Farmacias,SALUD,"Gta. de Ruiz Giménez, 8, Centro, 28015 Madrid, Spain","2,7",66,—,Abierto,40.4291,-3.70558,https://maps.google.com/?cid=6164060134422218804,,Monday: 9:30AM–9:30PM | Tuesday: 9:30AM–9:30PM | Wednesday: 9:30AM–9:30PM | Thursday: 9:30AM–9:30PM | Friday: 9:30AM–9:30PM | Saturday: 9:30AM–9:30PM | Sunday: 9:30AM–9:30PM,914 45 09 45,NO,SI
Imprenta Municipal - Artes del Libro,"Centros culturales, Museos",CULTURA OCIO Y NATURALEZA,"C. de Concepción Jerónima, 15, Centro, 28012 Madrid, Spain","4,6",932,—,Abierto,40.4138,-3.70547,https://maps.google.com/?cid=9295108051778870471,http://www.madrid.es/imprentamunicipal,Monday: Closed | Tuesday: 10:00AM–7:00PM | Wednesday: 10:00AM–7:00PM | Thursday: 10:00AM–7:00PM | Friday: 10:00AM–7:00PM | Saturday: 10:00AM–7:00PM | Sunday: 10:00AM–7:00PM,914 29 42 71,NO,SI
Pías Discipulas del Divino Maestro,"Basílicas, Catedrales, Conventos, Ermitas, Iglesias, Monasterios",ESPACIOS RELIGIOSOS,"C. de Bordadores, 11, Centro, 28013 Madrid, Spain",0,0,—,Abierto,40.417,-3.70733,https://maps.google.com/?cid=6702086818751951125,,,915 59 06 69,NO,NO
RedRoom,Galerías de arte,CULTURA OCIO Y NATURALEZA,"C. del Monte Esquinza, 8, Chamberí, 28010 Madrid, Spain",0,0,—,Abierto,40.4271,-3.69213,https://maps.google.com/?cid=4360054330484368342,,,,NO,NO
Galería Blanca Berlín,Galerías de arte,CULTURA OCIO Y NATURALEZA,"C. del Limón, 28, Centro, 28015 Madrid, Spain","4,5",106,—,Abierto,40.4271,-3.71014,https://maps.google.com/?cid=6758339222459528674,http://www.blancaberlingaleria.com/,"Monday: Closed | Tuesday: Closed | Wednesday: 11:00AM–2:30PM, 5:00–8:00PM | Thursday: 11:00AM–2:30PM, 5:00–8:00PM | Friday: 11:00AM–2:30PM, 5:00–8:00PM | Saturday: 11:00AM–2:30PM, 5:00–8:00PM | Sunday: Closed",915 42 93 13,NO,SI
Plaza Emma,"Jardines, Parques, Parques naturales",CULTURA OCIO Y NATURALEZA,"Calle de la Bolsa, 10, Centro, Centro, 28012 Madrid, Spain",4,2,—,Abierto,40.415,-3.70486,https://maps.google.com/?cid=4093270682535669742,,Monday: Open 24 hours | Tuesday: Open 24 hours | Wednesday: Open 24 hours | Thursday: Open 24 hours | Friday: Open 24 hours | Saturday: Open 24 hours | Sunday: Open 24 hours,,NO,SI
Farmacia Botica San Miguel,Farmacias,SALUD,"Metro Sol Metro Ópera, Pl. de San Miguel, 8, Centro, 28005 Madrid, Spain","4,6",112,—,Abierto,40.4153,-3.70947,https://maps.google.com/?cid=17364021024955179370,,Monday: 9:30AM–9:30PM | Tuesday: 9:30AM–9:30PM | Wednesday: 9:30AM–9:30PM | Thursday: 9:30AM–9:30PM | Friday: 9:30AM–9:30PM | Saturday: 9:30AM–9:30PM | Sunday: 9:30AM–9:30PM,608 37 78 87,NO,NO
OZIUM M-12 SALÓN DE JUEGOS,Casinos,LOCALES DE OCIO NOCTURNO,"C. de los Estudios, 2, Centro, 28012 Madrid, Spain",1,1,—,Abierto,40.4123,-3.70754,https://maps.google.com/?cid=17344802450015782140,http://www.ozium.es/,Monday: 10:00AM–12:30AM | Tuesday: 10:00AM–12:30AM | Wednesday: 10:00AM–12:30AM | Thursday: 10:00AM–12:30AM | Friday: 10:00AM–1:00AM | Saturday: 10:00AM–1:00AM | Sunday: 10:00AM–12:30AM,913 66 78 07,NO,NO
Hotel Casón del Tormes,"Bares, Cafés, Cervecerías, Coctelerías, Mercados, Perfumerías, Tiendas","COMIDA Y BEBIDA, LOCALES DE OCIO NOCTURNO, TIENDAS","C. del Río, 7, Centro, 28013 Madrid, Spain","4,3",1093,—,Abierto,40.4223,-3.7116,https://maps.google.com/?cid=6987984796914043281,http://www.hotelcasondeltormes.com/,,915 41 97 46,NO,SI
The Comic Co.,Librerías,TIENDAS,"Calle del Divino Pastor, 17, Centro, 28004 Madrid, Spain","4,7",239,—,Abierto,40.4274,-3.70327,https://maps.google.com/?cid=16010766593476976621,http://www.thecomicco.com/,"Monday: 11:00AM–2:00PM, 5:00–9:00PM | Tuesday: 11:00AM–2:00PM, 5:00–9:00PM | Wednesday: 11:00AM–2:00PM, 5:00–9:00PM | Thursday: 11:00AM–2:00PM, 5:00–9:00PM | Friday: 11:00AM–2:00PM, 5:00–9:00PM | Saturday: 11:00AM–2:00PM, 5:00–9:00PM | Sunday: Closed",914 45 79 15,NO,NO
Ropa de Trabajo | Azules de Vergara,"Tiendas de ropa, Zapaterías",TIENDAS,"Calle de Jordán, 4, Chamberí, 28010 Madrid, Spain","4,4",570,—,Abierto,40.4326,-3.70352,https://maps.google.com/?cid=278323989661852407,https://www.azulesdevergara.com/,Monday: 9:00AM–5:00PM | Tuesday: 9:00AM–5:00PM | Wednesday: 9:00AM–5:00PM | Thursday: 9:00AM–5:00PM | Friday: 9:00AM–5:00PM | Saturday: Closed | Sunday: Closed,914 48 78 10,NO,SI
Ópera,Estaciones de autobús,TRANSPORTE,"Centro, 28013 Madrid, Spain",0,0,—,Abierto,40.4185,-3.71016,https://maps.google.com/?cid=5603697344799350086,,,,NO,SI
"Corporación Fisiogestión Plaza España | Rehabilitación, Fisioterapia y Logopedia",Gimnasios,ESPACIOS DEPORTIVOS,"C/ del Maestro Guerrero, 8, Centro, 28015 Madrid, Spain","4,4",366,—,Abierto,40.4246,-3.71063,https://maps.google.com/?cid=1217476617700571744,https://www.fisiogestion.com/centros/plaza-espana/?utm_source=google&utm_medium=maps&utm_campaign=Google%20Maps&utm_content=PlazaEspana,Monday: 8:00AM–9:00PM | Tuesday: 8:00AM–9:00PM | Wednesday: 8:00AM–9:00PM | Thursday: 8:00AM–9:00PM | Friday: 8:00AM–9:00PM | Saturday: Closed | Sunday: Closed,910 82 00 32,NO,SI
SanMan Tattoo Parlor,"Piscinas, Spas",ESPACIOS DEPORTIVOS,"Paseo de las Delicias, 40, Arganzuela, 28045 Madrid, Spain","4,9",414,—,Abierto,40.4034,-3.69367,https://maps.google.com/?cid=8715664534276179625,https://www.sanmantattoo.com/,"Monday: Closed | Tuesday: 11:30AM–2:30PM, 4:30–9:00PM | Wednesday: 11:30AM–2:30PM, 4:30–9:00PM | Thursday: 11:30AM–2:30PM, 4:30–9:00PM | Friday: 11:30AM–2:30PM, 4:30–9:00PM | Saturday: 12:00–2:00PM, 4:00–8:00PM | Sunday: Closed",608 31 88 72,NO,SI
Las Vistillas,Estaciones de autobús,TRANSPORTE,"Centro, 28005 Madrid, Spain",5,1,—,Abierto,40.412,-3.71377,https://maps.google.com/?cid=3160579584462430934,,,,NO,NO
Atocha,Estaciones de metro,TRANSPORTE,"Arganzuela, 28007 Madrid, Spain","3,2",299,—,Abierto,40.4065,-3.68939,https://maps.google.com/?cid=15199290123612299337,https://www.metromadrid.es/es/linea/linea-1#estacion-116,,,NO,SI
STRONG,Discotecas,LOCALES DE OCIO NOCTURNO,"C. de Trujillos, 7, Centro, 28013 Madrid, Spain","4,1",1450,Moderado,Abierto,40.4187,-3.70747,https://maps.google.com/?cid=5981372365092813200,https://www.strong.madrid/,Monday: 11:00PM–6:00AM | Tuesday: 11:00PM–6:00AM | Wednesday: 11:00PM–6:00AM | Thursday: 11:00PM–6:00AM | Friday: 11:00PM–6:00AM | Saturday: 11:00PM–6:00AM | Sunday: 6:00PM–6:00AM,910 64 78 96,NO,NO
Salamandra Boulder Café Rocodromo,Gimnasios,ESPACIOS DEPORTIVOS,"C. de Escosura, 5, Chamberí, 28015 Madrid, Spain","4,6",117,—,Cerrado temporalmente,40.4343,-3.707,https://maps.google.com/?cid=14577343300196422353,http://www.salamandra-bc.com/,,914 46 51 29,NO,NO
Association of Industrial Property Agents,Colegios,EDUCACIÓN,"C. de la Montera, 13, Centro, 28013 Madrid, Spain",0,0,—,Abierto,40.4178,-3.70297,https://maps.google.com/?cid=12258556397218618675,http://www.coapi.org/,,915 22 38 24,NO,NO
Barceló Theatre,Discotecas,LOCALES DE OCIO NOCTURNO,"C. de Barceló, 11, Centro, 28004 Madrid, Spain","3,5",6956,Caro,Abierto,40.427,-3.69979,https://maps.google.com/?cid=8823429009575331122,https://teatrobarcelo.com/,Monday: 11:59PM–6:00AM | Tuesday: Closed | Wednesday: 11:59PM–5:30AM | Thursday: 11:59PM–5:30AM | Friday: 11:59PM–6:00AM | Saturday: 11:59PM–6:00AM | Sunday: Closed,914 47 01 28,SI,SI
Hotel Europa,"Albergues, Apartamentos turísticos, Campos de golf, Hostales, Hoteles, Templos budistas","ALOJAMIENTOS, ESPACIOS DEPORTIVOS, ESPACIOS RELIGIOSOS","C. del Carmen, 4, Centro, 28013 Madrid, Spain","4,4",2121,—,Abierto,40.4175,-3.70339,https://maps.google.com/?cid=5061960524714923824,http://www.hoteleuropa.eu/,Monday: Open 24 hours | Tuesday: Open 24 hours | Wednesday: Open 24 hours | Thursday: Open 24 hours | Friday: Open 24 hours | Saturday: Open 24 hours | Sunday: Open 24 hours,915 21 29 00,NO,SI
[P] Parking Lavapiés - Amparo,Aparcamientos,GASOLINERAS Y APARCAMIENTOS,"C. del Amparo, 75, Centro, 28012 Madrid, Spain","3,6",58,—,Abierto,40.4079,-3.70152,https://maps.google.com/?cid=15976177985595913091,https://www.misparkings.com/parking-madrid/parking-lavapies-amparo,Monday: Open 24 hours | Tuesday: Open 24 hours | Wednesday: Open 24 hours | Thursday: Open 24 hours | Friday: Open 24 hours | Saturday: Open 24 hours | Sunday: Open 24 hours,910 88 11 40,NO,SI
El Corte Inglés Callao Edificio 4 (Mascotas) Madrid,Centros comerciales,TIENDAS,"C. del Maestro Victoria, 6, Centro, 28013 Madrid, Spain",4,1028,—,Abierto,40.4183,-3.70522,https://maps.google.com/?cid=3815805587482319024,https://www.elcorteingles.es/centroscomerciales/es/eci/centros/centro-comercial-preciados-callao,Monday: 10:00AM–10:00PM | Tuesday: 10:00AM–10:00PM | Wednesday: 10:00AM–10:00PM | Thursday: 10:00AM–10:00PM | Friday: 10:00AM–10:00PM | Saturday: 10:00AM–10:00PM | Sunday: 11:00AM–9:00PM,913 79 80 00,NO,SI
CánceRevolución,Clínicas,SALUD,"C. del Gobernador, 3, bajo, Centro, 28014 Madrid, Spain",0,0,—,Abierto,40.4117,-3.69637,https://maps.google.com/?cid=3615879474334089427,,Monday: 9:00AM–9:00PM | Tuesday: 9:00AM–9:00PM | Wednesday: 9:00AM–9:00PM | Thursday: 9:00AM–9:00PM | Friday: 9:00AM–9:00PM | Saturday: 9:00AM–9:00PM | Sunday: 9:00AM–9:00PM,686 99 61 80,NO,NO
Publicaciones Claretianas. Editorial Católica,"Basílicas, Catedrales, Conventos, Ermitas, Iglesias, Monasterios",ESPACIOS RELIGIOSOS,"C. de Juan Álvarez Mendizábal, 65A, Moncloa - Aravaca, 28008 Madrid, Spain",5,3,—,Abierto,40.4289,-3.71882,https://maps.google.com/?cid=6371386578598660915,http://www.publicacionesclaretianas.com/,Monday: 9:00AM–6:30PM | Tuesday: 9:00AM–6:30PM | Wednesday: 9:00AM–6:30PM | Thursday: 9:00AM–6:30PM | Friday: 9:00AM–6:30PM | Saturday: Closed | Sunday: Closed,915 40 12 67,NO,NO
Carrefour Market,Supermercados,COMIDA Y BEBIDA,"Calle Gasómetro Esquina, Calle de San Isidoro de Sevilla, Arganzuela, 28005 Madrid, Spain",4,1288,—,Abierto,40.4036,-3.70818,https://maps.google.com/?cid=83800949620668426,https://www.carrefour.es/tiendas-carrefour/supermercados/carrefour-market/acacias_-_s.aspx,Monday: 8:30AM–10:00PM | Tuesday: 8:30AM–10:00PM | Wednesday: 8:30AM–10:00PM | Thursday: 8:30AM–10:00PM | Friday: 8:30AM–10:00PM | Saturday: 8:30AM–10:00PM | Sunday: 8:30AM–10:00PM,640 28 29 11,NO,SI
Syldavia Cinema,"Cines, Teatros",CULTURA OCIO Y NATURALEZA,"C. de San Bernardo, 20, Centro, 28015 Madrid, Spain",0,0,—,Abierto,40.4226,-3.7073,https://maps.google.com/?cid=17705339064466343827,https://www.syldaviacinema.info/contacto/,,910 55 72 35,NO,NO
Colorsm,"Cines, Teatros",CULTURA OCIO Y NATURALEZA,"C. del Laurel, 3, 5º f, Arganzuela, 28005 Madrid, Spain",0,0,—,Abierto,40.404,-3.70546,https://maps.google.com/?cid=4670517934803811028,,Monday: 8:00AM–9:00PM | Tuesday: 8:00AM–9:00PM | Wednesday: 8:00AM–9:00PM | Thursday: 8:00AM–9:00PM | Friday: 8:00AM–9:00PM | Saturday: Closed | Sunday: Closed,661 73 66 55,NO,NO
Madridculturetour,"Centros culturales, Museos",CULTURA OCIO Y NATURALEZA,"C. del Hospital, 2, Centro, 28012 Madrid, Spain",5,1,—,Abierto,40.4086,-3.69521,https://maps.google.com/?cid=2582804138009135299,,,607 01 75 94,NO,NO
Study Room,Bibliotecas,EDUCACIÓN,"C. de la Batalla del Salado, 13, Arganzuela, 28045 Madrid, Spain","3,9",78,—,Abierto,40.4025,-3.69552,https://maps.google.com/?cid=5284183682677046448,,Monday: 9:00AM–9:00PM | Tuesday: 9:00AM–9:00PM | Wednesday: 9:00AM–9:00PM | Thursday: 9:00AM–9:00PM | Friday: 9:00AM–9:00PM | Saturday: Closed | Sunday: Closed,915 06 36 10,NO,SI
La Casa De La Troya,Librerías,TIENDAS,"C. de los Libreros, 6, BAJO, Centro, 28004 Madrid, Spain","4,5",89,—,Abierto,40.4215,-3.70657,https://maps.google.com/?cid=11406214435562380159,http://www.librerialacasadelatroya.es/,"Monday: 10:00AM–2:00PM, 5:00–8:00PM | Tuesday: 10:00AM–2:00PM, 5:00–8:00PM | Wednesday: 10:00AM–2:00PM, 5:00–8:00PM | Thursday: 10:00AM–2:00PM, 5:00–8:00PM | Friday: 10:00AM–2:00PM, 5:00–8:00PM | Saturday: 10:00AM–2:00PM | Sunday: Closed",915 21 94 10,NO,NO
La Musa Latina,"Bares, Cervecerías, Coctelerías","COMIDA Y BEBIDA, LOCALES DE OCIO NOCTURNO","Cost.ª de San Andrés, 12, Centro, 28005 Madrid, Spain","4,4",6008,Moderado,Abierto,40.4127,-3.71191,https://maps.google.com/?cid=11299379746788690756,https://grupolamusa.com/restaurante-musa-latina/,Monday: 10:00AM–12:00AM | Tuesday: 10:00AM–12:00AM | Wednesday: 10:00AM–12:00AM | Thursday: 10:00AM–1:00AM | Friday: 10:00AM–2:00AM | Saturday: 10:00AM–2:00AM | Sunday: 10:00AM–12:00AM,911 23 53 79,SI,NO
Grupo Geslama - Bravo Murillo,Gasolineras,GASOLINERAS Y APARCAMIENTOS,"C. de Bravo Murillo, 12, Chamberí, 28015 Madrid, Spain",0,0,—,Abierto,40.4347,-3.70423,https://maps.google.com/?cid=13150005817890032684,https://www.grupogeslama.com/laravaca-oil,"Monday: 8:00AM–3:00PM, 4:30–8:00PM | Tuesday: 8:00AM–3:00PM, 4:30–8:00PM | Wednesday: 8:00AM–3:00PM, 4:30–8:00PM | Thursday: 8:00AM–3:00PM, 4:30–8:00PM | Friday: 8:00AM–3:00PM, 4:30–8:00PM | Saturday: 8:00AM–2:00PM | Sunday: Closed",,NO,NO
HUMANA Vintage,Tiendas de ropa,TIENDAS,"C. de Atocha, 68, Centro, 28012 Madrid, Spain","4,1",581,—,Abierto,40.4115,-3.6978,https://maps.google.com/?cid=6925228516240970267,https://www.humana-spain.org/,Monday: 10:00AM–9:00PM | Tuesday: 10:00AM–9:00PM | Wednesday: 10:00AM–9:00PM | Thursday: 10:00AM–9:00PM | Friday: 10:00AM–9:00PM | Saturday: 10:00AM–9:00PM | Sunday: 12:00–8:00PM,915 30 78 24,NO,NO
Dra. Pilar Garrido Lapeña,Clínicas,SALUD,"C. de Atocha, 68, Centro, 28012 Madrid, Spain","4,2",67,—,Abierto,40.4116,-3.69786,https://maps.google.com/?cid=14297242378625603387,http://www.clinicadentalpilargarrido.es/,Monday: 10:00AM–8:00PM | Tuesday: 10:00AM–8:00PM | Wednesday: 10:00AM–8:00PM | Thursday: 10:00AM–8:00PM | Friday: 10:00AM–1:00PM | Saturday: Closed | Sunday: Closed,915 39 33 30,NO,NO
Tienda Erótica Los Placeres de Lola,"Mercados, Perfumerías, Tiendas","COMIDA Y BEBIDA, TIENDAS","Calle del Dr. Fourquet, 34, Centro, 28012 Madrid, Spain","4,8",121,—,Abierto,40.407,-3.69973,https://maps.google.com/?cid=13476951548739383144,http://www.losplaceresdelola.com/,Monday: 12:00–9:00PM | Tuesday: 12:00–9:00PM | Wednesday: 12:00–9:00PM | Thursday: 12:00–9:00PM | Friday: 12:00–9:00PM | Saturday: 12:00–9:00PM | Sunday: Closed,914 68 61 78,NO,NO
Bilbao,Estaciones de metro,TRANSPORTE,"Chamberí, 28004 Madrid, Spain",4,287,—,Abierto,40.429,-3.70218,https://maps.google.com/?cid=5244588290365845527,,,,NO,SI
Almacén de Pontejos,"Mercados, Perfumerías, Tiendas","COMIDA Y BEBIDA, TIENDAS","C. del Correo, 4, Centro, 28012 Madrid, Spain","4,4",4317,—,Abierto,40.4161,-3.7044,https://maps.google.com/?cid=14285506437632466561,https://www.pontejos.com/,"Monday: 9:30AM–2:00PM, 5:00–8:00PM | Tuesday: 9:30AM–2:00PM, 5:00–8:00PM | Wednesday: 9:30AM–2:00PM, 5:00–8:00PM | Thursday: 9:30AM–2:00PM, 5:00–8:00PM | Friday: 9:30AM–2:00PM, 5:00–8:00PM | Saturday: 9:30AM–2:00PM | Sunday: Closed",915 21 55 94,NO,NO
Assari,"Clínicas, Gimnasios","ESPACIOS DEPORTIVOS, SALUD","C. de Serrano, 6, Salamanca, 28001 Madrid, Spain","4,7",68,—,Abierto,40.4214,-3.68827,https://maps.google.com/?cid=3421845363085960021,http://www.assari.es/,Monday: 10:00AM–8:00PM | Tuesday: 10:00AM–8:00PM | Wednesday: 10:00AM–8:00PM | Thursday: 10:00AM–8:00PM | Friday: 10:00AM–8:00PM | Saturday: Closed | Sunday: Closed,915 61 85 40,NO,SI
Códice Asesores,Farmacias,SALUD,"1º, C. de Zurbarán, 8, Chamberí, 28010 Madrid, Spain",0,0,—,Abierto,40.4294,-3.69347,https://maps.google.com/?cid=8081284649700458248,https://www.asesorescodice.com/,,911 81 97 17,NO,NO
"Fitness & Wellness (inside Mandarin Oriental Ritz, Madrid)",Gimnasios,ESPACIOS DEPORTIVOS,"Pl. de la Lealtad, 5, Retiro, 28014 Madrid, Spain",0,0,—,Abierto,40.4154,-3.69247,https://maps.google.com/?cid=9389658634680266294,https://www.mandarinoriental.com/madrid/hotel-ritz/luxury-fitness-wellness?htl=RZMAD&kw=RZMAD_fitness&eng=google&src=local,,917 01 68 12,NO,NO
Carrefour Express,Supermercados,COMIDA Y BEBIDA,"Pl. del Ángel, 11, Centro, 28012 Madrid, Spain","3,9",142,—,Abierto,40.4142,-3.70205,https://maps.google.com/?cid=13832182757179683918,https://www.carrefour.es/tiendas-carrefour/supermercados/carrefour-express/plaza-del-angel-madrid-s.aspx,Monday: 9:00AM–11:00PM | Tuesday: 9:00AM–11:00PM | Wednesday: 9:00AM–11:00PM | Thursday: 9:00AM–11:00PM | Friday: 9:00AM–11:00PM | Saturday: 9:00AM–11:00PM | Sunday: 10:00AM–10:00PM,914 90 89 00,NO,SI
Calzados Toledo,Zapaterías,TIENDAS,"C. de Toledo, 20, Centro, 28005 Madrid, Spain","4,6",45,—,Abierto,40.4141,-3.7076,https://maps.google.com/?cid=11610775989573721508,,"Monday: 10:00AM–1:30PM, 4:30–8:00PM | Tuesday: 10:00AM–1:30PM, 4:30–8:00PM | Wednesday: 10:00AM–1:30PM, 4:30–8:00PM | Thursday: 10:00AM–1:30PM, 4:30–8:00PM | Friday: 10:00AM–1:30PM, 4:30–8:00PM | Saturday: 10:00AM–1:30PM | Sunday: Closed",913 66 54 71,NO,NO
Farmacia Juan de Austria,Farmacias,SALUD,"C. de Juan de Austria, 1, Semiesquina, Chamberí, 28010 Luchana, Madrid, Spain","4,5",20,—,Abierto,40.4317,-3.69915,https://maps.google.com/?cid=3392625920803122346,https://farmajuandeaustria1.com/,Monday: 9:00AM–9:00PM | Tuesday: 9:00AM–9:00PM | Wednesday: 9:00AM–9:00PM | Thursday: 9:00AM–9:00PM | Friday: 9:00AM–9:00PM | Saturday: 10:00AM–9:00PM | Sunday: Closed,914 46 79 73,NO,SI
Aparcamientos Gavirental,Aparcamientos,GASOLINERAS Y APARCAMIENTOS,"Calle del Dr Cortezo, 10, Centro, 28012 Madrid, Spain","3,8",123,—,Abierto,40.413,-3.70394,https://maps.google.com/?cid=13441443649722002186,http://www.gavirental.com/,Monday: Open 24 hours | Tuesday: Open 24 hours | Wednesday: Open 24 hours | Thursday: Open 24 hours | Friday: Open 24 hours | Saturday: Open 24 hours | Sunday: Open 24 hours,914 29 34 29,NO,SI
Farmacia PILAR BRUNA,Farmacias,SALUD,"Calle de Jerónimo de la Quintana, 2, Chamberí, 28010 Madrid, Spain","4,6",49,—,Abierto,40.4314,-3.70379,https://maps.google.com/?cid=7863527547558066758,http://www.parafarmaciapilarbruna.com/,Monday: 9:30AM–9:30PM | Tuesday: 9:30AM–9:30PM | Wednesday: 9:30AM–9:30PM | Thursday: 9:30AM–9:30PM | Friday: 9:30AM–9:30PM | Saturday: 9:30AM–2:30PM | Sunday: Closed,687 34 57 81,NO,SI
Rocódromo Urban Monkey - Madrid,Gimnasios,ESPACIOS DEPORTIVOS,"C. de Tarragona, 8, Arganzuela, 28045 Madrid, Spain","4,4",323,—,Abierto,40.4016,-3.69753,https://maps.google.com/?cid=2435793697061060466,http://www.urbanmonkey.es/,Monday: 9:30AM–10:00PM | Tuesday: 9:30AM–10:00PM | Wednesday: 9:30AM–10:00PM | Thursday: 9:30AM–10:00PM | Friday: 9:30AM–9:00PM | Saturday: Closed | Sunday: Closed,915 30 94 94,NO,SI
Galería Yuri López Kullins,Galerías de arte,CULTURA OCIO Y NATURALEZA,"Calle de Sta. Brígida, 23, Centro, 28004 Madrid, Spain","4,5",16,—,Abierto,40.4245,-3.69905,https://maps.google.com/?cid=6025634431194133904,http://yurilopezkullins.com/,,55 1698 5097,NO,NO
La Rollerie,Cafés,COMIDA Y BEBIDA,"Cra de S. Jerónimo, 26, Centro, 28014 Madrid, Spain","4,2",5328,Moderado,Abierto,40.4164,-3.69954,https://maps.google.com/?cid=13849718364447483901,http://www.larollerie.com/,Monday: 8:00AM–8:00PM | Tuesday: 8:00AM–8:00PM | Wednesday: 8:00AM–8:00PM | Thursday: 8:00AM–8:00PM | Friday: 8:00AM–8:00PM | Saturday: 9:00AM–9:00PM | Sunday: 9:00AM–8:00PM,914 29 61 96,SI,SI
Salvador Bachiller - Gravina Outlet,"Mercados, Perfumerías, Tiendas, Tiendas de ropa","COMIDA Y BEBIDA, TIENDAS","C. de Gravina, 11, Centro, 28004 Madrid, Spain","3,7",235,—,Abierto,40.423,-3.69738,https://maps.google.com/?cid=8340264972589172362,http://www.salvadorbachiller.com/,Monday: 11:00AM–9:00PM | Tuesday: 11:00AM–9:00PM | Wednesday: 11:00AM–9:00PM | Thursday: 11:00AM–9:00PM | Friday: 11:00AM–9:00PM | Saturday: 11:00AM–9:00PM | Sunday: 11:00AM–9:00PM,915 23 30 37,NO,NO
Hotel Madrisol,"Albergues, Apartamentos turísticos, Campos de golf, Hostales, Hoteles, Templos budistas","ALOJAMIENTOS, ESPACIOS DEPORTIVOS, ESPACIOS RELIGIOSOS","C. de Núñez de Arce, 1, Centro, 28012 Madrid, Spain","3,5",844,—,Abierto,40.4158,-3.70117,https://maps.google.com/?cid=5982264070168650361,http://www.hotelmadrisol.com/,Monday: Open 24 hours | Tuesday: Open 24 hours | Wednesday: Open 24 hours | Thursday: Open 24 hours | Friday: Open 24 hours | Saturday: Open 24 hours | Sunday: Open 24 hours,915 21 20 19,NO,SI
Clínica Noriega,Clínicas,SALUD,"C. de Tetuán, 21, Centro, 28013 Madrid, Spain","4,5",55,—,Abierto,40.4178,-3.70346,https://maps.google.com/?cid=2075189840219116550,http://www.clinicanoriega.es/,"Monday: 10:00AM–2:00PM, 5:00–8:00PM | Tuesday: 10:00AM–2:00PM, 5:00–8:00PM | Wednesday: 10:00AM–2:00PM, 5:00–8:00PM | Thursday: 10:00AM–2:00PM, 5:00–8:00PM | Friday: 10:00AM–2:00PM, 5:00–8:00PM | Saturday: Closed | Sunday: Closed",915 21 80 98,NO,SI
Bar Yambala,Cafés,COMIDA Y BEBIDA,"C. de los Coloreros, 4, Centro, 28013 Madrid, Spain","4,4",570,Moderado,Abierto,40.4165,-3.70695,https://maps.google.com/?cid=8696757336412349875,https://www.facebook.com/pages/Bar-yambala/101305056584587,Monday: 5:00PM–2:00AM | Tuesday: 5:00PM–2:00AM | Wednesday: 5:00PM–2:00AM | Thursday: 5:00PM–2:00AM | Friday: 5:00PM–2:30AM | Saturday: 5:00PM–2:30AM | Sunday: 5:00PM–2:00AM,619 84 64 49,NO,NO
Sala But,Discotecas,LOCALES DE OCIO NOCTURNO,"C. de Barceló, 11, Local B, Centro, 28004 Madrid, Spain","3,9",1524,Moderado,Abierto,40.4269,-3.69976,https://maps.google.com/?cid=2660387674547043468,https://salabut.es/,Monday: Closed | Tuesday: Closed | Wednesday: Closed | Thursday: Closed | Friday: 12:00–6:00AM | Saturday: 8:00PM–6:00AM | Sunday: 7:00PM–12:00AM,910 05 24 25,NO,NO
Calzados Iris,Zapaterías,TIENDAS,"C. del Arenal, 3, Centro, 28013 Madrid, Spain","4,1",18,—,Abierto,40.4167,-3.70506,https://maps.google.com/?cid=13021042532145299851,http://www.calzadosiris.com/,Monday: 10:00AM–8:30PM | Tuesday: 10:00AM–8:30PM | Wednesday: 10:00AM–8:30PM | Thursday: 10:00AM–8:30PM | Friday: 10:00AM–9:00PM | Saturday: 10:00AM–9:00PM | Sunday: 12:00–8:00PM,915 32 37 28,NO,NO
Toledo - Humilladero,Estaciones de autobús,TRANSPORTE,"Centro, 28005 Madrid, Spain",2,2,—,Abierto,40.4094,-3.70977,https://maps.google.com/?cid=3958544436455389957,,,,NO,SI
Ruiz de Alarcón 27,"Centros culturales, Museos",CULTURA OCIO Y NATURALEZA,"C. de Ruiz de Alarcón, 27, Retiro, 28014 Madrid, Spain","4,3",4,—,Abierto,40.4129,-3.6913,https://maps.google.com/?cid=5846739485676501412,,,914 29 06 89,NO,SI
Las Vistillas,Estaciones de autobús,TRANSPORTE,"Centro, 28005 Madrid, Spain","4,6",7,—,Abierto,40.412,-3.71393,https://maps.google.com/?cid=16710453049034975678,,,,NO,NO
Dietafarma,Farmacias,SALUD,"C. de Ercilla, 20, Arganzuela, 28005 Madrid, Spain",5,1,—,Abierto,40.4026,-3.70284,https://maps.google.com/?cid=14276895738745564011,https://www.dietafarma.es/,Monday: 10:00AM–8:00PM | Tuesday: 10:00AM–8:00PM | Wednesday: 10:00AM–8:00PM | Thursday: 10:00AM–8:00PM | Friday: 10:00AM–8:00PM | Saturday: Closed | Sunday: Closed,669 04 11 79,NO,NO
DIA,"Panaderías, Supermercados",COMIDA Y BEBIDA,"C. de Campomanes, 6, Centro, 28013 Madrid, Spain","3,6",223,—,Abierto,40.4189,-3.70923,https://maps.google.com/?cid=13649198934451100410,http://www.dia.es/compra-online/,Monday: 9:00AM–10:00PM | Tuesday: 9:00AM–10:00PM | Wednesday: 9:00AM–10:00PM | Thursday: 9:00AM–10:00PM | Friday: 9:00AM–10:00PM | Saturday: 9:00AM–10:00PM | Sunday: 10:00AM–10:00PM,912 17 04 53,NO,SI
NAC,Tiendas de ropa,TIENDAS,"Calle de Génova, 18, Centro, 28004 Madrid, Spain","4,2",75,—,Abierto,40.4264,-3.69378,https://maps.google.com/?cid=8070788455384401062,http://www.nac.es/,"Monday: 10:30AM–9:00PM | Tuesday: 10:30AM–9:00PM | Wednesday: 10:30AM–9:00PM | Thursday: 10:30AM–9:00PM | Friday: 10:30AM–9:00PM | Saturday: 10:30AM–9:00PM | Sunday: 12:00–3:00PM, 5:00–8:00PM",913 10 60 50,NO,NO
Medical Center Gran Via 67,Hospitales,SALUD,"Gran Vía, 67, Centro, 28013 Madrid, Spain","2,8",688,—,Abierto,40.4227,-3.71016,https://maps.google.com/?cid=11834466380466376300,http://www.cmgranvia.es/,"Monday: 8:00AM–2:00PM, 3:00–8:00PM | Tuesday: 8:00AM–2:00PM, 3:00–8:00PM | Wednesday: 8:00AM–2:00PM, 3:00–8:00PM | Thursday: 8:00AM–2:00PM, 3:00–8:00PM | Friday: 8:00AM–2:00PM, 3:00–8:00PM | Saturday: Closed | Sunday: Closed",915 47 49 40,NO,SI
La Metralleta Records,"Mercados, Perfumerías, Tiendas","COMIDA Y BEBIDA, TIENDAS","Aparcamiento Descalzas, C. del Postigo de San Martín, 1, Locales D-E, F, G y H, Centro, 28013 Madrid, Spain","4,3",1818,—,Abierto,40.4179,-3.70636,https://maps.google.com/?cid=946114877073037541,https://lametralleta.es/es/,"Monday: 10:00AM–2:00PM, 4:30–8:30PM | Tuesday: 10:00AM–2:00PM, 4:30–8:30PM | Wednesday: 10:00AM–2:00PM, 4:30–8:30PM | Thursday: 10:00AM–2:00PM, 4:30–8:30PM | Friday: 10:00AM–2:00PM, 4:30–8:30PM | Saturday: 10:00AM–2:00PM, 4:30–8:30PM | Sunday: Closed",915 31 82 64,NO,NO
Dr Marco Romeo Cirujano Plástico Madrid | Rinoplastia Ultrasónica | Lifting Facial,"Piscinas, Spas",ESPACIOS DEPORTIVOS,"C. del Conde de Aranda, 15, Salamanca, 28001 Madrid, Spain","4,9",404,—,Abierto,40.4219,-3.68627,https://maps.google.com/?cid=874937380661537859,https://www.drmarcoromeo.com/,Monday: 10:00AM–8:00PM | Tuesday: 10:00AM–8:00PM | Wednesday: 10:00AM–8:00PM | Thursday: 10:00AM–8:00PM | Friday: 10:00AM–8:00PM | Saturday: Closed | Sunday: Closed,722 77 10 78,NO,SI
Galería Guillermo de Osma,"Centros culturales, Galerías de arte, Museos",CULTURA OCIO Y NATURALEZA,"C. de Claudio Coello, 4, 1 IZDA, Salamanca, 28001 Madrid, Spain","4,7",50,—,Abierto,40.4208,-3.68701,https://maps.google.com/?cid=1283512662765786324,http://www.guillermodeosma.com/,"Monday: 10:00AM–2:00PM, 4:30–8:30PM | Tuesday: 10:00AM–2:00PM, 4:30–8:30PM | Wednesday: 10:00AM–2:00PM, 4:30–8:30PM | Thursday: 10:00AM–2:00PM, 4:30–8:30PM | Friday: 10:00AM–2:00PM, 4:30–8:30PM | Saturday: Closed | Sunday: Closed",914 35 59 36,NO,NO
El Dorado salón de juego y apuestas,Casinos,LOCALES DE OCIO NOCTURNO,"Paseo de las Delicias, 31, Arganzuela, 28045 Madrid, Spain","4,7",150,—,Abierto,40.4043,-3.69336,https://maps.google.com/?cid=17620950412142358506,http://www.saloneldorado.es/,Monday: 10:00AM–1:00AM | Tuesday: 10:00AM–1:00AM | Wednesday: 10:00AM–1:00AM | Thursday: 10:00AM–1:00AM | Friday: 10:00AM–1:00AM | Saturday: 10:00AM–1:00AM | Sunday: 10:00AM–1:00AM,902 02 49 79,NO,SI
Hotel Atlántico,"Albergues, Apartamentos turísticos, Campos de golf, Hostales, Hoteles, Templos budistas","ALOJAMIENTOS, ESPACIOS DEPORTIVOS, ESPACIOS RELIGIOSOS","Gran Vía, 38, Centro, 28013 Madrid, Spain","4,7",1373,—,Abierto,40.4204,-3.70458,https://maps.google.com/?cid=1102547187658424300,https://www.hotelatlantico.es/?utm_source=google&utm_medium=organic&utm_campaign=Google_My_Business,Monday: Open 24 hours | Tuesday: Open 24 hours | Wednesday: Open 24 hours | Thursday: Open 24 hours | Friday: Open 24 hours | Saturday: Open 24 hours | Sunday: Open 24 hours,915 22 64 80,NO,SI
Fernando Vizcaíno Casas Study Room,Bibliotecas,EDUCACIÓN,"C. de Blasco de Garay, 40, Chamberí, 28015 Madrid, Spain",4,122,—,Abierto,40.4333,-3.71148,https://maps.google.com/?cid=13124235105501478535,https://www.madrid.es/portales/munimadrid/es/Inicio/Educacion-y-empleo/Educacion/Direcciones-y-telefonos/Sala-de-estudio-Fernando-Vizcaino-Casas-Chamberi-/?vgnextfmt=default&vgnextoid=08a9964bd47a9210VgnVCM1000000b205a0aRCRD&vgnextchannel=c031c5dee78fe410VgnVCM1000000b205a0aRCRD,Monday: 8:30AM–9:30PM | Tuesday: 8:30AM–9:30PM | Wednesday: 8:30AM–9:30PM | Thursday: 8:30AM–9:30PM | Friday: 8:30AM–9:30PM | Saturday: 8:30AM–9:30PM | Sunday: 8:30AM–9:30PM,913 09 42 37,NO,SI
All Day Brunch by Café & Té,Cafés,COMIDA Y BEBIDA,"C. del Arenal, 20, Centro, 28013 Madrid, Spain","3,7",1822,Moderado,Abierto,40.4174,-3.70733,https://maps.google.com/?cid=5922676961162064090,https://cafeyte.es/,Monday: 8:30AM–10:30PM | Tuesday: 8:30AM–10:30PM | Wednesday: 8:30AM–10:30PM | Thursday: 8:30AM–10:30PM | Friday: 8:30AM–12:00AM | Saturday: 9:00AM–12:00AM | Sunday: 9:00AM–10:30PM,607 63 12 60,NO,SI
Hotel Mayerling Madrid - WEB OFICIAL,"Campos de golf, Templos budistas","ESPACIOS DEPORTIVOS, ESPACIOS RELIGIOSOS","Calle del Conde de Romanones, 6, Centro, 28012 Madrid, Spain","4,3",589,—,Abierto,40.4134,-3.70492,https://maps.google.com/?cid=12295814557936940676,https://www.mayerlinghotel.com/,,914 20 15 80,NO,SI
Cinturón,Centros comerciales,TIENDAS,"Centro, 28013 Madrid, Spain","4,7",3,—,Abierto,40.4163,-3.70652,https://maps.google.com/?cid=8636971139272827141,,Monday: 9:30AM–9:00PM | Tuesday: 9:30AM–9:00PM | Wednesday: 9:30AM–9:00PM | Thursday: 9:30AM–9:00PM | Friday: 9:30AM–9:00PM | Saturday: 9:30AM–9:00PM | Sunday: Closed,,NO,SI
Farmacia 12 Horas,Farmacias,SALUD,"28, C. de Almagro, 26, Chamberí, 28010 Madrid, Spain","3,8",6,—,Abierto,40.4299,-3.69287,https://maps.google.com/?cid=16973412684203480982,,,,NO,SI
Lamucca de Prado,"Restaurantes, Tapas, Vegano, Vegetariano",COMIDA Y BEBIDA,"C. del Prado, 16, Centro, 28014 Madrid, Spain","4,2",6612,Moderado,Abierto,40.4148,-3.69859,https://maps.google.com/?cid=3998581889920593180,https://www.lamuccacompany.com/,Monday: 1:00PM–1:30AM | Tuesday: 1:00PM–1:30AM | Wednesday: 1:00PM–1:30AM | Thursday: 1:00PM–2:00AM | Friday: 1:00PM–2:30AM | Saturday: 1:00PM–2:30AM | Sunday: 1:00PM–1:30AM,915 21 00 00,SI,NO
Lamucca de Pez,"Restaurantes, Tapas, Vegano, Vegetariano",COMIDA Y BEBIDA,"Pl. de Carlos Cambronero, 4, Centro, 28004 Madrid, Spain","4,4",10710,Moderado,Abierto,40.4233,-3.70387,https://maps.google.com/?cid=5420505636642178204,http://lamuccacompany.com/lamucca-de-pez/,Monday: 8:00AM–1:00AM | Tuesday: 8:00AM–1:00AM | Wednesday: 8:00AM–1:00AM | Thursday: 8:00AM–1:00AM | Friday: 8:00AM–2:00AM | Saturday: 8:00AM–2:00AM | Sunday: 6:30AM–1:00AM,915 21 00 00,SI,NO
Centro Comercial Pasillo Verde,Centros comerciales,TIENDAS,"P.º de los Pontones, 29 - B, Arganzuela, 28005 Madrid, Spain",4,1154,—,Abierto,40.4047,-3.71541,https://maps.google.com/?cid=16741130724216575836,,Monday: 10:00AM–8:00PM | Tuesday: 10:00AM–8:00PM | Wednesday: 10:00AM–8:00PM | Thursday: 10:00AM–8:00PM | Friday: 10:00AM–8:00PM | Saturday: 10:00AM–2:00PM | Sunday: Closed,,NO,SI
"ASPA Contemporary, Galería de arte",Galerías de arte,CULTURA OCIO Y NATURALEZA,"C. de Galileo, 19, Local bajo derecho, Chamberí, 28015 Madrid, Spain","4,8",44,—,Cerrado temporalmente,40.4319,-3.71055,https://maps.google.com/?cid=13262527199310291516,http://www.aspacontemporary.com/,,910 16 00 97,NO,NO
TeamLabs/ Madrid,Universidades,EDUCACIÓN,"Plaza San Martín, 1, C. de las Hileras, 18, Entrada por, Centro, 28013 Madrid, Spain","4,5",24,—,Abierto,40.4182,-3.70704,https://maps.google.com/?cid=11856943479048602086,https://www.teamlabs.es/,Monday: 9:00AM–8:00PM | Tuesday: 9:00AM–8:00PM | Wednesday: 9:00AM–8:00PM | Thursday: 9:00AM–8:00PM | Friday: 9:00AM–8:00PM | Saturday: Closed | Sunday: Closed,913 54 73 18,NO,NO
El amante.,Discotecas,LOCALES DE OCIO NOCTURNO,"Calle de Santiago, 3, Centro, 28013 Madrid, Spain","3,8",1031,—,Abierto,40.4161,-3.70991,https://maps.google.com/?cid=8570504031164622220,,Monday: 11:30PM–5:30AM | Tuesday: 11:30PM–5:30AM | Wednesday: 11:30PM–5:30AM | Thursday: 11:30PM–5:30AM | Friday: 11:30PM–6:00AM | Saturday: 11:30PM–6:00AM | Sunday: 11:30PM–5:30AM,917 55 44 60,NO,NO
Embajada de la Orden de Malta,"Consulados, Embajadas",GOBIERNO,"C. del Prado, 26, Centro, 28014 Madrid, Spain",5,1,—,Abierto,40.4152,-3.69741,https://maps.google.com/?cid=2315290615352766855,,,914 20 18 57,NO,SI
Consulado Honorario de Etiopía en Madrid,"Consulados, Embajadas",GOBIERNO,"4º, Calle Velázquez, 24, Salamanca, 28001 Madrid, Spain",1,3,—,Abierto,40.4241,-3.68401,https://maps.google.com/?cid=3218442655044115474,http://conshonetiopia-madrid.org/,,917 81 07 26,NO,NO
Mercure Madrid Centro,"Albergues, Apartamentos turísticos, Hostales, Hoteles",ALOJAMIENTOS,"C. de Lope de Vega, 49, Centro, 28014 Madrid, Spain","4,3",1200,—,Abierto,40.414,-3.6945,https://maps.google.com/?cid=9538222273746907746,https://all.accor.com/lien_externe.svlt?goto=fiche_hotel&code_hotel=9618&merchantid=seo-maps-ES-9618&sourceid=aw-cen&utm_medium=seo%20maps&utm_source=google%20Maps&utm_campaign=seo%20maps,,913 60 00 11,NO,SI
FISED THERAPY | Clínica de fisioterapia,"Clínicas, Gimnasios","ESPACIOS DEPORTIVOS, SALUD","C. del Duque de Liria, 3, Centro, 28015 Madrid, Spain",5,162,—,Abierto,40.4258,-3.71218,https://maps.google.com/?cid=11434970725437534326,https://fisedtherapy.com/,Monday: 9:00AM–9:00PM | Tuesday: 9:00AM–9:00PM | Wednesday: 9:00AM–9:00PM | Thursday: 9:00AM–9:00PM | Friday: 9:00AM–8:00PM | Saturday: Closed | Sunday: Closed,915 47 46 36,NO,SI
Nuestra Señora de Europa,"Basílicas, Catedrales, Conventos, Ermitas, Iglesias, Monasterios",ESPACIOS RELIGIOSOS,"P.º de Juan Antonio Vallejo-Nájera Botas, 23, Arganzuela, 28005 Madrid, Spain","4,5",189,—,Abierto,40.4015,-3.70704,https://maps.google.com/?cid=10305365195059034093,http://parroquianseuropa.es/,"Monday: 8:45AM–12:45PM, 6:00–8:15PM | Tuesday: 8:45AM–12:45PM, 6:00–8:15PM | Wednesday: 8:45AM–12:45PM, 6:00–8:15PM | Thursday: 8:45AM–12:45PM, 6:00–8:15PM | Friday: 8:45AM–12:45PM, 6:00–8:15PM | Saturday: 8:45AM–12:45PM, 6:00–8:15PM | Sunday: 8:45AM–1:45PM, 6:00–8:30PM",914 74 88 43,NO,SI
Clínicas IMA,"Piscinas, Spas",ESPACIOS DEPORTIVOS,"C. de San Bernardo, 66, 1º C, Centro, 28015 Madrid, Spain",0,0,—,Abierto,40.4264,-3.70661,https://maps.google.com/?cid=10871494991584631851,,"Monday: 10:30AM–1:30PM, 3:30–8:00PM | Tuesday: 10:30AM–1:30PM, 3:30–8:00PM | Wednesday: 10:30AM–1:30PM, 3:30–8:00PM | Thursday: 10:30AM–1:30PM, 3:30–8:00PM | Friday: 10:30AM–1:30PM, 3:30–6:00PM | Saturday: Closed | Sunday: Closed",,NO,NO
University Carlos III of Madrid | Puerta de Toledo,Universidades,EDUCACIÓN,"Ronda de Toledo, 1, Centro, 28005 Madrid, Spain","4,3",123,—,Abierto,40.4068,-3.70965,https://maps.google.com/?cid=12551962830696124967,http://www.uc3m.es/,Monday: 8:30AM–9:00PM | Tuesday: 8:30AM–9:00PM | Wednesday: 8:30AM–9:00PM | Thursday: 8:30AM–9:00PM | Friday: 8:30AM–9:00PM | Saturday: Closed | Sunday: Closed,916 24 95 00,NO,SI
Diesel Store,Tiendas de ropa,TIENDAS,"C. de Serrano, 14, Salamanca, 28001 Madrid, Spain","3,6",82,—,Abierto,40.4223,-3.68815,https://maps.google.com/?cid=14906029976862862702,https://storelocator.diesel.com/400931-diesel-store-madrid-serrano,Monday: 10:30AM–8:30PM | Tuesday: 10:30AM–8:30PM | Wednesday: 10:30AM–8:30PM | Thursday: 10:30AM–8:30PM | Friday: 10:30AM–8:30PM | Saturday: 10:30AM–8:30PM | Sunday: 12:00–8:00PM,914 31 31 66,NO,SI
Celgene S L,Farmacias,SALUD,"P.º de Recoletos, 37, Centro, 28004 Madrid, Spain",3,2,—,Abierto,40.4246,-3.69137,https://maps.google.com/?cid=7268830405542249453,,,915 63 99 14,NO,NO
Royal Basilica of Saint Francis the Great,"Basílicas, Catedrales, Centros culturales, Conventos, Ermitas, Iglesias, Monasterios, Montañas, Museos, Oficinas de turismo, Senderismo","CULTURA OCIO Y NATURALEZA, ESPACIOS DEPORTIVOS, ESPACIOS RELIGIOSOS, OFICINAS DE TURISMO","C. de San Buenaventura, 1, Centro, 28005 Madrid, Spain","4,7",7846,—,Abierto,40.4104,-3.71454,https://maps.google.com/?cid=15481056711125402192,https://www.esmadrid.com/en/tourist-information/san-francisco-el-grande,Monday: Closed | Tuesday: 10:30AM–3:00PM | Wednesday: 10:30AM–3:00PM | Thursday: 10:30AM–3:00PM | Friday: 10:30AM–3:00PM | Saturday: 10:30AM–3:00PM | Sunday: 10:30AM–3:00PM,915 75 99 66,NO,SI
Clarks,Zapaterías,TIENDAS,"Gran Vía, 31, Centro, 28013 Madrid, Spain","3,8",66,—,Abierto,40.4199,-3.70375,https://maps.google.com/?cid=7783501259447709670,http://gbbravo.com/,Monday: 10:00AM–9:00PM | Tuesday: 10:00AM–9:00PM | Wednesday: 10:00AM–9:00PM | Thursday: 10:00AM–9:00PM | Friday: 10:00AM–9:00PM | Saturday: 10:00AM–9:00PM | Sunday: 12:00–8:00PM,915 22 43 71,NO,SI
Depaso,Gasolineras,GASOLINERAS Y APARCAMIENTOS,"Arganzuela, 28012 Madrid, Spain",0,0,—,Abierto,40.4018,-3.69965,https://maps.google.com/?cid=9863493728534670824,,,,NO,NO
French Consulate,"Consulados, Embajadas",GOBIERNO,"Calle del Marqués de la Ensenada, 10, Centro, 28004 Madrid, Spain","2,9",485,—,Abierto,40.4245,-3.69234,https://maps.google.com/?cid=8481776136323319850,https://es.ambafrance.org/-Consulat-general-a-Madrid-,Monday: 9:00AM–1:30PM | Tuesday: 9:00AM–1:30PM | Wednesday: 9:00AM–1:30PM | Thursday: 9:00AM–1:30PM | Friday: 9:00AM–1:30PM | Saturday: Closed | Sunday: Closed,912 15 91 00,NO,SI
UNED Madrid - Sede Gregorio Marañón,Universidades,EDUCACIÓN,"C. de Argumosa, 3, Centro, 28012 Madrid, Spain","3,9",75,—,Abierto,40.4085,-3.70049,https://maps.google.com/?cid=1127244160810693535,https://unedmadrid.es/sedes/gregorio-maranon/,Monday: 9:00AM–10:00PM | Tuesday: 9:00AM–10:00PM | Wednesday: 9:00AM–10:00PM | Thursday: 9:00AM–10:00PM | Friday: 9:00AM–10:00PM | Saturday: Closed | Sunday: Closed,915 27 06 65,NO,SI
Biblioteca Escuelas Pías - UNED,Bibliotecas,EDUCACIÓN,"C. del Sombrerete, 15, Centro, 28012 Madrid, Spain","3,7",177,—,Cerrado temporalmente,40.4081,-3.70325,https://maps.google.com/?cid=14035329734936704511,https://unedmadrid.es/bibliotecas-uned-madrid/,,914 67 55 22,NO,SI
Church of The Saviour and Saint Nicholas,"Basílicas, Catedrales, Conventos, Ermitas, Iglesias, Monasterios",ESPACIOS RELIGIOSOS,"C. de Atocha, 58, Centro, 28012 Madrid, Spain","4,6",101,—,Abierto,40.412,-3.69898,https://maps.google.com/?cid=11946619127784813412,http://www.misas.org/p/parroquia-de-el-salvador-y-san-nicolas-madrid,Monday: 8:00AM–9:00PM | Tuesday: 8:00AM–9:00PM | Wednesday: 8:00AM–9:00PM | Thursday: 8:00AM–9:00PM | Friday: 8:00AM–9:00PM | Saturday: 8:00AM–9:00PM | Sunday: 8:00AM–9:00PM,913 69 05 79,NO,SI
Museo Metro Gran Vía. Planta - 2.,"Centros culturales, Museos",CULTURA OCIO Y NATURALEZA,"Centro, 28013 Madrid, Spain","4,5",22,—,Abierto,40.4198,-3.7016,https://maps.google.com/?cid=3040929765423328125,,Monday: 10:00AM–10:00PM | Tuesday: 10:00AM–10:00PM | Wednesday: 10:00AM–10:00PM | Thursday: 10:00AM–10:00PM | Friday: 10:00AM–10:00PM | Saturday: 10:00AM–10:00PM | Sunday: 11:00AM–9:00PM,,NO,SI
Colón,Estaciones de metro,TRANSPORTE,"Chamberí, 28004 Madrid, Spain","4,4",72,—,Abierto,40.4254,-3.69101,https://maps.google.com/?cid=345756976996902954,,,,NO,NO
PRACTICE MADRID ASHTANGA YOGA,Gimnasios,ESPACIOS DEPORTIVOS,"C. de Argumosa, 35, Centro, 28012 Madrid, Spain",5,6,—,Cerrado temporalmente,40.4079,-3.69677,https://maps.google.com/?cid=10796267353222629803,,,,NO,NO
Restaurante Con 2 Fogones,"Bares, Cervecerías, Coctelerías, Restaurantes, Tapas, Vegano, Vegetariano","COMIDA Y BEBIDA, LOCALES DE OCIO NOCTURNO","C. de San Bernardino, 9, Centro, 28015 Madrid, Spain","4,3",1727,Barato,Abierto,40.4252,-3.71067,https://maps.google.com/?cid=17653769959448973178,http://www.condosfogones.com/,"Monday: 1:00–5:00PM, 8:00PM–12:00AM | Tuesday: 1:00–5:00PM, 8:00PM–12:00AM | Wednesday: 1:00–5:00PM, 8:00PM–12:00AM | Thursday: 1:00–5:00PM, 8:00PM–12:00AM | Friday: 1:00–5:00PM, 8:00PM–12:00AM | Saturday: 1:00–5:00PM, 8:00PM–1:00AM | Sunday: 1:00–5:00PM",915 59 63 26,SI,NO
Pirámides,"Estaciones de metro, Estaciones de tren",TRANSPORTE,"Arganzuela, 28005 Madrid, Spain",4,171,—,Abierto,40.4025,-3.71137,https://maps.google.com/?cid=5547439756292147986,,,,NO,SI
Biblioteca del Ministerio de Cultura,Bibliotecas,EDUCACIÓN,"Edificio Siete Chimeneas, Pl. del Rey, s/n, Planta S, Centro, 28004 Madrid, Spain",0,0,—,Abierto,40.4199,-3.69633,https://maps.google.com/?cid=9023236547562469820,https://www.cultura.gob.es/cultura/mc/biblioteca-cultura/portada.html,Monday: 9:00AM–2:30PM | Tuesday: 9:00AM–2:30PM | Wednesday: 9:00AM–2:30PM | Thursday: 9:00AM–2:30PM | Friday: 9:00AM–2:30PM | Saturday: Closed | Sunday: Closed,917 01 72 31,NO,SI
Machado-Mun?oz,Galerías de arte,CULTURA OCIO Y NATURALEZA,"C. de Justiniano, 4, Centro, 28004 Madrid, Spain","4,3",3,—,Cerrado temporalmente,40.4256,-3.69525,https://maps.google.com/?cid=11711790997767542939,https://casa-munoz.com/contact/,,636 13 48 58,NO,NO
Museum of Illusions Madrid,"Centros culturales, Museos",CULTURA OCIO Y NATURALEZA,"Calle del Dr Cortezo, 8, Centro, 28012 Madrid, Spain","4,4",19629,—,Abierto,40.4132,-3.70386,https://maps.google.com/?cid=5416657881477575175,https://museumofillusions.es/,Monday: 10:00AM–10:00PM | Tuesday: 10:00AM–10:00PM | Wednesday: 10:00AM–10:00PM | Thursday: 10:00AM–10:00PM | Friday: 10:00AM–10:00PM | Saturday: 9:30AM–10:30PM | Sunday: 9:30AM–10:00PM,,NO,SI
Zabala Rodríguez Fornos Cb,Centros comerciales,TIENDAS,"C. de Vallehermoso, 7, Chamberí, 28015 Madrid, Spain",4,2,—,Abierto,40.4305,-3.70918,https://maps.google.com/?cid=6132895013101821718,,Monday: 9:00AM–10:00PM | Tuesday: 9:00AM–10:00PM | Wednesday: 9:00AM–10:00PM | Thursday: 9:00AM–10:00PM | Friday: 9:00AM–10:00PM | Saturday: 9:00AM–10:00PM | Sunday: 11:00AM–9:00PM,914 46 34 36,NO,SI
Arteocio SL,Joyerías,TIENDAS,"C. de la Cruz, 12, Centro, 28012 Madrid, Spain","4,5",24,—,Abierto,40.4157,-3.70152,https://maps.google.com/?cid=14850083933795338442,https://www.arteociorelojeria.com/,"Monday: 10:00AM–2:00PM, 5:00–8:00PM | Tuesday: 10:00AM–2:00PM, 5:00–8:00PM | Wednesday: 10:00AM–2:00PM, 5:00–8:00PM | Thursday: 10:00AM–2:00PM, 5:00–8:00PM | Friday: 10:00AM–2:00PM, 5:00–8:00PM | Saturday: 10:00AM–2:00PM | Sunday: Closed",915 31 20 16,NO,NO
Diez,Zapaterías,TIENDAS,"C. de la Montera, 14, Centro, 28013 Madrid, Spain","3,7",17,—,Abierto,40.4177,-3.70265,https://maps.google.com/?cid=3606815320128694312,,Monday: 10:00AM–10:00PM | Tuesday: 10:00AM–10:00PM | Wednesday: 10:00AM–10:00PM | Thursday: 10:00AM–10:00PM | Friday: 10:00AM–10:00PM | Saturday: 10:00AM–10:00PM | Sunday: 10:00AM–10:00PM,915 31 14 29,NO,NO
Alexandros Art Gallery,Galerías de arte,CULTURA OCIO Y NATURALEZA,"C/ de la Ribera de Curtidores, 12, Centro, 28005 Madrid, Spain",5,1,—,Abierto,40.4081,-3.70752,https://maps.google.com/?cid=14069392938647135052,,"Monday: Closed | Tuesday: 11:00AM–2:00PM, 5:00–8:00PM | Wednesday: 11:00AM–2:00PM, 5:00–8:00PM | Thursday: 11:00AM–2:00PM, 5:00–8:00PM | Friday: 11:00AM–2:00PM, 5:00–8:00PM | Saturday: 10:30AM–2:00PM | Sunday: 10:30AM–2:00PM",915 06 22 05,NO,NO
Madrid Film Institute,"Cines, Teatros",CULTURA OCIO Y NATURALEZA,"C. de Eduardo Benot, 2, Moncloa - Aravaca, 28008 Madrid, Spain","4,3",134,—,Abierto,40.422,-3.71827,https://maps.google.com/?cid=450340891882522888,https://www.institutodelcine.es/,Monday: 9:00AM–4:00PM | Tuesday: 9:00AM–4:00PM | Wednesday: 9:00AM–4:00PM | Thursday: 9:00AM–4:00PM | Friday: 9:00AM–4:00PM | Saturday: Closed | Sunday: Closed,914 47 80 40,NO,SI
Retiro,Estaciones de metro,TRANSPORTE,"C. Alcalá, 83, Salamanca, 28009 Madrid, Spain","4,6",227,—,Abierto,40.4207,-3.68582,https://maps.google.com/?cid=8927164906995980320,,,,NO,SI
My New York Street,"Piscinas, Spas",ESPACIOS DEPORTIVOS,"C. del Barquillo, 39, Centro, 28004 Madrid, Spain","4,2",252,—,Abierto,40.4237,-3.69563,https://maps.google.com/?cid=16426178612865907357,https://www.micalleny.es/,Monday: Closed | Tuesday: 12:00–9:00PM | Wednesday: 12:00–9:00PM | Thursday: 12:00–9:00PM | Friday: 12:00–9:00PM | Saturday: 12:00–8:00PM | Sunday: 12:00–8:00PM,911 96 54 44,NO,SI
ME Madrid Reina Victoria,"Albergues, Apartamentos turísticos, Campos de golf, Hostales, Hoteles, Templos budistas","ALOJAMIENTOS, ESPACIOS DEPORTIVOS, ESPACIOS RELIGIOSOS","Pl. de Sta. Ana, 14, Centro, 28012 Madrid, Spain","4,4",2571,—,Abierto,40.4146,-3.70137,https://maps.google.com/?cid=8361571523226012404,https://www.melia.com/en/hotels/spain/madrid/me-madrid-reina-victoria?utm_campaign=google&utm_content=2822&utm_medium=organic&utm_source=directories,,917 01 60 00,NO,SI
Radio Rooftop Madrid,"Bares, Cervecerías, Coctelerías","COMIDA Y BEBIDA, LOCALES DE OCIO NOCTURNO","C. del Príncipe, 14, Centro, 28012 Madrid, Spain","3,8",1345,Caro,Abierto,40.4148,-3.70146,https://maps.google.com/?cid=12868752074541763001,http://www.melia.com/en/hotels/spain/madrid/me-madrid-reina-victoria/the-roof.html,Monday: Closed | Tuesday: Closed | Wednesday: 6:00PM–1:30AM | Thursday: 6:00PM–1:30AM | Friday: 6:00PM–1:30AM | Saturday: 6:00PM–1:30AM | Sunday: 6:00PM–1:30AM,917 01 60 20,SI,SI
Malacatín,"Bares, Cervecerías, Coctelerías, Restaurantes, Tapas, Vegano, Vegetariano","COMIDA Y BEBIDA, LOCALES DE OCIO NOCTURNO","C. de la Ruda, 5, Centro, 28005 Madrid, Spain","4,4",3794,Moderado,Cerrado temporalmente,40.4103,-3.70766,https://maps.google.com/?cid=7569528127333161007,https://www.malacatin.com/,,913 65 52 41,SI,NO
Carrefour Market,"Mercados, Perfumerías, Supermercados, Tiendas","COMIDA Y BEBIDA, TIENDAS","C. de Valencia, 2, Centro, 28012 Madrid, Spain","4,1",5012,—,Abierto,40.4083,-3.70098,https://maps.google.com/?cid=15496626563213170594,https://www.carrefour.es/tiendas-carrefour/supermercados/carrefour-market/lavapies_-_s.aspx,Monday: Open 24 hours | Tuesday: Open 24 hours | Wednesday: Open 24 hours | Thursday: Open 24 hours | Friday: Open 24 hours | Saturday: Open 24 hours | Sunday: Open 24 hours,629 19 99 39,NO,SI
Iglesia de San José de la Montaña,"Basílicas, Catedrales, Conventos, Ermitas, Iglesias, Monasterios",ESPACIOS RELIGIOSOS,"Calle de Fernández de la Hoz, 16, Chamberí, 28010 Madrid, Spain","4,7",100,—,Abierto,40.4311,-3.69495,https://maps.google.com/?cid=17332285440414647926,,"Monday: 6:30–8:00PM | Tuesday: 6:30–8:00PM | Wednesday: 6:30–10:00PM | Thursday: 6:30–8:00PM | Friday: 6:30–8:00PM | Saturday: 6:30–8:00PM | Sunday: 11:30AM–1:45PM, 6:30–8:00PM",608 13 77 49,NO,SI
XF Proyectos,Galerías de arte,CULTURA OCIO Y NATURALEZA,"C. de Mallorca, 9, Centro, Centro, 28012 Madrid, Spain",5,9,—,Abierto,40.4067,-3.69784,https://maps.google.com/?cid=2652354837657652164,https://xfproyectos.net/,Monday: 9:30AM–1:30PM | Tuesday: 9:30AM–1:30PM | Wednesday: 9:30AM–1:30PM | Thursday: 9:30AM–1:30PM | Friday: 9:30AM–1:30PM | Saturday: 11:00AM–2:00PM | Sunday: Closed,914 68 31 56,NO,SI
Parking Plaza Del Carmen,Aparcamientos,GASOLINERAS Y APARCAMIENTOS,"Calle de la salud, Pl. del Carmen, 2, Centro, 28013 Madrid, Spain","3,7",1097,—,Abierto,40.4185,-3.70397,https://maps.google.com/?cid=7017497752691750115,https://www.misparkings.com/parking-madrid/parking-plaza-del-carmen-gran-via,Monday: Open 24 hours | Tuesday: Open 24 hours | Wednesday: Open 24 hours | Thursday: Open 24 hours | Friday: Open 24 hours | Saturday: Open 24 hours | Sunday: Open 24 hours,910 88 11 40,NO,SI
Cine Callao,"Cines, Teatros",CULTURA OCIO Y NATURALEZA,"Pl. del Callao, 3, Centro, 28013 Madrid, Spain","4,3",3939,—,Abierto,40.4199,-3.70608,https://maps.google.com/?cid=16197390393223492103,http://www.cinescallao.es/,Monday: 4:00–10:00PM | Tuesday: 4:00–10:00PM | Wednesday: 4:00–10:00PM | Thursday: 4:00–10:00PM | Friday: 4:00–10:00PM | Saturday: 4:00–10:00PM | Sunday: 4:00–10:00PM,915 22 58 01,NO,SI
Vanguard Motion Saga,"Cines, Teatros",CULTURA OCIO Y NATURALEZA,"C. de Barceló, Centro, 28004 Madrid, Spain",0,0,—,Abierto,40.4267,-3.69993,https://maps.google.com/?cid=4859860078017854234,,,642 52 23 60,NO,NO
Farmacias Ofertas,Farmacias,SALUD,"C. Mayor, 13, Centro, 28013 Madrid, Spain",3,1,—,Abierto,40.4162,-3.70619,https://maps.google.com/?cid=3977999102331227008,,,912 13 61 78,NO,SI
Foot Locker,"Tiendas de ropa, Zapaterías",TIENDAS,"Calle de Fuencarral, 4, Centro, 28004 Madrid, Spain","4,1",879,Moderado,Abierto,40.4203,-3.70141,https://maps.google.com/?cid=15244081781770670629,https://stores.footlocker.es/es/es-md/madrid/fuencarral-4-513_31_07141.html,Monday: 10:00AM–9:00PM | Tuesday: 10:00AM–9:00PM | Wednesday: 10:00AM–9:00PM | Thursday: 10:00AM–9:00PM | Friday: 10:00AM–9:00PM | Saturday: 10:00AM–9:00PM | Sunday: 12:00–8:30PM,919 54 64 96,NO,NO
Aparcamiento Circo Price,Aparcamientos,GASOLINERAS Y APARCAMIENTOS,"C. de Sebastián Elcano, 25, Arganzuela, 28012 Madrid, Spain","4,5",59,—,Abierto,40.405,-3.69779,https://maps.google.com/?cid=394472833463538834,https://www.teatrocircoprice.es/servicios,,,NO,SI
Pastelería Salamat,Panaderías,COMIDA Y BEBIDA,"C. de Tribulete, 10, Centro, 28012 Madrid, Spain","4,5",249,Barato,Abierto,40.4079,-3.70231,https://maps.google.com/?cid=7813405540897676422,http://dulcessalamat.blogspot.com.es/,Monday: 11:00AM–11:00PM | Tuesday: 11:00AM–11:00PM | Wednesday: 11:00AM–11:00PM | Thursday: 11:00AM–11:00PM | Friday: 11:00AM–11:00PM | Saturday: 11:00AM–10:00PM | Sunday: 11:00AM–11:00PM,666 62 31 37,NO,NO
Café del Rey,Discotecas,LOCALES DE OCIO NOCTURNO,"P.º del Rey, 22, Moncloa - Aravaca, 28008 Madrid, Spain","4,2",5988,Moderado,Abierto,40.4222,-3.71888,https://maps.google.com/?cid=10134603839630352732,http://cafedelrey.es/,Monday: 5:00–11:00PM | Tuesday: 1:30–11:00PM | Wednesday: 1:30–11:00PM | Thursday: 1:30–11:00PM | Friday: 1:30PM–1:00AM | Saturday: 1:30PM–1:00AM | Sunday: 1:30–11:00PM,918 05 39 31,SI,SI
Yves Rocher,"Piscinas, Spas",ESPACIOS DEPORTIVOS,"P.º de la Florida, 2, Local B-46, Moncloa - Aravaca, 28008 Madrid, Spain","4,4",232,—,Abierto,40.4218,-3.72046,https://maps.google.com/?cid=1953603290864272603,http://www.yves-rocher.es/,Monday: 10:00AM–10:00PM | Tuesday: 10:00AM–10:00PM | Wednesday: 10:00AM–10:00PM | Thursday: 10:00AM–10:00PM | Friday: 10:00AM–10:00PM | Saturday: 10:00AM–10:00PM | Sunday: 11:00AM–10:00PM,917 58 07 26,NO,SI
Legado Crespo,Colegios,EDUCACIÓN,"P.º de las Acacias, 2, Arganzuela, 28005 Madrid, Spain",0,0,—,Abierto,40.4048,-3.70389,https://maps.google.com/?cid=16751192080993616395,https://www.educa2.madrid.org/web/centro.cp.legadocrespo.madrid,Monday: 9:00AM–4:00PM | Tuesday: 9:00AM–4:00PM | Wednesday: 9:00AM–4:00PM | Thursday: 9:00AM–4:00PM | Friday: 9:00AM–4:00PM | Saturday: Closed | Sunday: Closed,915 28 63 25,NO,SI
Reconexion Madrid,Hospitales,SALUD,"C. de Sta. Cruz de Marcenado, 12, Centro, 28015 Madrid, Spain",0,0,—,Abierto,40.4288,-3.70864,https://maps.google.com/?cid=8897984993800155895,,,697 97 87 84,NO,SI
Underground,Tiendas de ropa,TIENDAS,"C. del Bastero, 13, Centro, 28005 Madrid, Spain","4,5",24,—,Abierto,40.4089,-3.70958,https://maps.google.com/?cid=6748063193826908870,http://www.undergroundmoda.es/c%C3%B3mo-llegar/,"Monday: 10:30AM–2:30PM | Tuesday: 10:30AM–2:30PM, 5:00–8:00PM | Wednesday: 10:30AM–2:30PM, 5:00–8:00PM | Thursday: 10:30AM–2:30PM, 5:00–8:00PM | Friday: 10:30AM–2:30PM, 5:00–8:00PM | Saturday: 10:30AM–2:30PM | Sunday: 10:30AM–3:00PM",913 64 15 46,NO,NO
Sede Rey Francisco,Universidades,EDUCACIÓN,"Universidad Pontificia de Comillas de Madrid, C. del Rey Francisco, 4, Moncloa - Aravaca, 28008 Madrid, Spain",3,2,—,Abierto,40.428,-3.71531,https://maps.google.com/?cid=13854798092252025635,,,915 59 20 00,NO,SI
Universidad Pontificia de Comillas de Madrid,Universidades,EDUCACIÓN,"C. del Rey Francisco, 4, Moncloa - Aravaca, 28008 Madrid, Spain","3,3",20,—,Abierto,40.4279,-3.71527,https://maps.google.com/?cid=7760830221293706922,http://www.comillas.edu/es/,Monday: 9:00AM–5:00PM | Tuesday: 9:00AM–5:00PM | Wednesday: 9:00AM–5:00PM | Thursday: 9:00AM–5:00PM | Friday: 9:00AM–2:00PM | Saturday: Closed | Sunday: Closed,915 42 28 00,NO,SI
PARKING BARATO MADRID,Aparcamientos,GASOLINERAS Y APARCAMIENTOS,"C. de la Primavera, 2, Centro, 28012 Madrid, Spain","3,2",101,—,Abierto,40.4099,-3.70043,https://maps.google.com/?cid=4558709628979727914,http://www.lowcostparkingmadrid.es/parking6.php,Monday: Open 24 hours | Tuesday: Open 24 hours | Wednesday: Open 24 hours | Thursday: Open 24 hours | Friday: Open 24 hours | Saturday: Open 24 hours | Sunday: Open 24 hours,633 85 21 72,NO,SI
Vega Abogado extranjería,Aeropuertos,TRANSPORTE,"C. de Carretas, 14, 2, i5, Centro, 28012 Madrid, Spain","4,8",714,—,Abierto,40.4148,-3.70365,https://maps.google.com/?cid=7734965711797162304,http://www.vegaabogado.com/,Monday: 8:00AM–8:00PM | Tuesday: 8:00AM–8:00PM | Wednesday: 8:00AM–8:00PM | Thursday: 8:00AM–8:00PM | Friday: 8:00AM–5:00PM | Saturday: Closed | Sunday: Closed,911 42 69 59,NO,NO
Hotel Mayorazgo,"Albergues, Apartamentos turísticos, Hostales, Hoteles",ALOJAMIENTOS,"C. de la Flor Baja, 3, Centro, 28013 Madrid, Spain","4,4",4826,—,Abierto,40.4221,-3.70959,https://maps.google.com/?cid=10029962164044125804,http://www.hotelmayorazgo.com/,Monday: 1:00AM–12:00AM | Tuesday: 1:00AM–12:00AM | Wednesday: 1:00AM–12:00AM | Thursday: 1:00AM–12:00AM | Friday: 1:00AM–12:00AM | Saturday: 1:00AM–12:00AM | Sunday: 1:00AM–12:00AM,915 47 26 00,NO,SI
comprarenbali,"Piscinas, Spas",ESPACIOS DEPORTIVOS,"Cl. de las Pozas, 18, Centro, 28004 Madrid, Spain",3,2,—,Abierto,40.4261,-3.70709,https://maps.google.com/?cid=11082906401225995109,http://www.baliprojectstudio.com/%20%20%20%20%20%20@baliprojectstudio%20%20%20%20www.comprarenbali.com,Monday: Open 24 hours | Tuesday: Open 24 hours | Wednesday: Open 24 hours | Thursday: Open 24 hours | Friday: Open 24 hours | Saturday: Open 24 hours | Sunday: Open 24 hours,608 39 47 19,NO,NO
Sala Cool Madrid,Discotecas,LOCALES DE OCIO NOCTURNO,"C. de Isabel la Católica, 6, Centro, 28013 Madrid, Spain",4,1417,Moderado,Abierto,40.4212,-3.70904,https://maps.google.com/?cid=281209706993822017,https://www.salacoolmadrid.es/,,669 36 36 45,SI,NO
NATURA,Joyerías,TIENDAS,"C. del Arenal, 28, Centro, 28013 Madrid, Spain","4,6",260,—,Abierto,40.4178,-3.70853,https://maps.google.com/?cid=14973715705231235027,https://www.naturaselection.com/,Monday: 10:00AM–9:00PM | Tuesday: 10:00AM–9:00PM | Wednesday: 10:00AM–9:00PM | Thursday: 10:00AM–9:00PM | Friday: 10:00AM–9:30PM | Saturday: 10:00AM–9:30PM | Sunday: 12:00–9:00PM,915 42 05 64,NO,NO
Sanepilates,Gimnasios,ESPACIOS DEPORTIVOS,"C. de Columela, 13, Salamanca, 28001 Madrid, Spain","4,9",102,—,Abierto,40.4212,-3.68632,https://maps.google.com/?cid=18206734222769963925,https://sanepilates.com/,Monday: 8:30AM–9:30PM | Tuesday: 8:30AM–9:30PM | Wednesday: 8:30AM–9:30PM | Thursday: 8:30AM–9:30PM | Friday: 8:30AM–3:30PM | Saturday: Closed | Sunday: Closed,603 41 51 86,NO,SI
Legends: The Home of Football,"Centros culturales, Museos",CULTURA OCIO Y NATURALEZA,"Cra de S. Jerónimo, 2, Centro, 28014 Madrid, Spain","4,8",5410,—,Abierto,40.4166,-3.70207,https://maps.google.com/?cid=12684119845016445530,http://www.legendsmuseo.com/,Monday: 10:00AM–8:30PM | Tuesday: 10:00AM–8:30PM | Wednesday: 10:00AM–8:30PM | Thursday: 10:00AM–8:30PM | Friday: 10:00AM–8:30PM | Saturday: 10:00AM–12:00AM | Sunday: 10:00AM–10:00PM,627 38 04 02,NO,SI
Desplante Flamenco,Zapaterías,TIENDAS,"C. del Duque de Fernán Núñez, 3, B, Centro, 28012 Madrid, Spain","3,8",5,—,Abierto,40.4126,-3.69837,https://maps.google.com/?cid=9921697736891646247,,Monday: 10:00AM–7:00PM | Tuesday: 10:00AM–7:00PM | Wednesday: 10:00AM–7:00PM | Thursday: 10:00AM–7:00PM | Friday: 10:00AM–2:00PM | Saturday: Closed | Sunday: Closed,639 62 27 46,NO,NO
Petit Palace Posada del Peine,"Albergues, Apartamentos turísticos, Campos de golf, Hostales, Hoteles, Templos budistas","ALOJAMIENTOS, ESPACIOS DEPORTIVOS, ESPACIOS RELIGIOSOS","C. de Postas, 17, Centro, 28012 Madrid, Spain","4,4",1217,—,Abierto,40.4157,-3.70602,https://maps.google.com/?cid=15476693286225222267,https://www.petitpalaceposadadelpeine.com/en/?utm_source=google&utm_medium=organic&utm_campaign=MyBusiness&utm_content=POS&origin_source=google&origin_medium=organic&origin_campaign=MyBusiness,,915 23 81 51,NO,SI
Viena Capellanes,Panaderías,COMIDA Y BEBIDA,"C. de Ruiz de Alarcón, 9, Retiro, 28014 Madrid, Spain","4,5",1229,Moderado,Abierto,40.4161,-3.69137,https://maps.google.com/?cid=11352436814549447135,http://www.vienacapellanes.com/establecimientos/ruiz-de-alarcon-9/24/,Monday: 7:30AM–5:00PM | Tuesday: 7:30AM–5:00PM | Wednesday: 7:30AM–5:00PM | Thursday: 7:30AM–5:00PM | Friday: 7:30AM–5:00PM | Saturday: Closed | Sunday: Closed,915 21 74 21,NO,NO
Clínica Galicia,"Piscinas, Spas",ESPACIOS DEPORTIVOS,"Calle de Fuencarral, 127, Chamberí, 28004 Madrid, Spain",4,34,—,Cerrado temporalmente,40.4311,-3.70349,https://maps.google.com/?cid=6850193715197993836,,,911 25 41 17,NO,NO
ArtQUITECTURA StudioBar,Galerías de arte,CULTURA OCIO Y NATURALEZA,"Cost.ª de San Andrés, 4, Centro, 28005 Madrid, Spain","4,1",281,Moderado,Abierto,40.4135,-3.71177,https://maps.google.com/?cid=14476940762030964504,https://www.facebook.com/artquitectura.studiobar/photos/a.1432533040355158/2479985712276547/?type=3,Monday: 8:00PM–1:30AM | Tuesday: 8:00PM–1:30AM | Wednesday: 8:00PM–1:30AM | Thursday: 8:00PM–1:30AM | Friday: 8:00PM–2:30AM | Saturday: 12:00PM–2:30AM | Sunday: 12:00PM–1:30AM,,SI,NO
Real Academia Nacional de Medicina Española (RANM),Bibliotecas,EDUCACIÓN,"C. de Arrieta, 12, Centro, 28013 Madrid, Spain",4,68,—,Abierto,40.4192,-3.71085,https://maps.google.com/?cid=10246116144037433622,https://www.ranm.es/,Monday: 10:00AM–2:00PM | Tuesday: 10:00AM–2:00PM | Wednesday: 10:00AM–2:00PM | Thursday: 10:00AM–2:00PM | Friday: 10:00AM–2:00PM | Saturday: Closed | Sunday: Closed,915 47 03 18,NO,SI
Biblioteca del Colegio Público,Bibliotecas,EDUCACIÓN,"C. de Serrano, 11, Salamanca, 28002 Madrid, Spain",5,2,—,Abierto,40.4224,-3.68857,https://maps.google.com/?cid=14773175283158984570,,,,NO,SI
Photoinstant,Tiendas de ropa,TIENDAS,"C. del Duque de Alba, 8, Centro, 28012 Madrid, Spain","4,1",197,—,Abierto,40.4118,-3.7063,https://maps.google.com/?cid=12431155712622940694,http://photoinstant.es/,"Monday: 9:30AM–2:00PM, 5:00–8:15PM | Tuesday: 9:30AM–2:00PM, 5:00–8:15PM | Wednesday: 9:30AM–2:00PM, 5:00–8:15PM | Thursday: 9:30AM–2:00PM, 5:00–8:15PM | Friday: 9:30AM–2:00PM, 5:00–8:15PM | Saturday: 10:30AM–2:00PM | Sunday: Closed",913 54 12 75,NO,NO
Centro De Terapiasalus,Clínicas,SALUD,"Cost.ª de los Ángeles, 2, Centro, 28013 Madrid, Spain",0,0,—,Abierto,40.4179,-3.70855,https://maps.google.com/?cid=17505380136045010345,,,636 40 55 12,NO,NO
Universidad Oberta De Catalunya,Universidades,EDUCACIÓN,"Pl. de las Cortes, 4, Centro, 28014 Madrid, Spain","1,6",35,—,Abierto,40.4158,-3.69543,https://maps.google.com/?cid=10039368574776735132,,,915 24 77 00,NO,SI
"Aparcamiento Villanueva, 2",Aparcamientos,GASOLINERAS Y APARCAMIENTOS,"C. de Villanueva, 2, A, Salamanca, 28001 Madrid, Spain","3,8",129,—,Abierto,40.4229,-3.69051,https://maps.google.com/?cid=8344305677652946688,,Monday: Open 24 hours | Tuesday: Open 24 hours | Wednesday: Open 24 hours | Thursday: Open 24 hours | Friday: Open 24 hours | Saturday: Open 24 hours | Sunday: Open 24 hours,914 31 09 44,NO,SI
Estación de tren de Atocha,Estaciones de tren,TRANSPORTE,"Atocha, Arganzuela, 28045 Madrid, Spain","2,5",24,—,Abierto,40.4075,-3.69188,https://maps.google.com/?cid=12913223278958508481,,,,NO,SI
Medicina Estetica Callao,Hospitales,SALUD,"Pl. del Callao, 1, Planta 3, Centro, 28013 Madrid, Spain","4,6",243,—,Abierto,40.4198,-3.7061,https://maps.google.com/?cid=17491391216334641148,https://www.medicinaesteticacallao.com/,"Monday: 11:00AM–3:00PM, 4:00–8:00PM | Tuesday: 11:00AM–3:00PM, 4:00–8:00PM | Wednesday: 11:00AM–3:00PM, 4:00–8:00PM | Thursday: 11:00AM–8:00PM | Friday: 11:00AM–3:00PM, 4:00–8:00PM | Saturday: Closed | Sunday: Closed",722 63 58 99,NO,SI
"Biblioteca de la ETSI de Caminos, Canales y Puertos UPM - Edificio Retiro",Bibliotecas,EDUCACIÓN,"C. de Alfonso XII, 3, y 5, Retiro, 28014 Madrid, Spain","3,3",43,—,Abierto,40.4074,-3.6861,https://maps.google.com/?cid=7177910874025452703,https://www.upm.es/UPM/Biblioteca/NuestraBiblioteca/BibliotecasCentros/CaminosRetiro,"Monday: 9:00AM–2:00PM, 3:00–8:00PM | Tuesday: 9:00AM–2:00PM, 3:00–8:00PM | Wednesday: 9:00AM–2:00PM, 3:00–8:00PM | Thursday: 9:00AM–2:00PM, 3:00–8:00PM | Friday: 9:00AM–2:00PM, 3:00–8:00PM | Saturday: Closed | Sunday: Closed",910 67 45 62,NO,NO
Clínica Ginecológica Callao,Hospitales,SALUD,"C. de Concepcion Arenal, 8, Centro, 28004 Madrid, Spain","4,7",270,—,Abierto,40.421,-3.70462,https://maps.google.com/?cid=1144833074795733893,http://www.clinicacallao.com/,Monday: 9:00AM–8:00PM | Tuesday: 9:00AM–8:00PM | Wednesday: 9:00AM–8:00PM | Thursday: 9:00AM–8:00PM | Friday: 9:00AM–8:00PM | Saturday: 9:00AM–3:00PM | Sunday: Closed,915 23 00 30,NO,NO
Panifiesto Lavapiés,Panaderías,COMIDA Y BEBIDA,"C. de la Encomienda, 5, Centro, 28012 Madrid, Spain","4,7",745,Barato,Abierto,40.4108,-3.70505,https://maps.google.com/?cid=15401247523488949157,,Monday: 9:30AM–2:30PM | Tuesday: 9:30AM–2:30PM | Wednesday: 9:30AM–2:30PM | Thursday: 9:30AM–2:30PM | Friday: 9:30AM–2:30PM | Saturday: 10:00AM–2:30PM | Sunday: 10:00AM–2:30PM,694 44 90 20,NO,SI
Moondance Madrid,Discotecas,LOCALES DE OCIO NOCTURNO,"C. de la Aduana, 21, Centro, 28012 Madrid, Spain","3,4",2311,Barato,Abierto,40.4184,-3.70104,https://maps.google.com/?cid=13438356007564825843,,Monday: Closed | Tuesday: Closed | Wednesday: 12:00–5:30AM | Thursday: Closed | Friday: 12:00–5:30AM | Saturday: 12:00–5:30AM | Sunday: Closed,,SI,NO
Madrid Puerta de Atocha-Almudena Grandes,Estaciones de tren,TRANSPORTE,"Pl. del Emperador Carlos V, Arganzuela, 28045 Madrid, Spain",4,24393,—,Abierto,40.4049,-3.68832,https://maps.google.com/?cid=4127542197499528027,https://www.renfe.com/es/es,,912 32 03 20,NO,NO
Latin American Art,Galerías de arte,CULTURA OCIO Y NATURALEZA,"Calle de Silva, 20, Apto. 3C, Centro, 28004 Madrid, Spain",0,0,—,Abierto,40.4214,-3.70581,https://maps.google.com/?cid=15069790423593696254,http://www.ocana.com/,,650 92 23 20,NO,NO
Centro 13 Comercial,Centros comerciales,TIENDAS,"C. de la Paz, 13, Centro, 28012 Madrid, Spain","4,7",10,—,Abierto,40.4152,-3.70415,https://maps.google.com/?cid=16039123705374295094,,,,NO,NO
Pirandello,Discotecas,LOCALES DE OCIO NOCTURNO,"C. de Ventura Rodríguez, 7, Moncloa - Aravaca, 28008 Madrid, Spain","3,1",163,Moderado,Abierto,40.4249,-3.71383,https://maps.google.com/?cid=1281494290291209068,https://www.salapirandello.com/,Monday: Closed | Tuesday: Closed | Wednesday: Closed | Thursday: Closed | Friday: 12:00–6:00AM | Saturday: 12:00–6:00AM | Sunday: 12:00–6:00AM,915 47 57 11,SI,NO
Golem,"Cines, Teatros",CULTURA OCIO Y NATURALEZA,"C. de Martín de los Heros, 14, Moncloa - Aravaca, 28008 Madrid, Spain","4,5",2055,—,Abierto,40.4246,-3.71356,https://maps.google.com/?cid=1564732865103286203,https://golem.es/golem/golem-madrid,Monday: 4:00–10:30PM | Tuesday: 4:00–10:30PM | Wednesday: 4:00–10:30PM | Thursday: 4:00–10:30PM | Friday: 4:00–10:30PM | Saturday: 4:00–10:30PM | Sunday: 4:00–10:30PM,915 59 38 36,NO,SI
"Minicasino ""Lavapies""",Casinos,LOCALES DE OCIO NOCTURNO,"Pl. de Lavapiés, 8, Centro, 28012 Madrid, Spain","3,3",7,—,Abierto,40.4087,-3.70132,https://maps.google.com/?cid=8123697167564431299,,Monday: 12:00PM–12:00AM | Tuesday: 12:00PM–12:00AM | Wednesday: 12:00PM–12:00AM | Thursday: 12:00PM–12:00AM | Friday: 12:00PM–12:00AM | Saturday: 12:00PM–12:00AM | Sunday: 12:00PM–12:00AM,915 30 13 53,NO,NO
Párking de motos Calle Mayor 9,Aparcamientos,GASOLINERAS Y APARCAMIENTOS,"C. Mayor, 9, Centro, 28012 Madrid, Spain",0,0,—,Abierto,40.4163,-3.70591,https://maps.google.com/?cid=1261692546120324101,http://www.madrid.es/,Monday: 8:00AM–8:00PM | Tuesday: 8:00AM–8:00PM | Wednesday: 8:00AM–8:00PM | Thursday: 8:00AM–8:00PM | Friday: 8:00AM–8:00PM | Saturday: Closed | Sunday: Closed,,NO,NO
Embassy of Haiti,"Consulados, Embajadas",GOBIERNO,"P.º de la Castellana, 15, Chamberí, 28046 Madrid, Spain",4,17,—,Abierto,40.4282,-3.69029,https://maps.google.com/?cid=12188101929085917103,,Monday: 9:00AM–3:00PM | Tuesday: 9:00AM–3:00PM | Wednesday: 9:00AM–3:00PM | Thursday: 9:00AM–3:00PM | Friday: 9:00AM–3:00PM | Saturday: Closed | Sunday: Closed,915 75 26 24,NO,SI
Centro,"Campos de golf, Templos budistas","ESPACIOS DEPORTIVOS, ESPACIOS RELIGIOSOS","Centro, Madrid, Spain",0,0,—,—,40.4167,-3.70338,https://maps.google.com/?cid=15411610391261991105,,,,NO,NO
Estación de servicio Cepsa,Gasolineras,GASOLINERAS Y APARCAMIENTOS,"C. de Embajadores, 83, Arganzuela, 28012 Madrid, Spain","3,9",273,—,Abierto,40.4018,-3.69969,https://maps.google.com/?cid=7148154039041987604,https://www.moeve.es/es/cerca-de-ti/gasolineras/madrid/madrid-reivaj?utm_campaign=ficha-cerca-de-ti_eess__&utm_content=gmb_cepsa-com_tra_na-segmentation_eess_01242P_reivaj_madrid_madrid_28012_es_sitio-web_na-iab-format_na-size_na-trafficking_na-pricing_&utm_medium=organic&utm_source=gmb&utm_term=hbrs,Monday: Open 24 hours | Tuesday: Open 24 hours | Wednesday: Open 24 hours | Thursday: Open 24 hours | Friday: Open 24 hours | Saturday: Open 24 hours | Sunday: Open 24 hours,915 39 68 64,NO,SI
Embassy of Finland,"Consulados, Embajadas",GOBIERNO,"P.º de la Castellana, 15, Chamberí, 28046 Madrid, Spain","4,7",19,—,Abierto,40.4281,-3.69017,https://maps.google.com/?cid=13479093570548764720,http://finlandabroad.fi/espanja,"Monday: 9:00AM–1:00PM, 3:00–4:30PM | Tuesday: 9:00AM–1:00PM, 3:00–4:30PM | Wednesday: 9:00AM–1:00PM, 3:00–4:30PM | Thursday: 9:00AM–1:00PM, 3:00–4:30PM | Friday: 9:00AM–1:00PM, 3:00–4:30PM | Saturday: Closed | Sunday: Closed",913 19 61 72,NO,NO
Chapel of the Virgin of the Harbour,"Basílicas, Catedrales, Conventos, Ermitas, Iglesias, Monasterios",ESPACIOS RELIGIOSOS,"P.º de la Virgen del Puerto, 4, Centro, 28013 Madrid, Spain","4,6",1202,—,Abierto,40.4154,-3.72123,https://maps.google.com/?cid=5621009779997098514,http://www.ermitavirgendelpuerto.es/,Monday: Closed | Tuesday: Closed | Wednesday: Closed | Thursday: Closed | Friday: Closed | Saturday: 7:00AM–9:00PM | Sunday: 10:00AM–2:00PM,648 84 19 91,NO,SI
Milenium Medical Center Nicasio Gallego,"Clínicas, Hospitales",SALUD,"Calle de Nicasio Gallego, 8-10, Chamberí, 28010 Madrid, Spain","3,8",95,—,Abierto,40.4293,-3.69929,https://maps.google.com/?cid=15222682352242116767,https://www.sanitas.es/medicosycentros/centros-medicos/nicasio-gallego/?gmb=gmb%3Af-google%3Am-link%3Anc-cmnicasiogallego%3Ap-hospitales,Monday: 8:00AM–9:00PM | Tuesday: 8:00AM–9:00PM | Wednesday: 8:00AM–9:00PM | Thursday: 8:00AM–9:00PM | Friday: 8:00AM–9:00PM | Saturday: Closed | Sunday: Closed,915 91 54 48,NO,SI
María Jesús Andrés estética belleza,"Piscinas, Spas",ESPACIOS DEPORTIVOS,"C. del Ángel, 13, Centro, 28005 Madrid, Spain","4,9",40,—,Abierto,40.4099,-3.71266,https://maps.google.com/?cid=16179835996577249552,https://mariajesus-estetica.com/,Monday: 9:30AM–8:30PM | Tuesday: 9:30AM–8:30PM | Wednesday: 9:30AM–8:30PM | Thursday: 9:30AM–8:30PM | Friday: 9:30AM–8:30PM | Saturday: 9:00AM–2:00PM | Sunday: Closed,913 64 00 58,NO,SI
Real Biblioteca del Palacio Real de Madrid,Bibliotecas,EDUCACIÓN,"Real Alcázar de Madrid, Centro, 28013 Madrid, Spain","4,4",9,—,Abierto,40.4182,-3.71417,https://maps.google.com/?cid=10433434099558229837,,,,NO,SI
PUMA Store Madrid,Zapaterías,TIENDAS,"Calle de Fuencarral, 33, Centro, 28004 Madrid, Spain","4,2",426,—,Abierto,40.4222,-3.70102,https://maps.google.com/?cid=12895961258097007771,https://eu.puma.com/es/es/home,Monday: 10:00AM–9:00PM | Tuesday: 10:00AM–9:00PM | Wednesday: 10:00AM–9:00PM | Thursday: 10:00AM–9:00PM | Friday: 10:00AM–9:00PM | Saturday: 10:00AM–9:00PM | Sunday: 12:00–8:00PM,918 92 53 22,NO,SI
Aristocrazy El Corte Inglés Preciados,Joyerías,TIENDAS,"C. de Preciados, 3, Centro, 28013 Madrid, Spain","3,2",38,—,Abierto,40.4177,-3.70476,https://maps.google.com/?cid=9278860252885098808,https://www.aristocrazy.com/es/Home,Monday: 10:00AM–10:00PM | Tuesday: 10:00AM–10:00PM | Wednesday: 10:00AM–10:00PM | Thursday: 10:00AM–10:00PM | Friday: 10:00AM–10:00PM | Saturday: 10:00AM–10:00PM | Sunday: 11:00AM–9:00PM,663 11 25 12,NO,SI
Sala El Sol,Discotecas,LOCALES DE OCIO NOCTURNO,"C. de los Jardines, 3, Centro, 28013 Madrid, Spain","4,3",2477,Moderado,Abierto,40.419,-3.70165,https://maps.google.com/?cid=1418078815347796043,https://salaelsol.com/,Monday: Closed | Tuesday: Closed | Wednesday: 8:00PM–12:00AM | Thursday: 8:00PM–5:00AM | Friday: 8:00PM–6:00AM | Saturday: 8:00PM–6:00AM | Sunday: 8:00PM–12:00AM,915 22 44 03,NO,NO
Cine Estudio del Circulo de Bellas Artes,"Cines, Teatros",CULTURA OCIO Y NATURALEZA,"C. del Marqués de Casa Riera, 4, Centro, 28014 Madrid, Spain","4,6",259,—,Abierto,40.418,-3.69627,https://maps.google.com/?cid=9890977621553325527,http://www.circulobellasartes.com/ciclos-cine,Monday: Closed | Tuesday: 10:00AM–12:00AM | Wednesday: 10:00AM–12:00AM | Thursday: 10:00AM–12:00AM | Friday: 10:00AM–12:00AM | Saturday: 10:00AM–12:00AM | Sunday: 10:00AM–12:00AM,915 21 35 09,NO,SI
Comillas Pontifical University,Universidades,EDUCACIÓN,"C. de Alberto Aguilera, 23, Centro, 28015 Madrid, Spain","4,4",167,—,Abierto,40.4299,-3.71157,https://maps.google.com/?cid=11592668686845134753,http://www.comillas.edu/,Monday: 7:30AM–10:30PM | Tuesday: 7:30AM–10:30PM | Wednesday: 7:30AM–10:30PM | Thursday: 7:30AM–10:30PM | Friday: 7:30AM–10:30PM | Saturday: Closed | Sunday: Closed,915 42 28 00,NO,SI
Plaza Xosé Tarrío,"Jardines, Parques, Parques naturales",CULTURA OCIO Y NATURALEZA,"C. del Calvario, 4, Centro, 28012 Madrid, Spain","3,3",3,—,Abierto,40.4113,-3.70242,https://maps.google.com/?cid=7230016687134289117,,Monday: Open 24 hours | Tuesday: Open 24 hours | Wednesday: Open 24 hours | Thursday: Open 24 hours | Friday: Open 24 hours | Saturday: Open 24 hours | Sunday: Open 24 hours,,NO,SI
Supermercados Dia,"Panaderías, Supermercados",COMIDA Y BEBIDA,"Pl. de San Miguel, 6, Centro, 28005 Madrid, Spain","3,9",164,—,Abierto,40.4151,-3.70906,https://maps.google.com/?cid=16769902762243393043,http://www.dia.es/compra-online/,Monday: 8:30AM–10:00PM | Tuesday: 8:30AM–10:00PM | Wednesday: 8:30AM–10:00PM | Thursday: 8:30AM–10:00PM | Friday: 8:30AM–10:00PM | Saturday: 8:30AM–10:00PM | Sunday: 10:00AM–10:00PM,912 17 04 53,NO,SI
Carrefour Express,Supermercados,COMIDA Y BEBIDA,"C. del Príncipe, 9, Centro, 28012 Madrid, Spain","3,9",474,—,Abierto,40.4158,-3.70024,https://maps.google.com/?cid=9226501306587055659,https://www.carrefour.es/tiendas-carrefour/supermercados/carrefour-express/calle-principe-s.aspx,Monday: 9:00AM–11:00PM | Tuesday: 9:00AM–11:00PM | Wednesday: 9:00AM–11:00PM | Thursday: 9:00AM–11:00PM | Friday: 9:00AM–11:00PM | Saturday: 9:00AM–11:00PM | Sunday: 10:00AM–11:00PM,914 90 89 00,NO,NO
Colegio Nacional de Secretarios Judiciales de España,Colegios,EDUCACIÓN,"Pl. de la Villa de París, 1D, Centro, 28004 Madrid, Spain",0,0,—,Abierto,40.425,-3.69317,https://maps.google.com/?cid=10542940782640974639,,,913 08 67 09,NO,SI
Yimbaran - Tienda De Plata De Ley,Joyerías,TIENDAS,"C. del Príncipe, 17, Centro, 28012 Madrid, Spain","4,8",191,—,Abierto,40.4153,-3.70029,https://maps.google.com/?cid=1831869795397411225,http://yimbaran.com/,Monday: 11:00AM–10:00PM | Tuesday: 11:00AM–10:00PM | Wednesday: 11:00AM–10:00PM | Thursday: 11:00AM–10:00PM | Friday: 11:00AM–10:00PM | Saturday: 11:00AM–10:00PM | Sunday: 11:00AM–10:00PM,914 29 58 58,NO,NO
Hotel Quatro Puerta Del Sol,"Albergues, Apartamentos turísticos, Campos de golf, Hostales, Hoteles, Templos budistas","ALOJAMIENTOS, ESPACIOS DEPORTIVOS, ESPACIOS RELIGIOSOS","C. de Sevilla, 4, Centro, 28014 Madrid, Spain",4,1144,—,Abierto,40.417,-3.69991,https://maps.google.com/?cid=278976668618611448,http://www.hotelquatropuertadelsol.com/?utm_source=google&utm_medium=organic&utm_campaign=my_business,,915 32 90 49,NO,SI
El Dorado salón de juego y apuestas,Casinos,LOCALES DE OCIO NOCTURNO,"C. de la Montera, 40, Centro, 28013 Madrid, Spain","4,6",122,—,Abierto,40.4192,-3.70172,https://maps.google.com/?cid=18173642155362262925,http://www.saloneldorado.es/,Monday: 10:00AM–1:00AM | Tuesday: 10:00AM–1:00AM | Wednesday: 10:00AM–1:00AM | Thursday: 10:00AM–1:00AM | Friday: 10:00AM–1:00AM | Saturday: 10:00AM–1:00AM | Sunday: 10:00AM–1:00AM,902 02 49 79,NO,NO
Sfera,"Mercados, Perfumerías, Tiendas, Tiendas de ropa","COMIDA Y BEBIDA, TIENDAS","C. de Preciados, 4, Centro, 28013 Madrid, Spain","4,1",1691,—,Abierto,40.4174,-3.7042,https://maps.google.com/?cid=11232423638524521830,https://www.sfera.com/es,Monday: 10:00AM–10:00PM | Tuesday: 10:00AM–10:00PM | Wednesday: 10:00AM–10:00PM | Thursday: 10:00AM–10:00PM | Friday: 10:00AM–10:00PM | Saturday: 10:00AM–10:00PM | Sunday: 11:00AM–9:00PM,915 23 83 70,NO,SI
Farmacia Enrique,Farmacias,SALUD,"Calle de Luisa Fernanda, 7, Moncloa - Aravaca, 28008 Madrid, Spain","4,7",52,—,Abierto,40.4262,-3.71443,https://maps.google.com/?cid=7034856793952591798,https://www.facebook.com/farmaciaenriquebaeza/,"Monday: 9:00AM–9:30PM | Tuesday: 9:00AM–9:30PM | Wednesday: 9:00AM–9:30PM | Thursday: 9:00AM–9:30PM | Friday: 9:00AM–9:30PM | Saturday: 9:30AM–2:30PM, 4:30–8:16PM | Sunday: Closed",915 55 36 66,NO,SI
Espahotel Plaza España,"Albergues, Apartamentos turísticos, Hostales, Hoteles",ALOJAMIENTOS,"Plaza de España, 7, Centro, 28008 Madrid, Spain",4,1303,—,Abierto,40.4224,-3.7121,https://maps.google.com/?cid=5716384966783615642,https://www.espahotelplazaespana.es/,Monday: Open 24 hours | Tuesday: Open 24 hours | Wednesday: Open 24 hours | Thursday: Open 24 hours | Friday: Open 24 hours | Saturday: Open 24 hours | Sunday: Open 24 hours,915 42 85 85,NO,SI
Aparcamiento EMT Plaza España,Aparcamientos,GASOLINERAS Y APARCAMIENTOS,"Plaza de España, s/n, Moncloa - Aravaca, 28008 Madrid, Spain","3,1",907,—,Abierto,40.4227,-3.71216,https://maps.google.com/?cid=18070154021613794494,,Monday: Open 24 hours | Tuesday: Open 24 hours | Wednesday: Open 24 hours | Thursday: Open 24 hours | Friday: Open 24 hours | Saturday: Open 24 hours | Sunday: Open 24 hours,915 48 08 66,NO,SI
Spain Gate,"Jardines, Parques, Parques naturales",CULTURA OCIO Y NATURALEZA,"C. de Alfonso XII, 1, Retiro, 28014 Madrid, Spain","4,7",733,—,Abierto,40.4166,-3.68861,https://maps.google.com/?cid=17345142751009148388,,Monday: 6:00AM–10:00PM | Tuesday: 6:00AM–10:00PM | Wednesday: 6:00AM–10:00PM | Thursday: 6:00AM–10:00PM | Friday: 6:00AM–10:00PM | Saturday: 6:00AM–10:00PM | Sunday: 6:00AM–10:00PM,914 00 87 40,NO,SI
Madder Medical Center,Hospitales,SALUD,"Pl. del Conde del Valle de Súchil, 6, Chamberí, 28015 Madrid, Spain","3,3",38,—,Abierto,40.4304,-3.70682,https://maps.google.com/?cid=14064962772784519958,http://www.centromedicomadder.com/,Monday: 9:00AM–9:00PM | Tuesday: 9:00AM–9:00PM | Wednesday: 9:00AM–9:00PM | Thursday: 9:00AM–9:00PM | Friday: 9:00AM–9:00PM | Saturday: Closed | Sunday: Closed,915 93 98 26,NO,SI
Colegio La Merced,Colegios,EDUCACIÓN,"C. de Luis de Góngora, 5, Centro, 28004 Madrid, Spain","4,9",83,—,Abierto,40.4232,-3.69673,https://maps.google.com/?cid=7398093373772895637,https://www.colegiolamerced.es/,Monday: 8:30AM–5:00PM | Tuesday: 8:30AM–5:00PM | Wednesday: 8:30AM–5:00PM | Thursday: 8:30AM–5:00PM | Friday: 8:30AM–5:00PM | Saturday: Closed | Sunday: Closed,915 23 22 99,NO,NO
AMPA Colegio Ermita del Santo,Centros comerciales,TIENDAS,"P.º de la Ermita del Santo, 18, Latina, 28011 Madrid, Spain","3,6",196,—,Abierto,40.411,-3.72395,https://maps.google.com/?cid=7734088071345461750,http://apaermitadelsanto.com/,"Monday: 9:00AM–2:00PM, 5:00–8:30PM | Tuesday: 9:00AM–2:00PM, 5:00–8:30PM | Wednesday: 9:00AM–2:00PM, 5:00–8:30PM | Thursday: 9:00AM–2:00PM, 5:00–8:30PM | Friday: 9:00AM–2:00PM, 5:00–8:30PM | Saturday: 9:30AM–2:00PM | Sunday: Closed",,NO,SI
ropa de vestir,Centros comerciales,TIENDAS,"C. de Lope de Vega, 11, Centro, Centro, 28014 Madrid, Spain",0,0,—,Abierto,40.4139,-3.69819,https://maps.google.com/?cid=5011976422296916441,,,,NO,NO
Embassy of Lebanon in Spain/Madrid,"Consulados, Embajadas",GOBIERNO,"C. de Claudio Coello, 65, Planta 1, Salamanca, 28001 Madrid, Spain","4,3",23,—,Abierto,40.4283,-3.68638,https://maps.google.com/?cid=18347935293350168095,https://www.instagram.com/embassyoflebanonspain/,Monday: 9:00AM–1:30PM | Tuesday: 9:00AM–1:30PM | Wednesday: 9:00AM–1:30PM | Thursday: 9:00AM–1:30PM | Friday: 9:00AM–1:30PM | Saturday: Closed | Sunday: Closed,,NO,NO
ZAPSHOP,Zapaterías,TIENDAS,"Gran Vía, 44, Centro, 28013 Madrid, Spain","3,5",97,—,Abierto,40.4204,-3.70545,https://maps.google.com/?cid=6437015846562642816,http://zapshop.es/,"Monday: 10:00AM–2:30PM, 4:30–10:00PM | Tuesday: 10:00AM–2:30PM, 4:30–10:00PM | Wednesday: 10:00AM–2:30PM, 4:30–10:00PM | Thursday: 10:00AM–2:30PM, 4:30–10:00PM | Friday: 10:00AM–2:30PM, 4:30–10:00PM | Saturday: 10:00AM–10:00PM | Sunday: 11:00AM–3:00PM, 4:00–9:00PM",915 32 60 70,NO,NO
cu gurtubay,Universidades,EDUCACIÓN,"C. de Gurtubay, 3, Salamanca, 28003 Madrid, Spain",0,0,—,Abierto,40.4231,-3.68514,https://maps.google.com/?cid=4598309493882001123,https://www.clubuniversitariogurtubay.es/contacto/,,911 69 28 69,NO,SI
Tahona del Capricho,Panaderías,COMIDA Y BEBIDA,"C. del Humilladero, 11, Centro, 28005 Madrid, Spain",4,135,Moderado,Abierto,40.41,-3.71023,https://maps.google.com/?cid=11295729857218571412,,Monday: 8:00AM–8:30PM | Tuesday: 8:00AM–8:30PM | Wednesday: 8:00AM–8:30PM | Thursday: 8:00AM–8:30PM | Friday: 8:00AM–8:30PM | Saturday: 8:00AM–3:00PM | Sunday: 8:00AM–3:00PM,916 12 96 00,NO,NO
Princesa - Rey Francisco,Estaciones de autobús,TRANSPORTE,"Centro, 28008 Madrid, Spain",3,2,—,Abierto,40.4282,-3.71438,https://maps.google.com/?cid=12650013044983507513,,,,NO,NO
Canon Business Center Madrid Plaza de España operado por Canon M6,Aparcamientos,GASOLINERAS Y APARCAMIENTOS,"P.º del Rey, 16, Moncloa - Aravaca, 28008 Madrid, Spain","3,1",15,—,Abierto,40.4218,-3.71852,https://maps.google.com/?cid=9438701898655684985,http://www.m6sistemas.com/,Monday: 8:00AM–4:30PM | Tuesday: 8:00AM–4:30PM | Wednesday: 8:00AM–4:30PM | Thursday: 8:00AM–4:30PM | Friday: 8:00AM–4:30PM | Saturday: Closed | Sunday: Closed,915 48 42 00,NO,SI
Elena Ferraris Yoga,Gimnasios,ESPACIOS DEPORTIVOS,"Calle de Nicasio Gallego, 1, Chamberí, 28010 Madrid, Spain","4,9",20,—,Abierto,40.4294,-3.70042,https://maps.google.com/?cid=8140429390918138120,https://www.elenaferrarisyoga.com/,Monday: 9:00AM–9:30PM | Tuesday: 9:00AM–9:30PM | Wednesday: 9:00AM–9:30PM | Thursday: 9:00AM–9:30PM | Friday: 9:00AM–9:30PM | Saturday: 9:00AM–9:30PM | Sunday: 9:00AM–9:30PM,607 87 60 97,NO,NO
Intratest S. L. Reparación y Venta de Audífonos,Clínicas,SALUD,"Calle de la Princesa, 16, 1ª 1, Centro, 28008 Madrid, Spain","4,3",78,—,Abierto,40.426,-3.71262,https://maps.google.com/?cid=239445766369520783,https://www.intratest.es/?utm_source=Maps&utm_medium=organic&utm_campaign=maps,Monday: 10:30AM–7:00PM | Tuesday: 10:30AM–7:00PM | Wednesday: 10:30AM–7:00PM | Thursday: 10:30AM–7:00PM | Friday: Closed | Saturday: Closed | Sunday: Closed,915 40 09 07,NO,NO
Rikinfante Giandon,"Centros culturales, Museos",CULTURA OCIO Y NATURALEZA,"Gran Vía, 15, Centro, 28013 Madrid, Spain",0,0,—,Abierto,40.4197,-3.70022,https://maps.google.com/?cid=9694518101724502473,,,0221 500-0000,NO,NO
Hotel Francisco I,"Campos de golf, Templos budistas","ESPACIOS DEPORTIVOS, ESPACIOS RELIGIOSOS","C. del Arenal, 15, Centro, 28013 Madrid, Spain","4,5",1759,—,Abierto,40.4174,-3.70759,https://maps.google.com/?cid=6343889874713037693,https://www.hotelfrancisco.com/es/?utm_source=google&utm_medium=organic&utm_campaign=Google_My_Business,Monday: Open 24 hours | Tuesday: Open 24 hours | Wednesday: Open 24 hours | Thursday: Open 24 hours | Friday: Open 24 hours | Saturday: Open 24 hours | Sunday: Open 24 hours,915 48 02 04,NO,SI
Museo del Jamón,Cafés,COMIDA Y BEBIDA,"Cra de S. Jerónimo, 6, Centro, 28014 Madrid, Spain","4,1",16396,Barato,Abierto,40.4165,-3.70154,https://maps.google.com/?cid=5435561169352366452,http://www.museodeljamon.com/,Monday: 9:00AM–11:30PM | Tuesday: 9:00AM–11:30PM | Wednesday: 9:00AM–11:30PM | Thursday: 9:00AM–11:30PM | Friday: 9:00AM–12:30AM | Saturday: 9:00AM–12:30AM | Sunday: 9:00AM–11:30PM,915 21 03 46,NO,SI
Chocolatería Valor,"Mercados, Perfumerías, Tiendas","COMIDA Y BEBIDA, TIENDAS","C. del Postigo de San Martín, 7, Centro, 28013 Madrid, Spain","3,5",9540,Moderado,Abierto,40.4191,-3.70618,https://maps.google.com/?cid=10070933612560935229,https://www.valor.es/chocolaterias-valor/,Monday: 8:00AM–10:30PM | Tuesday: 8:00AM–10:30PM | Wednesday: 8:00AM–10:30PM | Thursday: 8:00AM–10:30PM | Friday: 8:00AM–12:00AM | Saturday: 9:00AM–1:00AM | Sunday: 9:00AM–10:30PM,915 22 92 88,NO,SI
H10 Villa de la Reina Boutique Hotel,"Campos de golf, Templos budistas","ESPACIOS DEPORTIVOS, ESPACIOS RELIGIOSOS","Gran Vía, 22, E, Centro, 28013 Madrid, Spain","4,5",1467,—,Abierto,40.42,-3.70027,https://maps.google.com/?cid=17735660054983483203,https://www.h10hotels.com/es/hoteles-madrid/h10-villa-de-la-reina?utm_source=google_my_business&utm_medium=boton_sitio_web&utm_campaign=hvr,Monday: Open 24 hours | Tuesday: Open 24 hours | Wednesday: Open 24 hours | Thursday: Open 24 hours | Friday: Open 24 hours | Saturday: Open 24 hours | Sunday: Open 24 hours,915 23 91 01,NO,SI
Calzados El Ferrocarril,Zapaterías,TIENDAS,"C. de Toledo, 62, Centro, 28005 Madrid, Spain","4,3",143,—,Abierto,40.41,-3.70947,https://maps.google.com/?cid=6883423214445949900,https://www.calzadoscomodos.com/,"Monday: 9:45AM–1:45PM, 5:00–8:15PM | Tuesday: 9:45AM–1:45PM, 5:00–8:15PM | Wednesday: 9:45AM–1:45PM, 5:00–8:15PM | Thursday: 9:45AM–1:45PM, 5:00–8:15PM | Friday: 9:45AM–1:45PM, 5:00–8:15PM | Saturday: 9:45AM–1:45PM | Sunday: Closed",913 64 22 93,NO,SI
"Misioneras del Santísimo Sacramento y María Inmaculada ""Cachito de Cielo""","Basílicas, Catedrales, Conventos, Ermitas, Iglesias, Monasterios",ESPACIOS RELIGIOSOS,"Tr.ª de Belén, 1, Centro, 28004 Madrid, Spain","4,9",301,—,Abierto,40.4238,-3.69655,https://maps.google.com/?cid=4714218640106608003,,Monday: Open 24 hours | Tuesday: Open 24 hours | Wednesday: Open 24 hours | Thursday: Open 24 hours | Friday: Open 24 hours | Saturday: Open 24 hours | Sunday: Open 24 hours,913 19 44 92,NO,NO
Casita-Museo de Ratón Pérez,"Centros culturales, Montañas, Museos, Oficinas de turismo, Senderismo","CULTURA OCIO Y NATURALEZA, ESPACIOS DEPORTIVOS, OFICINAS DE TURISMO","C. del Arenal, 8, primera planta, Centro, 28013 Madrid, Spain","4,3",6169,—,Abierto,40.417,-3.70539,https://maps.google.com/?cid=8178726908532056507,http://www.casamuseoratonperez.es/,"Monday: 10:00AM–3:00PM, 4:00–8:30PM | Tuesday: 10:00AM–3:00PM, 4:00–8:30PM | Wednesday: 10:00AM–3:00PM, 4:00–8:30PM | Thursday: 10:00AM–3:00PM, 4:00–8:30PM | Friday: 10:00AM–3:00PM, 4:00–8:30PM | Saturday: 10:00AM–8:30PM | Sunday: 10:00AM–8:30PM",915 22 69 68,NO,NO
Chocolatería San Ginés,"Cafés, Mercados, Perfumerías, Restaurantes, Tapas, Tiendas, Vegano, Vegetariano","COMIDA Y BEBIDA, TIENDAS","Pasadizo de San Ginés, 5, Centro, 28013 Madrid, Spain","4,3",65672,—,Abierto,40.4169,-3.70695,https://maps.google.com/?cid=7536165071040463829,https://chocolateriasangines.com/,Monday: Open 24 hours | Tuesday: Open 24 hours | Wednesday: Open 24 hours | Thursday: Open 24 hours | Friday: Open 24 hours | Saturday: Open 24 hours | Sunday: Open 24 hours,913 65 65 46,NO,SI
Cuesta de la Vega,Estaciones de autobús,TRANSPORTE,"Arganzuela, 28005 Madrid, Spain",0,0,—,Abierto,40.4132,-3.71727,https://maps.google.com/?cid=16624836255608243642,,,,NO,NO
Mucho X ver,Zapaterías,TIENDAS,"Pl. de Herradores, 2, Centro, 28013 Madrid, Spain","4,9",17,—,Abierto,40.4163,-3.70844,https://maps.google.com/?cid=3733756532851613035,,"Monday: 10:30AM–2:00PM, 5:30–8:30PM | Tuesday: 10:30AM–2:00PM, 5:30–8:30PM | Wednesday: 10:30AM–2:00PM, 5:30–8:30PM | Thursday: 10:30AM–2:00PM, 5:30–8:30PM | Friday: 10:30AM–2:00PM, 5:30–8:30PM | Saturday: 11:00AM–2:30PM | Sunday: Closed",911 49 56 26,NO,SI
La Rollerie,"Cafés, Panaderías",COMIDA Y BEBIDA,"C. de Atocha, 20, Centro, 28012 Madrid, Spain","4,2",5934,Moderado,Abierto,40.4138,-3.70304,https://maps.google.com/?cid=9849140410953793330,http://www.larollerie.com/,Monday: 8:00AM–9:00PM | Tuesday: 8:00AM–9:00PM | Wednesday: 8:00AM–9:00PM | Thursday: 8:00AM–9:00PM | Friday: 8:00AM–9:00PM | Saturday: 8:00AM–9:00PM | Sunday: 8:00AM–9:00PM,914 20 46 75,SI,SI
CCIC La Tortuga Lavapiés (Asociación Cualquiera),Universidades,EDUCACIÓN,"Calle de la Espada, 6, Centro, 28012 Madrid, Spain","4,6",49,—,Abierto,40.4116,-3.70465,https://maps.google.com/?cid=9363516759597068076,http://www.centrolatortuga.com/,Monday: 5:00–9:30PM | Tuesday: 5:00–9:30PM | Wednesday: 5:00–9:30PM | Thursday: 5:00–9:30PM | Friday: 5:00–9:30PM | Saturday: 7:00–10:00PM | Sunday: Closed,910 71 09 51,NO,NO
La Bicicleta,Cafés,COMIDA Y BEBIDA,"Pl. de San Ildefonso, 9, Centro, 28004 Madrid, Spain",4,5814,Moderado,Abierto,40.4238,-3.70223,https://maps.google.com/?cid=5620708204232263553,http://www.labicicletacafe.com/,Monday: 10:00AM–8:00PM | Tuesday: 10:00AM–8:00PM | Wednesday: 10:00AM–8:00PM | Thursday: 10:00AM–8:00PM | Friday: 10:00AM–2:15AM | Saturday: 10:00AM–2:15AM | Sunday: 10:00AM–8:00PM,915 32 97 42,SI,SI
Joyas del Mundo,Joyerías,TIENDAS,"C. del Duque de Alba, 11, Centro, 28012 Madrid, Spain","4,1",85,—,Abierto,40.4117,-3.70613,https://maps.google.com/?cid=17603260360020538462,http://www.joyasdelmundo.es/,Monday: 10:00AM–7:15PM | Tuesday: 10:00AM–7:15PM | Wednesday: 10:00AM–7:15PM | Thursday: 10:00AM–7:15PM | Friday: 10:00AM–7:15PM | Saturday: 10:30AM–2:15PM | Sunday: 10:30AM–2:15PM,600 03 67 21,NO,SI
Carrefour Express,Supermercados,COMIDA Y BEBIDA,"C. de la Montera, 32, Centro, 28013 Madrid, Spain",4,2447,—,Abierto,40.4187,-3.70199,https://maps.google.com/?cid=189433257996908142,https://www.carrefour.es/tiendas-carrefour/supermercados/carrefour-express/montera-s.aspx,Monday: Open 24 hours | Tuesday: Open 24 hours | Wednesday: Open 24 hours | Thursday: Open 24 hours | Friday: Open 24 hours | Saturday: Open 24 hours | Sunday: Open 24 hours,675 08 42 28,NO,SI
La Teletienda,Centros comerciales,TIENDAS,"C. de San Bernardo, 13, Oficina 6ºc, Centro, 28015 Madrid, Spain",5,1,—,Abierto,40.4219,-3.70794,https://maps.google.com/?cid=3228485328441659496,,"Monday: 10:00AM–2:00PM, 5:00–8:00PM | Tuesday: 10:00AM–2:00PM, 5:00–8:00PM | Wednesday: 10:00AM–2:00PM, 5:00–8:00PM | Thursday: 10:00AM–2:00PM, 5:00–8:00PM | Friday: 10:00AM–2:00PM, 5:00–8:00PM | Saturday: 10:00AM–2:00PM | Sunday: Closed",912 87 63 16,NO,NO
Almacén estuches pinturas,Centros comerciales,TIENDAS,"C. de Postas, 16, Centro, 28012 Madrid, Spain",0,0,—,Abierto,40.416,-3.70605,https://maps.google.com/?cid=3526032473135418842,,,,NO,NO
Sacred Heart School,Colegios,EDUCACIÓN,"C. de Don Pedro, 14, Centro, 28005 Madrid, Spain","4,4",74,—,Abierto,40.4117,-3.71333,https://maps.google.com/?cid=15433189372189626629,http://www.sagradocorazonmadrid.es/,Monday: 7:45AM–6:30PM | Tuesday: 7:45AM–6:30PM | Wednesday: 7:45AM–6:30PM | Thursday: 7:45AM–6:30PM | Friday: 7:45AM–6:30PM | Saturday: Closed | Sunday: Closed,913 65 36 04,NO,NO
Apart-Hotel Serrano Recoletos,"Albergues, Apartamentos turísticos, Hostales, Hoteles",ALOJAMIENTOS,"C. de Villanueva, 2, Salamanca, 28001 Madrid, Spain","3,6",918,—,Abierto,40.4227,-3.69003,https://maps.google.com/?cid=6978821886131035329,https://www.apart-hotelserranorecoletos.com/?utm_source=google&utm_medium=organic&utm_campaign=GoogleMyBusiness&utm_content=serranorecoletos&partner=7646,,914 31 91 00,NO,SI
Santo Domingo,Estaciones de metro,TRANSPORTE,"Centro, 28013 Madrid, Spain","4,1",160,—,Abierto,40.4214,-3.70788,https://maps.google.com/?cid=7084789871333772503,,,,NO,NO
Tirso de Molina,Estaciones de metro,TRANSPORTE,"Centro, 28012 Madrid, Spain","3,9",254,—,Abierto,40.4123,-3.70432,https://maps.google.com/?cid=4937285182987825329,,,,NO,NO
La Celestina Art Studio,"Centros culturales, Museos",CULTURA OCIO Y NATURALEZA,"C. de las Huertas, 21, Centro, 28014 Madrid, Spain",4,1,—,Abierto,40.4137,-3.69934,https://maps.google.com/?cid=3037574329779430993,http://www.lauramema.com/,,,NO,NO
Likidation,Centros comerciales,TIENDAS,"C/ de Hortaleza, 34, Centro, Centro, 28004 Madrid, Spain",0,0,—,Abierto,40.4218,-3.69992,https://maps.google.com/?cid=1170481996391087699,,,,NO,NO
Velázquez,Estaciones de metro,TRANSPORTE,"Salamanca, 28001 Madrid, Spain","3,9",71,—,Abierto,40.4251,-3.68287,https://maps.google.com/?cid=10938088381677745127,https://www.crtm.es/,,,NO,NO
Brooklyn Fitboxing Madrid centro,Gimnasios,ESPACIOS DEPORTIVOS,"Calle de la Colegiata, 6, Centro, 28012 Madrid, Spain","4,9",536,—,Abierto,40.4129,-3.70598,https://maps.google.com/?cid=3509999533745162062,https://bfclick.com/madrid-centro-gmb,"Monday: 8:00–11:00AM, 1:30–2:30PM, 4:30–9:30PM | Tuesday: 7:00AM–12:00PM, 2:30–3:30PM, 5:30–9:30PM | Wednesday: 8:00–11:00AM, 1:30–2:30PM, 4:30–9:30PM | Thursday: 7:00AM–12:00PM, 2:30–3:30PM, 5:30–9:30PM | Friday: 8:00–9:00AM, 10:00–11:00AM, 1:30–2:30PM, 5:30–8:30PM | Saturday: 10:00AM–1:00PM | Sunday: Closed",648 98 56 12,NO,SI
Restaurante El Ventorrillo,Cafés,COMIDA Y BEBIDA,"C. de Bailén, 14, Centro, 28005 Madrid, Spain","3,4",560,Moderado,Cerrado temporalmente,40.4127,-3.71388,https://maps.google.com/?cid=5960265044560233208,,,913 66 35 78,SI,SI
Pandora's Vox Rehearsal,"Bares, Cervecerías, Coctelerías, Mercados, Perfumerías, Tiendas","COMIDA Y BEBIDA, LOCALES DE OCIO NOCTURNO, TIENDAS","C. de Rafael de Riego, 8, Arganzuela, 28045 Madrid, Spain","4,7",302,—,Abierto,40.4056,-3.6921,https://maps.google.com/?cid=2269256115420955409,http://www.pandorasvox.es/,Monday: 10:00AM–11:00PM | Tuesday: 10:00AM–11:00PM | Wednesday: 10:00AM–11:00PM | Thursday: 10:00AM–11:00PM | Friday: 10:00AM–11:00PM | Saturday: 10:00AM–11:00PM | Sunday: 10:00AM–11:00PM,912 30 01 74,NO,SI
My Name's Lolita Art,Galerías de arte,CULTURA OCIO Y NATURALEZA,"C. de Almadén, 12, Centro, 28014 Madrid, Spain","4,7",27,—,Cerrado temporalmente,40.4109,-3.69465,https://maps.google.com/?cid=2669779146637942983,http://www.mynameslolita.com/,,915 30 72 37,NO,NO
La Tita Rivera,"Bares, Cervecerías, Coctelerías","COMIDA Y BEBIDA, LOCALES DE OCIO NOCTURNO","C. de Pérez Galdós, 4, Centro, 28004 Madrid, Spain","4,1",8597,Moderado,Abierto,40.4224,-3.70035,https://maps.google.com/?cid=7585201101530611217,http://www.latitarivera.com/,Monday: 12:30PM–12:30AM | Tuesday: 12:30PM–12:30AM | Wednesday: 12:30PM–12:30AM | Thursday: 12:30PM–12:30AM | Friday: 12:30PM–12:30AM | Saturday: 12:00PM–12:30AM | Sunday: 12:00PM–12:00AM,915 22 18 90,SI,SI
JAVIER AGUADO . Espacio de Arte / Espacio Abierto,Galerías de arte,CULTURA OCIO Y NATURALEZA,"C. del Bastero, 16, Centro, 28005 Madrid, Spain",0,0,—,Abierto,40.4083,-3.70962,https://maps.google.com/?cid=5532104828509716245,http://fjavieraguado.com/,Monday: 10:00AM–8:00PM | Tuesday: 10:00AM–8:00PM | Wednesday: 10:00AM–8:00PM | Thursday: 10:00AM–8:00PM | Friday: 10:00AM–8:00PM | Saturday: 10:30AM–2:00PM | Sunday: 10:30AM–2:00PM,915 42 99 90,NO,NO
Wellness Boutique Experience,"Piscinas, Spas",ESPACIOS DEPORTIVOS,"C. de Campoamor, 5, Centro, 28004 Madrid, Spain","4,9",983,—,Abierto,40.4257,-3.69613,https://maps.google.com/?cid=17114785880130770679,https://www.wellnessmadrid.com/,Monday: 10:00AM–9:00PM | Tuesday: 10:00AM–9:00PM | Wednesday: 10:00AM–9:00PM | Thursday: 10:00AM–9:00PM | Friday: 10:00AM–9:00PM | Saturday: 10:00AM–6:00PM | Sunday: Closed,917 37 35 95,NO,SI
Alejandro Passoa,"Cines, Teatros",CULTURA OCIO Y NATURALEZA,"C. de Jesús y María, 25, Centro, 28012 Madrid, Spain",0,0,—,Abierto,40.4109,-3.70311,https://maps.google.com/?cid=10544486623571960380,,Monday: 11:00AM–10:00PM | Tuesday: 11:00AM–11:00PM | Wednesday: 11:00AM–11:00PM | Thursday: 11:00AM–11:00PM | Friday: 11:00AM–11:00PM | Saturday: 11:00AM–11:00PM | Sunday: 11:00AM–11:00PM,684 04 63 78,NO,SI
Catedral de Santa María la Real de la Almudena,"Basílicas, Catedrales, Conventos, Ermitas, Iglesias, Monasterios, Montañas, Oficinas de turismo, Senderismo","CULTURA OCIO Y NATURALEZA, ESPACIOS DEPORTIVOS, ESPACIOS RELIGIOSOS, OFICINAS DE TURISMO","C. de Bailén, 10, Centro, 28013 Madrid, Spain","4,6",28447,—,Abierto,40.4156,-3.71455,https://maps.google.com/?cid=9213498426296544370,https://catedraldelaalmudena.es/,Monday: 10:00AM–8:30PM | Tuesday: 10:00AM–8:30PM | Wednesday: 10:00AM–8:30PM | Thursday: 10:00AM–8:30PM | Friday: 10:00AM–8:30PM | Saturday: 10:00AM–8:30PM | Sunday: 10:00AM–8:30PM,915 42 22 00,NO,SI
Z Library,Bibliotecas,EDUCACIÓN,"C. de Francisco de Rojas, 528010, Chamberí, 28010 Madrid, Spain",0,0,—,Abierto,40.4294,-3.69967,https://maps.google.com/?cid=18108250122725453946,,,,NO,SI
Clínica Moratín Podología y Fisioterapia,"Clínicas, Hospitales",SALUD,"C. de Moratín, 21, Centro, 28014 Madrid, Spain","4,9",59,—,Abierto,40.4124,-3.69694,https://maps.google.com/?cid=13662353883700083012,https://clinicamoratin.es/,"Monday: 10:00AM–2:00PM, 5:00–8:00PM | Tuesday: 10:00AM–2:00PM, 5:00–8:00PM | Wednesday: 10:00AM–2:00PM, 5:00–8:00PM | Thursday: 10:00AM–2:00PM, 5:00–8:00PM | Friday: 10:00AM–2:00PM, 5:00–8:00PM | Saturday: Closed | Sunday: Closed",914 29 45 24,NO,SI
Parking Indigo - C.C. Príncipe Pío,Aparcamientos,GASOLINERAS Y APARCAMIENTOS,"P.º de la Florida, s/n, Moncloa - Aravaca, 28008 Madrid, Spain","3,7",462,—,Abierto,40.4225,-3.7227,https://maps.google.com/?cid=1583275218843149522,https://www.indigoneo.es/es/parkings/20871/parking-cc-principe-pio?utm_source=google&utm_media=yext,Monday: Open 24 hours | Tuesday: Open 24 hours | Wednesday: Open 24 hours | Thursday: Open 24 hours | Friday: Open 24 hours | Saturday: Open 24 hours | Sunday: Open 24 hours,917 58 01 00,NO,SI
Carrefour Express,Supermercados,COMIDA Y BEBIDA,"C. del Desengaño, 12, Centro, 28004 Madrid, Spain","3,6",210,—,Abierto,40.4209,-3.70318,https://maps.google.com/?cid=11063969036852572321,https://www.carrefour.es/tiendas-carrefour/supermercados/carrefour-express/desenganio-madrid-s.aspx,Monday: 9:00AM–11:00PM | Tuesday: 9:00AM–11:00PM | Wednesday: 9:00AM–11:00PM | Thursday: 9:00AM–11:00PM | Friday: 9:00AM–11:00PM | Saturday: 9:00AM–11:00PM | Sunday: 10:00AM–10:00PM,914 90 89 00,NO,SI
Universidad Nacional Mexicana del Diseño,Universidades,EDUCACIÓN,"C. de San Bernardo, 4, Centro, 28013 Madrid, Spain",0,0,—,Abierto,40.4209,-3.70799,https://maps.google.com/?cid=11781270048829861918,,,,NO,SI
The Diamond Society,Joyerías,TIENDAS,"C. del Arenal, 7, Centro, 28013 Madrid, Spain",0,0,—,Abierto,40.4169,-3.70564,https://maps.google.com/?cid=17346002098990943992,,Monday: 10:00AM–6:00PM | Tuesday: 10:00AM–6:00PM | Wednesday: 10:00AM–6:00PM | Thursday: 10:00AM–6:00PM | Friday: 10:00AM–6:00PM | Saturday: Closed | Sunday: Closed,915 31 38 92,NO,NO
Gayubo Joyería,Joyerías,TIENDAS,"C. del Arenal, 7, Centro, 28013 Madrid, Spain","3,9",11,—,Cerrado temporalmente,40.4169,-3.70566,https://maps.google.com/?cid=17689437112840201312,https://gayubo.com/,,915 32 11 29,NO,NO
Swinton,Galerías de arte,CULTURA OCIO Y NATURALEZA,"C. de Miguel Servet, 21, Centro, 28012 Madrid, Spain","4,8",64,—,Abierto,40.4059,-3.70172,https://maps.google.com/?cid=2054898547152898679,,"Monday: 11:00AM–2:30PM, 5:00–9:00PM | Tuesday: 11:00AM–2:30PM, 5:00–9:00PM | Wednesday: 11:00AM–2:30PM, 5:00–9:00PM | Thursday: 11:00AM–2:30PM, 5:00–9:00PM | Friday: 11:00AM–2:30PM, 5:00–9:00PM | Saturday: 11:00AM–3:00PM, 5:00–9:00PM | Sunday: 11:00AM–3:00PM, 5:00–9:00PM",914 49 61 28,NO,NO
Religiosas Concepcionistas Misioneras de la Enseñanza,Colegios,EDUCACIÓN,"Calle de la Princesa, 19, Moncloa - Aravaca, 28008 Madrid, Spain",0,0,—,Abierto,40.4259,-3.71363,https://maps.google.com/?cid=9373473987349246727,,,915 40 14 60,NO,SI
Konsulat RP,"Consulados, Embajadas",GOBIERNO,"Calle de Goya, 15, Salamanca, 28001 Madrid, Spain","4,1",188,—,Abierto,40.4255,-3.68744,https://maps.google.com/?cid=12385832855321138858,https://www.gov.pl/web/hiszpania/ambasada-rp-w-madrycie,,914 36 26 32,NO,NO
Librería anticuaria Libros Madrid,Librerías,TIENDAS,"C. de Campomanes, 5, Centro, 28013 Madrid, Spain",0,0,—,Abierto,40.419,-3.70932,https://maps.google.com/?cid=13375828685084937705,http://www.librosmadrid.com/,"Monday: 10:00AM–2:00PM, 5:00–8:00PM | Tuesday: 10:00AM–2:00PM, 5:00–8:00PM | Wednesday: 10:00AM–2:00PM, 5:00–8:00PM | Thursday: 10:00AM–2:00PM, 5:00–8:00PM | Friday: 10:00AM–2:00PM, 5:00–8:00PM | Saturday: 10:00AM–2:00PM, 5:00–8:00PM | Sunday: Closed",915 47 87 36,NO,SI
Museo Arqueológico,Estaciones de autobús,TRANSPORTE,"Salamanca, 28001 Madrid, Spain","4,5",28,—,Abierto,40.4229,-3.68839,https://maps.google.com/?cid=11429372534901417945,,,,NO,SI
Madrid City Hall,Ayuntamientos,GOBIERNO,"C. de Montalbán, 1, Retiro, 28014 Madrid, Spain","3,7",1143,—,Abierto,40.4183,-3.69181,https://maps.google.com/?cid=232504077162836829,https://www.madrid.es/portales/munimadrid/es/Inicio/El-Ayuntamiento/Contacto/Directorio-municipal/Areas-de-gobierno/Area-de-Gobierno-de-Medio-Ambiente-y-Movilidad/?vgnextfmt=default&vgnextoid=89dfcbf06c81c010VgnVCM1000000b205a0aRCRD&vgnextchannel=5dcf6e6e17ed6310VgnVCM1000000b205a0aRCRD,Monday: 8:00AM–5:00PM | Tuesday: 8:00AM–5:00PM | Wednesday: 8:00AM–5:00PM | Thursday: 8:00AM–5:00PM | Friday: 8:00AM–5:00PM | Saturday: 8:00AM–5:00PM | Sunday: 8:00AM–5:00PM,915 29 82 10,NO,SI
Biblioteca Nacional de España,"Bibliotecas, Montañas, Oficinas de turismo, Senderismo","CULTURA OCIO Y NATURALEZA, EDUCACIÓN, ESPACIOS DEPORTIVOS, OFICINAS DE TURISMO","P.º de Recoletos, 20-22, Salamanca, 28001 Madrid, Spain","4,5",1625,—,Abierto,40.4237,-3.69024,https://maps.google.com/?cid=15399344576263771127,http://www.bne.es/,Monday: 9:00AM–8:00PM | Tuesday: 9:00AM–8:00PM | Wednesday: 9:00AM–8:00PM | Thursday: 9:00AM–8:00PM | Friday: 9:00AM–8:00PM | Saturday: Closed | Sunday: Closed,915 80 78 00,NO,SI
James Joyce Irish Pub Madrid,"Bares, Cervecerías, Coctelerías","COMIDA Y BEBIDA, LOCALES DE OCIO NOCTURNO","C. Alcalá, 59, Salamanca, 28014 Madrid, Spain","4,3",5924,Moderado,Abierto,40.4199,-3.69131,https://maps.google.com/?cid=6231310127623998727,http://www.jamesjoycemadrid.com/,Monday: 12:00PM–1:00AM | Tuesday: 12:00PM–1:00AM | Wednesday: 12:00PM–2:00AM | Thursday: 12:00PM–2:00AM | Friday: 12:00PM–2:30AM | Saturday: 12:00PM–2:30AM | Sunday: 12:00PM–1:00AM,915 75 49 01,SI,SI
Dia Market,"Panaderías, Supermercados",COMIDA Y BEBIDA,"Calle de Sta. Clara, 2, Centro, 28013 Madrid, Spain","3,8",193,—,Abierto,40.4167,-3.71067,https://maps.google.com/?cid=18198479232839053356,http://www.dia.es/compra-online/,Monday: 8:30AM–10:00PM | Tuesday: 8:30AM–10:00PM | Wednesday: 8:30AM–10:00PM | Thursday: 8:30AM–10:00PM | Friday: 8:30AM–10:00PM | Saturday: 8:30AM–10:00PM | Sunday: 10:00AM–8:00PM,912 17 04 53,NO,SI
Santo Domingo,Estaciones de autobús,TRANSPORTE,"Centro, 28013 Madrid, Spain","4,5",4,—,Abierto,40.4213,-3.7074,https://maps.google.com/?cid=2009828171055733433,,,,NO,SI
MUJI,"Mercados, Perfumerías, Tiendas","COMIDA Y BEBIDA, TIENDAS","Calle de Goya, 9, Salamanca, 28001 Madrid, Spain","4,2",1039,—,Abierto,40.4256,-3.68845,https://maps.google.com/?cid=17649100788183178072,https://spain.muji.eu/,Monday: 10:30AM–9:00PM | Tuesday: 10:30AM–9:00PM | Wednesday: 10:30AM–9:00PM | Thursday: 10:30AM–9:00PM | Friday: 10:30AM–9:00PM | Saturday: 10:30AM–9:00PM | Sunday: 12:00–8:00PM,911 03 64 86,NO,NO
I.E.S. Juan de La Cierva,Colegios,EDUCACIÓN,"C. de la Caoba, 1, Arganzuela, 28005 Madrid, Spain",0,0,—,Abierto,40.4022,-3.70644,https://maps.google.com/?cid=13351285932986975305,http://www.iesjuandelacierva.es/,Monday: 8:00AM–9:00PM | Tuesday: 8:00AM–9:00PM | Wednesday: 8:00AM–9:00PM | Thursday: 8:00AM–9:00PM | Friday: 8:00AM–9:00PM | Saturday: Closed | Sunday: Closed,915 06 46 10,NO,SI
Corneta Trompeta Joyeria Ariza,Joyerías,TIENDAS,"C. de Cedaceros, 8, Centro, 28014 Madrid, Spain","3,3",7,—,Abierto,40.4172,-3.69851,https://maps.google.com/?cid=18312429678871485648,http://www.corneta-trompeta-joyeria-ariza.com/,"Monday: 10:30AM–2:30PM, 5:00–8:00PM | Tuesday: 10:30AM–2:30PM, 5:00–8:00PM | Wednesday: 10:30AM–2:30PM, 5:00–8:00PM | Thursday: 10:30AM–2:30PM, 5:00–8:00PM | Friday: 10:30AM–2:30PM, 5:00–8:00PM | Saturday: Closed | Sunday: Closed",915 22 69 67,NO,NO
Universal Mutua Madrid,Hospitales,SALUD,"C. de Sta. Cruz de Marcenado, 15, Centro, 28015 Madrid, Spain","1,9",308,—,Abierto,40.4285,-3.70914,https://maps.google.com/?cid=10086020027465315091,http://www.mutuauniversal.net/,Monday: 8:00AM–8:00PM | Tuesday: 8:00AM–8:00PM | Wednesday: 8:00AM–8:00PM | Thursday: 8:00AM–8:00PM | Friday: 8:00AM–7:00PM | Saturday: Closed | Sunday: Closed,913 22 07 00,NO,SI
CERO,"Basílicas, Catedrales, Conventos, Ermitas, Iglesias, Monasterios",ESPACIOS RELIGIOSOS,"C. de Martín de Vargas, 26, A, Arganzuela, Arganzuela, 28005 Madrid, Spain","4,9",39,—,Abierto,40.4024,-3.70174,https://maps.google.com/?cid=10849982189500439145,http://www.iglesiacero.es/,Monday: Closed | Tuesday: Closed | Wednesday: Closed | Thursday: Closed | Friday: Closed | Saturday: 12:15–2:00PM | Sunday: Closed,917 37 77 37,NO,SI
The Polar Company,"Mercados, Perfumerías, Tiendas, Tiendas de ropa","COMIDA Y BEBIDA, TIENDAS","C. del Conde Duque, 5, Centro, 28015 Madrid, Spain","4,7",84,—,Abierto,40.4261,-3.71143,https://maps.google.com/?cid=2276624719091007754,https://polarcompany.es/,"Monday: 11:00AM–2:00PM, 5:00–8:00PM | Tuesday: 11:00AM–2:00PM, 5:00–8:00PM | Wednesday: 11:00AM–2:00PM, 5:00–8:00PM | Thursday: 11:00AM–2:00PM, 5:00–8:00PM | Friday: 11:00AM–2:00PM, 5:00–8:00PM | Saturday: 11:00AM–2:00PM, 4:30–8:30PM | Sunday: Closed",915 59 46 49,NO,SI
Marieme hairdresser Extensions and Braids,"Piscinas, Spas",ESPACIOS DEPORTIVOS,"C. del Mesón de Paredes, 85, Centro, 28012 Madrid, Spain","3,7",60,—,Abierto,40.4056,-3.70104,https://maps.google.com/?cid=8032026500711114607,https://peluqueria-y-estetica-trenzas-y-extensiones.jimdosite.com/,Monday: 10:30AM–8:00PM | Tuesday: 10:30AM–8:00PM | Wednesday: 10:30AM–8:00PM | Thursday: 10:30AM–8:00PM | Friday: 10:30AM–8:00PM | Saturday: 10:00AM–8:00PM | Sunday: Closed,632 77 17 26,NO,NO
Hotel Liabeny,"Campos de golf, Templos budistas","ESPACIOS DEPORTIVOS, ESPACIOS RELIGIOSOS","C. de la Salud, 3, Centro, 28013 Madrid, Spain","4,5",3082,—,Abierto,40.4186,-3.704,https://maps.google.com/?cid=10835656523381971922,https://www.liabeny.es/,Monday: Open 24 hours | Tuesday: Open 24 hours | Wednesday: Open 24 hours | Thursday: Open 24 hours | Friday: Open 24 hours | Saturday: Open 24 hours | Sunday: Open 24 hours,915 31 90 00,NO,SI
Clínica Médico Estética Unika,"Hospitales, Piscinas, Spas","ESPACIOS DEPORTIVOS, SALUD","C. de Juan Duque, 18, Arganzuela, 28005 Madrid, Spain","4,8",70,—,Abierto,40.4124,-3.71956,https://maps.google.com/?cid=12568943914247118562,http://www.clinicaunika.com/,Monday: 10:00AM–8:00PM | Tuesday: 10:00AM–8:00PM | Wednesday: 10:00AM–8:00PM | Thursday: 10:00AM–8:00PM | Friday: 10:00AM–8:00PM | Saturday: 10:00AM–1:30PM | Sunday: Closed,649 76 08 26,NO,SI
Small Film Studio,"Cines, Teatros",CULTURA OCIO Y NATURALEZA,"C/ de Magallanes, 1, Chamberí, 28015 Madrid, Spain","4,4",272,—,Abierto,40.4324,-3.70543,https://maps.google.com/?cid=9811077710356570250,http://www.pcineestudio.es/,Monday: 5:30–11:30PM | Tuesday: 5:30–11:30PM | Wednesday: 5:30–11:30PM | Thursday: 5:30–11:30PM | Friday: 5:30–11:30PM | Saturday: 5:30–11:30PM | Sunday: 5:30–11:30PM,914 47 29 20,NO,NO
El Corte Inglés Callao,Centros comerciales,TIENDAS,"Pl. del Callao, 2, Centro, 28013 Madrid, Spain","4,4",17329,—,Abierto,40.4182,-3.70516,https://maps.google.com/?cid=3482704033507304680,https://www.elcorteingles.es/centroscomerciales/es/eci/centros/centro-comercial-preciados-callao,Monday: 10:00AM–10:00PM | Tuesday: 10:00AM–10:00PM | Wednesday: 10:00AM–10:00PM | Thursday: 10:00AM–10:00PM | Friday: 10:00AM–10:00PM | Saturday: 10:00AM–10:00PM | Sunday: 11:00AM–9:00PM,913 79 80 00,NO,SI
Librería Desperate Literature (Bookshop),Librerías,TIENDAS,"C. de la Cava Baja, 8, Centro, 28005 Madrid, Spain","4,8",808,—,Abierto,40.4133,-3.70851,https://maps.google.com/?cid=8537992015859840023,http://www.desperateliterature.com/,"Monday: 10:30AM–2:00PM, 5:00–9:00PM | Tuesday: 10:30AM–2:00PM, 5:00–9:00PM | Wednesday: 10:30AM–2:00PM, 5:00–9:00PM | Thursday: 10:30AM–2:00PM, 5:00–9:00PM | Friday: 10:30AM–9:30PM | Saturday: 10:30AM–9:30PM | Sunday: 10:30AM–9:30PM",911 88 80 89,NO,NO
JP Madrid Games,Casinos,LOCALES DE OCIO NOCTURNO,"C. de la Montera, 5, Centro, 28013 Madrid, Spain","3,7",15,—,Abierto,40.4174,-3.70304,https://maps.google.com/?cid=6668509625774084206,http://madridjpjuegos.es/,Monday: 10:00AM–12:30AM | Tuesday: 10:00AM–12:30AM | Wednesday: 10:00AM–12:30AM | Thursday: 10:00AM–12:30AM | Friday: 10:00AM–12:30AM | Saturday: 10:00AM–12:30AM | Sunday: 10:00AM–12:30AM,,NO,SI
Menina Blaze,"Centros culturales, Museos",CULTURA OCIO Y NATURALEZA,"C. de Preciados, 1, Centro, 28013 Madrid, Spain","4,5",2,—,Abierto,40.4171,-3.70421,https://maps.google.com/?cid=6447546368300496623,,Monday: Open 24 hours | Tuesday: Open 24 hours | Wednesday: Open 24 hours | Thursday: Open 24 hours | Friday: Open 24 hours | Saturday: Open 24 hours | Sunday: Open 24 hours,,NO,SI
UNED Humanities Library,Bibliotecas,EDUCACIÓN,"C. de Argumosa, 1, Centro, 28012 Madrid, Spain","3,6",47,—,Abierto,40.4085,-3.70072,https://maps.google.com/?cid=8721653006709349087,http://www.unedmadrid.es/,Monday: 9:00AM–10:00PM | Tuesday: 9:00AM–10:00PM | Wednesday: 9:00AM–10:00PM | Thursday: 9:00AM–10:00PM | Friday: 9:00AM–10:00PM | Saturday: Closed | Sunday: Closed,915 27 06 65,NO,SI
Centro Médico ASISA Caracas,Hospitales,SALUD,"C. de Caracas, 12, Chamberí, 28010 Madrid, Spain","4,6",2357,—,Abierto,40.4305,-3.69395,https://maps.google.com/?cid=10574012719240225886,https://www.grupohla.com/es/hospitales-clinicas/centro-medico-hla-caracas-es,Monday: 8:00AM–9:00PM | Tuesday: 8:00AM–9:00PM | Wednesday: 8:00AM–9:00PM | Thursday: 8:00AM–9:00PM | Friday: 8:00AM–9:00PM | Saturday: Closed | Sunday: Closed,913 08 55 21,NO,SI
Clinica Caracas??????????,Hospitales,SALUD,"Chamberí, 28010 Madrid, Spain",2,38,—,Abierto,40.4305,-3.69383,https://maps.google.com/?cid=8941378774231908029,,,,NO,SI
Heroe bar de los 80,Discotecas,LOCALES DE OCIO NOCTURNO,"Cost.ª de los Desamparados, 3, Centro, 28014 Madrid, Spain","4,2",758,Moderado,Abierto,40.4126,-3.6965,https://maps.google.com/?cid=10761616933302581658,https://m.facebook.com/Heroehuertas/,Monday: Closed | Tuesday: Closed | Wednesday: Closed | Thursday: Closed | Friday: 10:00PM–3:30AM | Saturday: 10:00PM–3:30AM | Sunday: Closed,606 86 25 02,NO,NO
Farmacia Puebla - La Central De Específicos,Farmacias,SALUD,"C. de la Puebla, 9, Centro, 28004 Madrid, Spain","3,3",7,—,Abierto,40.4221,-3.70321,https://maps.google.com/?cid=2120248298920896440,https://www.farmaciapuebla9fmas.com/,"Monday: 9:30AM–1:45PM, 5:00–8:00PM | Tuesday: 9:30AM–1:45PM, 5:00–8:00PM | Wednesday: 9:30AM–1:45PM, 5:00–8:00PM | Thursday: 9:30AM–1:45PM, 5:00–8:00PM | Friday: 9:30AM–1:45PM, 5:00–8:00PM | Saturday: 10:00AM–1:45PM | Sunday: Closed",915 21 15 25,NO,SI
Antiguedades Espalter,Galerías de arte,CULTURA OCIO Y NATURALEZA,"C. del Rey Francisco, 7, Moncloa - Aravaca, 28008 Madrid, Spain","4,4",80,—,Abierto,40.4275,-3.71561,https://maps.google.com/?cid=15431264229274666455,http://www.antiguedadesespalter.es/,Monday: 10:00AM–8:00PM | Tuesday: 10:00AM–8:00PM | Wednesday: 10:00AM–8:00PM | Thursday: 10:00AM–8:00PM | Friday: 10:00AM–8:00PM | Saturday: 10:00AM–8:00PM | Sunday: 10:00AM–8:00PM,600 47 74 74,NO,SI
Embajada de la República Árabe Siria,"Consulados, Embajadas",GOBIERNO,"Pl. Platería de Martínez, 1, Centro, 28014 Madrid, Spain","4,2",88,—,Abierto,40.4125,-3.69375,https://maps.google.com/?cid=9506877392750438142,http://www.mofaex.gov.sy/madrid-embassy/,"Monday: 9:00–11:30AM, 2:00–3:00PM | Tuesday: 9:00–11:30AM, 2:00–3:00PM | Wednesday: 9:00–11:30AM, 2:00–3:00PM | Thursday: 9:00–11:30AM, 2:00–3:00PM | Friday: 9:00–11:30AM, 1:00–2:00PM | Saturday: Closed | Sunday: Closed",914 20 16 02,NO,NO
Antigua Casa Crespo,Zapaterías,TIENDAS,"Calle del Divino Pastor, 29, Centro, 28004 Madrid, Spain","4,6",173,—,Abierto,40.4277,-3.70459,https://maps.google.com/?cid=14434821652786812678,http://www.antiguacasacrespo.com/,"Monday: 10:30AM–2:00PM, 5:00–8:00PM | Tuesday: 10:30AM–2:00PM, 5:00–8:00PM | Wednesday: 10:30AM–2:00PM, 5:00–8:00PM | Thursday: 10:30AM–2:00PM, 5:00–8:00PM | Friday: 10:30AM–2:00PM, 5:00–8:00PM | Saturday: 10:30AM–2:00PM, 5:00–8:00PM | Sunday: Closed",915 21 56 54,NO,NO
La Duquesita,Panaderías,COMIDA Y BEBIDA,"C. de Fernando VI, 2, Centro, 28004 Madrid, Spain",4,1735,Moderado,Abierto,40.4256,-3.69695,https://maps.google.com/?cid=16461534772377390383,https://laduquesita.es/,Monday: 9:00AM–8:30PM | Tuesday: 9:00AM–8:30PM | Wednesday: 9:00AM–8:30PM | Thursday: 9:00AM–8:30PM | Friday: 9:00AM–8:30PM | Saturday: 9:00AM–8:30PM | Sunday: 9:00AM–8:30PM,913 08 02 31,NO,NO
Hotel NH Collection Madrid Colón,"Albergues, Apartamentos turísticos, Hostales, Hoteles",ALOJAMIENTOS,"C. del Marqués de Zurgena, 4, Salamanca, 28001 Madrid, Spain","4,6",1557,—,Abierto,40.426,-3.68907,https://maps.google.com/?cid=2259242187535467107,https://www.nh-hotels.com/en/hotel/nh-collection-madrid-colon?utm_campaign=local-gmb&utm_medium=organic_search&utm_source=google_gmb,Monday: Open 24 hours | Tuesday: Open 24 hours | Wednesday: Open 24 hours | Thursday: Open 24 hours | Friday: Open 24 hours | Saturday: Open 24 hours | Sunday: Open 24 hours,915 76 08 00,NO,SI
La Vía Láctea,"Bares, Cervecerías, Coctelerías","COMIDA Y BEBIDA, LOCALES DE OCIO NOCTURNO","C. de Velarde, 18, Centro, 28004 Madrid, Spain","4,2",3993,Moderado,Abierto,40.4269,-3.70292,https://maps.google.com/?cid=7072846427533474422,https://m.facebook.com/lavialacteabar/?locale2=es_ES,Monday: 7:00PM–3:00AM | Tuesday: 7:00PM–3:00AM | Wednesday: 7:00PM–3:00AM | Thursday: 7:00PM–3:00AM | Friday: 7:00PM–3:30AM | Saturday: 6:00PM–3:30AM | Sunday: 7:00PM–3:00AM,,NO,NO
Aparcamiento Interparking Barceló - Parking 24 Horas zona bajas emisiones Madrid,Aparcamientos,GASOLINERAS Y APARCAMIENTOS,"C. de Barceló, S/N, Centro, 28004 Madrid, Spain","3,8",635,—,Abierto,40.4263,-3.70032,https://maps.google.com/?cid=4110126925782991554,http://www.interparking.es/es-ES/find-parking/Barcelo/?utm_source=MyBusiness&utm_medium=sitio%20web&utm_content=Barcelo&utm_campaign=posicionamiento,Monday: Open 24 hours | Tuesday: Open 24 hours | Wednesday: Open 24 hours | Thursday: Open 24 hours | Friday: Open 24 hours | Saturday: Open 24 hours | Sunday: Open 24 hours,915 21 79 95,NO,SI
KGL. Norsk Ambassade,"Consulados, Embajadas",GOBIERNO,"C. de Serrano, 26, Salamanca, 28001 Madrid, Spain",1,1,—,Abierto,40.4241,-3.68787,https://maps.google.com/?cid=5764276530204440134,https://www.norway.no/spain,Monday: 9:00AM–3:00PM | Tuesday: 9:00AM–3:00PM | Wednesday: 9:00AM–3:00PM | Thursday: 9:00AM–3:00PM | Friday: 9:00AM–3:00PM | Saturday: Closed | Sunday: Closed,914 36 38 40,NO,NO
Gran Vía - Pedro Zerolo,Estaciones de autobús,TRANSPORTE,"Centro, 28013 Madrid, Spain","4,3",3,—,Abierto,40.4195,-3.69929,https://maps.google.com/?cid=1172213492549963523,,,,NO,SI
Quevedo,Estaciones de metro,TRANSPORTE,"Calle de Fuencarral, 160, Chamberí, 28015 Madrid, Spain",4,113,—,Abierto,40.4331,-3.70432,https://maps.google.com/?cid=2920370784101456281,,,,NO,NO
Tienda Erótica amantis - Chueca,"Mercados, Perfumerías, Tiendas","COMIDA Y BEBIDA, TIENDAS","C. de Pelayo, 46, Centro, 28004 Madrid, Spain","4,7",155,—,Abierto,40.4236,-3.69782,https://maps.google.com/?cid=16135277602122439317,https://www.amantis.net/tiendas/amantis-pelayo/,Monday: 10:00AM–10:00PM | Tuesday: 10:00AM–10:00PM | Wednesday: 10:00AM–10:00PM | Thursday: 10:00AM–10:00PM | Friday: 10:00AM–12:00AM | Saturday: 10:00AM–12:00AM | Sunday: 11:00AM–10:00PM,917 02 05 10,NO,SI
Embajada de Serbia,"Consulados, Embajadas",GOBIERNO,"Calle Velázquez, 3, Salamanca, 28001 Madrid, Spain","3,6",49,—,Abierto,40.4214,-3.6847,https://maps.google.com/?cid=11755144574234402183,http://www.madrid.mfa.gov.rs/,Monday: 8:30AM–3:30PM | Tuesday: 8:30AM–3:30PM | Wednesday: 8:30AM–3:30PM | Thursday: 8:30AM–3:30PM | Friday: 8:30AM–3:00PM | Saturday: Closed | Sunday: Closed,915 63 50 45,NO,NO
Carrefour Express,Supermercados,COMIDA Y BEBIDA,"C. de Embajadores, 50, Centro, 28005 Madrid, Spain","3,9",103,—,Abierto,40.4082,-3.70478,https://maps.google.com/?cid=3036915202196342325,https://www.carrefour.es/tiendas-carrefour/supermercados/carrefour-express/embajadores-s.aspx,Monday: 9:00AM–10:30PM | Tuesday: 9:00AM–10:30PM | Wednesday: 9:00AM–10:30PM | Thursday: 9:00AM–10:30PM | Friday: 9:00AM–10:30PM | Saturday: 9:00AM–10:30PM | Sunday: 9:00AM–10:30PM,914 90 89 00,NO,SI
Farmacia Ópera Madrid,Farmacias,SALUD,"C. de Vergara, 12, Centro, 28013 Madrid, Spain","4,2",30,—,Abierto,40.4174,-3.71129,https://maps.google.com/?cid=2737123973396529687,,Monday: 9:30AM–9:30PM | Tuesday: 9:30AM–9:30PM | Wednesday: 9:30AM–9:30PM | Thursday: 9:30AM–9:30PM | Friday: 9:30AM–9:30PM | Saturday: 9:30AM–9:30PM | Sunday: 9:30AM–3:30PM,913 92 89 58,NO,SI
Dra. Tamara Ferrero Psychiatrist Madrid,Clínicas,SALUD,"C. de Toledo, 55, 1º, Centro, 28005 Madrid, Spain","4,4",25,—,Abierto,40.4116,-3.70775,https://maps.google.com/?cid=10087412323004320120,http://www.reaccionapsiquiatria.com/,Monday: 9:30AM–4:30PM | Tuesday: 9:30AM–4:30PM | Wednesday: 9:30AM–4:30PM | Thursday: 9:30AM–3:00PM | Friday: 9:30AM–4:30PM | Saturday: Closed | Sunday: Closed,910 14 61 93,NO,NO
Cervecería L'Europe,"Bares, Cervecerías, Coctelerías","COMIDA Y BEBIDA, LOCALES DE OCIO NOCTURNO","C. del Cardenal Cisneros, 19, Chamberí, 28010 Madrid, Spain","4,4",2938,Moderado,Abierto,40.4305,-3.70189,https://maps.google.com/?cid=8521112451425128908,http://www.cerveceriaeuropa.com/,Monday: 6:00PM–12:00AM | Tuesday: 6:00PM–12:00AM | Wednesday: 6:00PM–12:00AM | Thursday: 6:00PM–12:00AM | Friday: 6:00PM–2:00AM | Saturday: 6:00PM–2:00AM | Sunday: 6:00PM–12:00AM,915 93 96 91,SI,NO
Salón Del Reino De Los Testigos Cristianos De Jehová,"Basílicas, Catedrales, Conventos, Ermitas, Iglesias, Monasterios",ESPACIOS RELIGIOSOS,"C. de Martín de Vargas, 26, Arganzuela, 28005 Madrid, Spain","4,3",24,—,Abierto,40.4024,-3.70166,https://maps.google.com/?cid=12083007324881586798,http://jw.org/es,,,NO,SI
Royal Congregation of San Isidro of Madrid,"Basílicas, Catedrales, Conventos, Ermitas, Iglesias, Monasterios",ESPACIOS RELIGIOSOS,"C. de Toledo, 37, Centro, 28005 Madrid, Spain","4,5",1702,—,Abierto,40.4129,-3.70724,https://maps.google.com/?cid=15763575083231700824,http://www.congregacionsanisidro.org/,Monday: Closed | Tuesday: 6:00–8:00PM | Wednesday: Closed | Thursday: Closed | Friday: 6:00–8:00PM | Saturday: Closed | Sunday: 10:00AM–1:00PM,913 69 23 10,NO,SI
Helena Rohner,Joyerías,TIENDAS,"C. del Almendro, 4, Centro, 28005 Madrid, Spain","4,3",45,—,Abierto,40.4129,-3.70898,https://maps.google.com/?cid=5027006331371314210,http://www.helenarohner.com/,"Monday: 9:00AM–8:30PM | Tuesday: 9:00AM–8:30PM | Wednesday: 9:00AM–8:30PM | Thursday: 9:00AM–8:30PM | Friday: 9:00AM–8:30PM | Saturday: 12:00–2:30PM, 3:30–8:00PM | Sunday: Closed",913 65 79 06,NO,NO
Tennis point,Centros comerciales,TIENDAS,"P.º de la Virgen del Puerto, 57, Arganzuela, 28005 Madrid, Spain",0,0,—,Abierto,40.4063,-3.72158,https://maps.google.com/?cid=15299832205471163885,,,,NO,NO
Bodhidharma,Gimnasios,ESPACIOS DEPORTIVOS,"C. de la Arquitectura, 11, Arganzuela, 28005 Madrid, Spain","4,8",100,—,Abierto,40.3994,-3.70204,https://maps.google.com/?cid=5500313577868472603,https://boxeobodhidharma.wixsite.com/boxeobodhidharma,Monday: 12:00–10:00PM | Tuesday: 12:00–10:00PM | Wednesday: 12:00–10:00PM | Thursday: 12:00–10:00PM | Friday: 12:00–10:00PM | Saturday: Closed | Sunday: Closed,616 29 78 87,NO,NO
Supermercado Dia,Supermercados,COMIDA Y BEBIDA,"Ronda de Toledo, 14, Arganzuela, 28005 Madrid, Spain","3,9",142,—,Abierto,40.4057,-3.70783,https://maps.google.com/?cid=15852007298074601580,http://www.dia.es/compra-online/,Monday: 9:00AM–9:30PM | Tuesday: 9:00AM–9:30PM | Wednesday: 9:00AM–9:30PM | Thursday: 9:00AM–9:30PM | Friday: 9:00AM–9:30PM | Saturday: 9:00AM–9:30PM | Sunday: 9:00AM–4:00PM,912 17 04 53,NO,SI
IAU Center,Universidades,EDUCACIÓN,"Calle de la Colegiata, 9, Centro, 28012 Madrid, Spain",5,1,—,Abierto,40.4126,-3.70579,https://maps.google.com/?cid=973484232113575926,,,,NO,SI
Casino Gran Vía I Poker Room,Casinos,LOCALES DE OCIO NOCTURNO,"Gran Vía, 24, Centro, 28013 Madrid, Spain","4,1",4478,—,Abierto,40.4201,-3.70083,https://maps.google.com/?cid=7362664183646429375,https://www.casinogranvia.com/,Monday: 10:00AM–6:00AM | Tuesday: 10:00AM–6:00AM | Wednesday: 10:00AM–6:00AM | Thursday: 10:00AM–6:00AM | Friday: 10:00AM–6:00AM | Saturday: 10:00AM–6:00AM | Sunday: 10:00AM–6:00AM,911 71 13 06,NO,SI
Paso a Paso Madrid. Escuela de baile,Colegios,EDUCACIÓN,"Centro La Corrala de la Danza, Calle del Dr. Piga, 5 Bis, Centro, 28012 Madrid, Spain","4,7",106,—,Abierto,40.4086,-3.69865,https://maps.google.com/?cid=1525180619485623438,http://www.pasoapasomadrid.com/,Monday: 10:00AM–10:00PM | Tuesday: 10:00AM–10:00PM | Wednesday: 10:00AM–10:00PM | Thursday: 10:00AM–10:00PM | Friday: 10:00AM–10:00PM | Saturday: 10:00AM–2:00PM | Sunday: Closed,659 11 56 61,NO,NO
Salon de Juegos Nevada,Casinos,LOCALES DE OCIO NOCTURNO,"C. de Tortosa, 4, Arganzuela, 28045 Madrid, Spain",3,3,—,Abierto,40.406,-3.69283,https://maps.google.com/?cid=8882326022330947404,https://www.admiralbet.es/es,Monday: 10:00AM–12:30AM | Tuesday: 10:00AM–12:30AM | Wednesday: 10:00AM–12:30AM | Thursday: 10:00AM–12:30AM | Friday: 10:00AM–12:30AM | Saturday: 10:00AM–12:30AM | Sunday: 10:00AM–12:30AM,,NO,SI
Marihuana Bronca Total,Tiendas de ropa,TIENDAS,"Pl. de Cascorro, 6, Centro, 28005 Madrid, Spain","4,5",556,—,Abierto,40.4104,-3.7071,https://maps.google.com/?cid=541195469545730228,http://www.marihuana-broncatotal.com/,"Monday: 10:30AM–2:00PM, 5:00–8:30PM | Tuesday: 10:30AM–2:00PM, 5:00–8:30PM | Wednesday: 10:30AM–2:00PM, 5:00–8:30PM | Thursday: 10:30AM–2:00PM, 5:00–8:30PM | Friday: 10:30AM–2:00PM, 5:00–8:30PM | Saturday: 10:30AM–2:00PM, 5:00–8:30PM | Sunday: 10:00AM–3:00PM",914 67 35 92,NO,NO
Tantrend Bijoux,Joyerías,TIENDAS,"Calle de la Colegiata, 4, Centro, 28012 Madrid, Spain","4,4",10,—,Abierto,40.4128,-3.70565,https://maps.google.com/?cid=5672851345500700506,http://www.tantrend.com/,Monday: 11:00AM–8:00PM | Tuesday: 11:00AM–8:00PM | Wednesday: 11:00AM–8:00PM | Thursday: 11:00AM–8:00PM | Friday: 11:00AM–8:00PM | Saturday: 11:00AM–8:00PM | Sunday: Closed,913 60 17 17,NO,NO
Hotel Catalonia Puerta Del Sol,"Albergues, Apartamentos turísticos, Campos de golf, Hostales, Hoteles, Templos budistas","ALOJAMIENTOS, ESPACIOS DEPORTIVOS, ESPACIOS RELIGIOSOS","C. de Atocha, 23, Centro, 28012 Madrid, Spain","4,7",1304,—,Abierto,40.414,-3.70286,https://maps.google.com/?cid=11570683573147126643,https://www.cataloniahotels.com/es/hotel/catalonia-puerta-del-sol?mb=1,,913 69 71 71,NO,SI
El Horno,Gimnasios,ESPACIOS DEPORTIVOS,"C. de la Esgrima, 11, Centro, 28012 Madrid, Spain","4,4",194,—,Abierto,40.411,-3.70445,https://maps.google.com/?cid=3520559091521720707,http://www.centroelhorno.com/,"Monday: 10:00AM–3:00PM, 5:00–9:30PM | Tuesday: 10:00AM–3:00PM, 5:00–9:30PM | Wednesday: 10:00AM–3:00PM, 5:00–9:30PM | Thursday: 10:00AM–3:00PM, 5:00–9:30PM | Friday: 10:00AM–3:00PM, 5:00–9:30PM | Saturday: 10:00AM–3:00PM | Sunday: Closed",659 92 09 72,NO,NO
Gran Vía Medical Center,Clínicas,SALUD,"C. de los Estudios, 9, Centro, 28012 Madrid, Spain","4,1",14,—,Abierto,40.4116,-3.70721,https://maps.google.com/?cid=14969920354136894630,http://www.dentalgv.com/,"Monday: 9:00AM–2:00PM, 3:30–8:30PM | Tuesday: 9:00AM–2:00PM, 3:30–8:30PM | Wednesday: 9:00AM–2:00PM, 3:30–8:30PM | Thursday: 9:00AM–2:00PM, 3:30–8:30PM | Friday: 9:00AM–2:00PM | Saturday: Closed | Sunday: Closed",913 65 05 65,NO,NO
Massage Temple Princess,"Piscinas, Spas",ESPACIOS DEPORTIVOS,"C. de Evaristo San Miguel, 19, Moncloa - Aravaca, 28008 Madrid, Spain","4,8",308,—,Abierto,40.4256,-3.71635,https://maps.google.com/?cid=18073853995119510168,https://www.templodelmasaje.com/,Monday: 10:00AM–10:00PM | Tuesday: 10:00AM–10:00PM | Wednesday: 10:00AM–10:00PM | Thursday: 10:00AM–10:00PM | Friday: 10:00AM–10:00PM | Saturday: 10:00AM–10:00PM | Sunday: 10:00AM–10:00PM,915 41 41 93,NO,SI
Acuna Public Library,Bibliotecas,EDUCACIÓN,"C. de Quintana, 9, Moncloa - Aravaca, 28008 Madrid, Spain","3,1",172,—,Abierto,40.4279,-3.71693,https://maps.google.com/?cid=4943889463017022760,http://www.madrid.org/cs/Satellite?cid=1354380773306&language=es&pagename=PortalLector/Page/PLEC_contenidoFinalNavegable,Monday: 9:00AM–9:00PM | Tuesday: 9:00AM–9:00PM | Wednesday: 9:00AM–9:00PM | Thursday: 9:00AM–9:00PM | Friday: 9:00AM–9:00PM | Saturday: 9:00AM–2:00PM | Sunday: Closed,915 41 36 19,NO,NO
Consulado General del Paraguay,"Consulados, Embajadas",GOBIERNO,"C. de Leganitos, 19, Centro, 28013 Madrid, Spain",5,1,—,Abierto,40.4216,-3.71018,https://maps.google.com/?cid=15803121667364985430,,,915 48 79 85,NO,NO
La Violeta,"Mercados, Perfumerías, Tiendas","COMIDA Y BEBIDA, TIENDAS","Pl. de Canalejas, 6, Centro, 28014 Madrid, Spain","4,5",1230,—,Abierto,40.4165,-3.70073,https://maps.google.com/?cid=14038086235657271050,http://www.lavioletaonline.es/,Monday: 10:00AM–8:00PM | Tuesday: 10:00AM–8:00PM | Wednesday: 10:00AM–8:00PM | Thursday: 10:00AM–8:00PM | Friday: 10:00AM–8:00PM | Saturday: 10:00AM–8:00PM | Sunday: Closed,915 22 55 22,NO,NO
Embajada de Georgia,"Consulados, Embajadas",GOBIERNO,"Pl. de las Cortes, 4, 5D, Centro, 28014 Madrid, Spain",3,15,—,Abierto,40.4158,-3.69556,https://maps.google.com/?cid=5915290282165486137,http://spain.mfa.gov.ge/,Monday: 10:00AM–2:00PM | Tuesday: 10:00AM–2:00PM | Wednesday: 10:00AM–2:00PM | Thursday: 10:00AM–2:00PM | Friday: Closed | Saturday: Closed | Sunday: Closed,,NO,NO
Conde Duque Milenium Medical Center,"Clínicas, Hospitales",SALUD,"C. del Conde Duque, 21, Centro, 28015 Madrid, Spain","3,1",257,—,Abierto,40.4294,-3.70928,https://maps.google.com/?cid=307685659071836067,http://centromedicomilenium-condeduque.sanitas.es/?gmb=gmb:f-google:m-link:nc-cmcondeduque:p-hospitales,Monday: 8:30AM–8:30PM | Tuesday: 8:30AM–8:30PM | Wednesday: 8:30AM–8:30PM | Thursday: 8:30AM–8:30PM | Friday: 8:30AM–8:30PM | Saturday: Closed | Sunday: Closed,915 41 00 94,NO,SI
Hermanitas de los Pobres,"Basílicas, Catedrales, Conventos, Ermitas, Iglesias, Monasterios",ESPACIOS RELIGIOSOS,"C. de Zurbarán, 4, Chamberí, 28010 Madrid, Spain","4,8",34,—,Abierto,40.4295,-3.69407,https://maps.google.com/?cid=3497333216984310895,https://www.hermanitasdelospobres.es/,,913 19 20 96,NO,SI
Atom Cómics Luna,Librerías,TIENDAS,"C. de la Luna, 16, Centro, 28004 Madrid, Spain","4,8",220,—,Abierto,40.4223,-3.70585,https://maps.google.com/?cid=6582509724793012514,http://www.atomcomics.net/,"Monday: 10:30AM–2:00PM, 5:30–9:00PM | Tuesday: 10:30AM–2:00PM, 5:00–9:00PM | Wednesday: 10:30AM–2:00PM, 5:00–9:00PM | Thursday: 10:30AM–2:00PM, 5:00–9:00PM | Friday: 10:30AM–2:00PM, 4:00–9:00PM | Saturday: 11:00AM–2:00PM, 4:30–9:00PM | Sunday: Closed",912 79 50 15,NO,NO
Casa Árabe,"Cines, Teatros",CULTURA OCIO Y NATURALEZA,"C. Alcalá, 62, Salamanca, 28009 Madrid, Spain","4,2",3049,—,Abierto,40.4216,-3.68185,https://maps.google.com/?cid=9934832183993360470,http://www.casaarabe.es/,Monday: 10:00AM–8:00PM | Tuesday: 10:00AM–8:00PM | Wednesday: 10:00AM–8:00PM | Thursday: 10:00AM–8:00PM | Friday: 10:00AM–8:00PM | Saturday: 10:00AM–8:00PM | Sunday: 10:00AM–8:00PM,915 63 30 66,NO,SI
Hotel Catalonia Gran Vía Madrid,"Albergues, Apartamentos turísticos, Campos de golf, Hostales, Hoteles, Templos budistas","ALOJAMIENTOS, ESPACIOS DEPORTIVOS, ESPACIOS RELIGIOSOS","Gran Vía, 7-9, Centro, 28013 Madrid, Spain","4,3",2871,—,Abierto,40.4194,-3.69852,https://maps.google.com/?cid=12167698444117952745,https://www.cataloniahotels.com/es/hotel/catalonia-gran-via-madrid?mb=1,,915 31 22 22,NO,SI
El Corte Inglés Callao (Edificio Deportes),Centros comerciales,TIENDAS,"Prta del Sol, 10, Centro, 28013 Madrid, Spain","4,2",1625,—,Abierto,40.417,-3.70426,https://maps.google.com/?cid=16694720976321053812,http://www.elcorteingles.es/,Monday: 10:00AM–10:00PM | Tuesday: 10:00AM–10:00PM | Wednesday: 10:00AM–10:00PM | Thursday: 10:00AM–10:00PM | Friday: 10:00AM–10:00PM | Saturday: 10:00AM–10:00PM | Sunday: 11:00AM–9:00PM,913 79 80 00,NO,SI
CATS Chill Out Hostel,"Albergues, Apartamentos turísticos, Campos de golf, Hostales, Hoteles, Templos budistas","ALOJAMIENTOS, ESPACIOS DEPORTIVOS, ESPACIOS RELIGIOSOS","C. de la Cabeza, 24, Centro, 28012 Madrid, Spain",4,580,—,Abierto,40.4118,-3.7021,https://maps.google.com/?cid=16151025818022434224,https://catshostels.com/madrid-lavapies/,,915 06 48 40,NO,NO
La Latina,Estaciones de metro,TRANSPORTE,"Centro, 28005 Madrid, Spain","4,4",378,—,Abierto,40.4113,-3.7083,https://maps.google.com/?cid=5924974465534323881,,,,NO,NO
Casa del Libro,Librerías,TIENDAS,"Calle de Fuencarral, 119, Chamberí, 28010 Madrid, Spain","4,4",3351,—,Abierto,40.4302,-3.70311,https://maps.google.com/?cid=13028351840251065222,https://www.casadellibro.com/nosotros/tienda/fuencarral-119/15,Monday: 9:30AM–9:30PM | Tuesday: 9:30AM–9:30PM | Wednesday: 9:30AM–9:30PM | Thursday: 9:30AM–9:30PM | Friday: 9:30AM–9:30PM | Saturday: 9:30AM–9:30PM | Sunday: 11:00AM–9:00PM,911 79 34 63,NO,SI
ROSA CLARÁ,Tiendas de ropa,TIENDAS,"C. del Arenal, 5, Centro, 28013 Madrid, Spain","4,4",622,—,Abierto,40.4167,-3.70539,https://maps.google.com/?cid=8848815877935388506,https://www.rosaclara.es/es/tienda/rosa-clara-madrid,Monday: 10:00AM–8:30PM | Tuesday: 10:00AM–8:30PM | Wednesday: 10:00AM–8:30PM | Thursday: 10:00AM–8:30PM | Friday: 10:00AM–8:30PM | Saturday: 11:00AM–7:00PM | Sunday: Closed,915 21 81 27,NO,NO
Archivo Franciscano Ibero-Oriental,Bibliotecas,EDUCACIÓN,"C. de San Buenaventura, 1, Centro, 28005 Madrid, Spain","3,8",5,—,Abierto,40.4107,-3.71448,https://maps.google.com/?cid=17661482873792756114,http://bibliotecas.ofminmaculada.org/,,913 65 38 00,NO,SI
Open House Madrid | Clínica ETS,"Clínicas, Hospitales",SALUD,"C. de Atocha, 117, 1º izquierda, Centro, 28012 Madrid, Spain","4,9",55,—,Abierto,40.4102,-3.69439,https://maps.google.com/?cid=40121583846156080,https://openhouse.es/clinica-madrid,"Monday: 10:00AM–2:00PM, 4:00–8:00PM | Tuesday: 10:00AM–2:00PM, 4:00–8:00PM | Wednesday: 10:00AM–2:00PM, 4:00–8:00PM | Thursday: 10:00AM–2:00PM, 4:00–8:00PM | Friday: 10:00AM–2:00PM, 4:00–8:00PM | Saturday: Closed | Sunday: Closed",914 29 49 59,NO,SI
No Filters,"Piscinas, Spas",ESPACIOS DEPORTIVOS,"C. de Argensola, 13, Centro, 28004 Madrid, Spain","4,7",136,—,Abierto,40.4256,-3.69486,https://maps.google.com/?cid=13735160951439509840,http://www.nofilters.es/,Monday: 11:00AM–8:00PM | Tuesday: 11:00AM–8:00PM | Wednesday: 11:00AM–8:00PM | Thursday: 11:00AM–8:00PM | Friday: 11:00AM–8:00PM | Saturday: 9:00AM–6:30PM | Sunday: Closed,653 49 40 38,NO,SI
Clínica Dental Chamberí |DENTYLIFE,"Piscinas, Spas",ESPACIOS DEPORTIVOS,"C/ San Bernardo, pie de calle, 108, Chamberí, 28015 Madrid, Spain","4,8",68,—,Abierto,40.4308,-3.70515,https://maps.google.com/?cid=9609595205011726441,https://www.dentylife.com/,Monday: 10:00AM–8:00PM | Tuesday: 10:00AM–8:00PM | Wednesday: 10:00AM–8:00PM | Thursday: 10:00AM–8:00PM | Friday: 10:00AM–2:00PM | Saturday: Closed | Sunday: Closed,914 46 07 98,NO,SI
Maleiva Integrated Aesthetic Center,"Piscinas, Spas",ESPACIOS DEPORTIVOS,"C. de Meléndez Valdés, 16, Chamberí, 28015 Madrid, Spain","2,9",14,—,Abierto,40.4329,-3.70988,https://maps.google.com/?cid=7131925707663352517,,Monday: 10:00AM–9:00PM | Tuesday: 10:00AM–9:00PM | Wednesday: 10:00AM–9:00PM | Thursday: 10:00AM–9:00PM | Friday: 10:00AM–9:00PM | Saturday: 10:00AM–3:00PM | Sunday: Closed,910 11 06 65,NO,NO
JADE Organic Beauty Argüelles,"Piscinas, Spas",ESPACIOS DEPORTIVOS,"C. de Andrés Mellado, 3, local, Chamberí, 28015 Madrid, Spain",0,0,—,Abierto,40.4309,-3.71489,https://maps.google.com/?cid=13157902988848182694,,Monday: 10:00AM–8:30PM | Tuesday: 10:00AM–8:30PM | Wednesday: 10:00AM–8:30PM | Thursday: 10:00AM–8:30PM | Friday: 10:00AM–8:30PM | Saturday: Closed | Sunday: Closed,915 44 70 56,NO,NO
Miguitas,Panaderías,COMIDA Y BEBIDA,"Chueca, Costanilla de Capuchinos, 5, Centro, 28004 Madrid, Spain","4,5",286,Barato,Abierto,40.4216,-3.69954,https://maps.google.com/?cid=11271157521517599230,http://www.miguitas.com/,Monday: 11:00AM–9:00PM | Tuesday: 11:00AM–9:00PM | Wednesday: 11:00AM–9:00PM | Thursday: 11:00AM–9:00PM | Friday: 11:00AM–9:00PM | Saturday: 11:00AM–9:00PM | Sunday: Closed,640 90 72 38,NO,NO
Edificio antiguo hotel Paris,"Centros culturales, Museos",CULTURA OCIO Y NATURALEZA,"Prta del Sol, 2, Centro, 28014 Madrid, Spain",4,4,—,Abierto,40.4166,-3.70221,https://maps.google.com/?cid=13744173269305338915,,,,NO,NO
Carrefour Express,Supermercados,COMIDA Y BEBIDA,"Calle de Fuencarral, 96, Centro, 28004 Madrid, Spain","3,7",428,—,Abierto,40.4276,-3.70167,https://maps.google.com/?cid=4224748718218723142,https://www.carrefour.es/tiendas-carrefour/supermercados/carrefour-express/calle-fuencarral-s.aspx,Monday: 8:30AM–12:00AM | Tuesday: 8:30AM–12:00AM | Wednesday: 8:30AM–12:00AM | Thursday: 8:30AM–12:00AM | Friday: 8:30AM–12:00AM | Saturday: 8:30AM–12:00AM | Sunday: 9:00AM–12:00AM,645 75 10 18,NO,SI
Ministerio De Educacion España,Universidades,EDUCACIÓN,"C. de los Madrazo, 15, Centro, 28014 Madrid, Spain","4,2",641,—,Abierto,40.4176,-3.69703,https://maps.google.com/?cid=1622516118926574465,https://www.educacionyfp.gob.es/,Monday: 9:00AM–3:00PM | Tuesday: 9:00AM–5:30PM | Wednesday: 9:00AM–5:30PM | Thursday: 9:00AM–5:30PM | Friday: 9:00AM–3:00PM | Saturday: Closed | Sunday: Closed,910 83 79 37,NO,SI
Church of the Pure Heart of Mary,"Basílicas, Catedrales, Conventos, Ermitas, Iglesias, Monasterios",ESPACIOS RELIGIOSOS,"C. de Embajadores, 81, Arganzuela, 28012 Madrid, Spain","4,6",218,—,Abierto,40.4021,-3.69989,https://maps.google.com/?cid=18158667420885822311,https://elpurisimo.es/,"Monday: 10:54AM–12:09PM | Tuesday: 11:00AM–1:00PM, 6:00–8:00PM | Wednesday: 10:55–11:57AM | Thursday: 11:00AM–1:00PM, 6:00–8:00PM | Friday: Closed | Saturday: Closed | Sunday: Closed",915 27 47 84,NO,SI
Futovia,Centros comerciales,TIENDAS,"Chamberí, 28015 Madrid, Spain",0,0,—,Abierto,40.4304,-3.71059,https://maps.google.com/?cid=18015669975778858720,,,681 96 07 09,NO,NO
Cremades,Zapaterías,TIENDAS,"C. del Arenal, 20, Centro, 28013 Madrid, Spain","4,2",48,—,Abierto,40.4175,-3.70738,https://maps.google.com/?cid=9621168713932901523,http://calzadoscremades.com/,"Monday: 10:00AM–8:30PM | Tuesday: 10:00AM–8:30PM | Wednesday: 10:00AM–8:30PM | Thursday: 10:00AM–8:30PM | Friday: 10:00AM–8:30PM | Saturday: 10:00AM–8:30PM | Sunday: 11:30AM–3:00PM, 4:00–8:30PM",915 21 75 43,NO,SI
Farmacia Arapiles,Farmacias,SALUD,"C. de Arapiles, 21, Chamberí, 28015 Madrid, Spain","4,4",56,—,Abierto,40.4327,-3.70848,https://maps.google.com/?cid=11703286922168453833,https://arapilesfarmacia.blogspot.com/?m=1,Monday: 9:30AM–8:30PM | Tuesday: 9:30AM–8:30PM | Wednesday: 9:30AM–8:30PM | Thursday: 9:30AM–8:30PM | Friday: 9:30AM–8:30PM | Saturday: 10:00AM–1:45PM | Sunday: Closed,914 45 79 86,NO,SI
Bakery pastry Panishop - Studies,Panaderías,COMIDA Y BEBIDA,"C. de los Estudios, 9, Centro, 28012 Madrid, Spain","4,3",1658,Barato,Abierto,40.4115,-3.70716,https://maps.google.com/?cid=14078442115268608276,http://www.panishop.com/,Monday: 8:00AM–10:00PM | Tuesday: 8:00AM–10:00PM | Wednesday: 8:00AM–10:00PM | Thursday: 8:00AM–10:00PM | Friday: 8:00AM–10:00PM | Saturday: 8:00AM–10:00PM | Sunday: 8:00AM–10:00PM,913 64 04 10,NO,SI
Café de Oriente Palacio Real,Cafés,COMIDA Y BEBIDA,"Pl. de Ote., 2, Centro, 28013 Madrid, Spain","4,2",5630,Moderado,Abierto,40.4176,-3.71155,https://maps.google.com/?cid=14271778694319833115,https://www.cafedeoriente.es/?utm_source=google-my-business,Monday: 8:30AM–1:00AM | Tuesday: 8:30AM–1:00AM | Wednesday: 8:30AM–1:00AM | Thursday: 8:30AM–1:00AM | Friday: 8:30AM–1:00AM | Saturday: 9:00AM–1:00AM | Sunday: 9:00AM–1:00AM,915 41 39 74,SI,NO
Eurostars Casa de la Lírica,"Albergues, Apartamentos turísticos, Campos de golf, Hostales, Hoteles, Templos budistas","ALOJAMIENTOS, ESPACIOS DEPORTIVOS, ESPACIOS RELIGIOSOS","C. de la Aduana, 19, Centro, 28013 Madrid, Spain","4,3",1429,—,Abierto,40.4184,-3.70125,https://maps.google.com/?cid=8494376688828485818,http://www.eurostarshotels.com/eurostars-casa-de-la-lirica.html?td=l00ga00&referer_code=GMB&utm_source=google&utm_medium=gmb&utm_campaign=googlemb,Monday: Open 24 hours | Tuesday: Open 24 hours | Wednesday: Open 24 hours | Thursday: Open 24 hours | Friday: Open 24 hours | Saturday: Open 24 hours | Sunday: Open 24 hours,913 60 49 30,NO,SI
Café Bar Hylogui,Cafés,COMIDA Y BEBIDA,"C. de Ventura de la Vega, 3, Bajo Izquierda, Centro, 28014 Madrid, Spain","4,3",608,Moderado,Abierto,40.4161,-3.69884,https://maps.google.com/?cid=16480159216773333053,https://www.facebook.com/cafebar.hylogui/,Monday: 7:00AM–7:00PM | Tuesday: 7:00AM–7:00PM | Wednesday: 7:00AM–7:00PM | Thursday: 7:00AM–7:00PM | Friday: 7:00AM–7:00PM | Saturday: Closed | Sunday: Closed,914 20 06 81,SI,SI
El Oso y el Madroño,"Montañas, Oficinas de turismo, Senderismo","CULTURA OCIO Y NATURALEZA, ESPACIOS DEPORTIVOS, OFICINAS DE TURISMO","Prta del Sol, 1, Centro, 28013 Madrid, Spain","4,5",7036,—,Abierto,40.417,-3.70274,https://maps.google.com/?cid=12646677888797041361,,Monday: Open 24 hours | Tuesday: Open 24 hours | Wednesday: Open 24 hours | Thursday: Open 24 hours | Friday: Open 24 hours | Saturday: Open 24 hours | Sunday: Open 24 hours,915 29 82 10,NO,SI
Innofisio,Gimnasios,ESPACIOS DEPORTIVOS,"C. de la Batalla del Salado, 8, Arganzuela, 28045 Madrid, Spain","4,9",298,—,Abierto,40.4035,-3.69612,https://maps.google.com/?cid=7985760592912243320,https://www.innofisio.com/,Monday: 7:30AM–9:30PM | Tuesday: 7:30AM–9:30PM | Wednesday: 7:30AM–9:30PM | Thursday: 7:30AM–9:30PM | Friday: 7:30AM–9:30PM | Saturday: Closed | Sunday: Closed,693 23 53 24,NO,SI
Pontifical Basilica of Saint Michael,"Basílicas, Catedrales, Conventos, Ermitas, Iglesias, Monasterios, Montañas, Oficinas de turismo, Senderismo","CULTURA OCIO Y NATURALEZA, ESPACIOS DEPORTIVOS, ESPACIOS RELIGIOSOS, OFICINAS DE TURISMO","C. de San Justo, 4, Centro, 28005 Madrid, Spain","4,6",2177,—,Abierto,40.4142,-3.70966,https://maps.google.com/?cid=8803908216133777258,http://www.basilicadesanmiguel.org/,"Monday: 9:30AM–1:30PM, 5:30–9:30PM | Tuesday: 9:30AM–1:30PM, 5:30–9:30PM | Wednesday: 9:30AM–1:30PM, 5:30–9:30PM | Thursday: 9:30AM–1:30PM, 5:30PM–12:00AM | Friday: 12:00AM–1:30PM, 5:30–9:30PM | Saturday: 9:30AM–1:30PM, 5:30–9:30PM | Sunday: 9:30AM–2:30PM, 6:00–9:30PM",915 48 40 11,NO,NO
The Silk Road,"Librerías, Tiendas de ropa",TIENDAS,"C. de Toledo, 13, Centro, 28005 Madrid, Spain","4,7",84,—,Abierto,40.4144,-3.70747,https://maps.google.com/?cid=11825528303144485981,http://www.larutadelaseda.org/,Monday: 11:00AM–8:00PM | Tuesday: 11:00AM–8:00PM | Wednesday: 11:00AM–8:00PM | Thursday: 11:00AM–8:00PM | Friday: 11:00AM–8:00PM | Saturday: 11:00AM–8:30PM | Sunday: 11:00AM–3:30PM,913 65 55 25,NO,NO
Latido Films- Sales Agency,"Cines, Teatros",CULTURA OCIO Y NATURALEZA,"C. de San Bernardo, 20, Centro, 28015 Madrid, Spain",5,2,—,Abierto,40.4226,-3.7073,https://maps.google.com/?cid=11651439721897892318,http://www.latidofilms.com/,Monday: 10:00AM–6:00PM | Tuesday: 10:00AM–6:00PM | Wednesday: 10:00AM–6:00PM | Thursday: 10:00AM–6:00PM | Friday: 10:00AM–6:00PM | Saturday: Closed | Sunday: Closed,915 48 88 77,NO,NO
Taste Me - Restaurante Chamberí con terraza - Carne a la brasa,"Bares, Cervecerías, Coctelerías, Restaurantes, Tapas, Vegano, Vegetariano","COMIDA Y BEBIDA, LOCALES DE OCIO NOCTURNO","Calle de Sta Engracia, 53, Chamberí, 28010 Madrid, Spain","4,2",1038,Barato,Abierto,40.4333,-3.69832,https://maps.google.com/?cid=1639601404754282952,https://tasteme.es/,Monday: 8:00AM–5:00PM | Tuesday: 8:00AM–1:00AM | Wednesday: 8:00AM–1:00AM | Thursday: 8:00AM–2:00AM | Friday: 8:00AM–2:30AM | Saturday: 10:00AM–2:30AM | Sunday: Closed,914 54 17 98,SI,SI
Recoletos,Estaciones de autobús,TRANSPORTE,"Centro, 28001 Madrid, Spain","3,7",9,—,Abierto,40.4228,-3.69152,https://maps.google.com/?cid=16198329969347490355,,,,NO,NO
La Nueva,"Bares, Cervecerías, Coctelerías","COMIDA Y BEBIDA, LOCALES DE OCIO NOCTURNO","C. de Arapiles, 7, Chamberí, 28015 Madrid, Spain",4,1024,Moderado,Abierto,40.4332,-3.70527,https://maps.google.com/?cid=5138314857468182669,,Monday: 12:00PM–12:00AM | Tuesday: 12:00PM–12:00AM | Wednesday: 12:00PM–12:00AM | Thursday: 12:00PM–12:00AM | Friday: 12:00PM–12:00AM | Saturday: 12:00PM–12:00AM | Sunday: 12:00–4:00PM,914 47 95 92,SI,NO
Marcial Pons Librero,Librerías,TIENDAS,"C/ de Bárbara de Braganza, 11, Centro, 28004 Madrid, Spain","4,6",214,—,Abierto,40.4234,-3.69226,https://maps.google.com/?cid=14740931638662625074,https://www.marcialpons.es/libros/novedades/derecho/,Monday: 9:30AM–8:00PM | Tuesday: 9:30AM–8:00PM | Wednesday: 9:30AM–8:00PM | Thursday: 9:30AM–8:00PM | Friday: 9:30AM–8:00PM | Saturday: 10:00AM–2:00PM | Sunday: Closed,913 19 42 50,NO,NO
Casa de América,"Montañas, Oficinas de turismo, Senderismo","CULTURA OCIO Y NATURALEZA, ESPACIOS DEPORTIVOS, OFICINAS DE TURISMO","Plaza Cibeles, s/n, Salamanca, 28014 Madrid, Spain","4,5",2724,—,Abierto,40.4198,-3.69217,https://maps.google.com/?cid=12322130496980811342,http://www.casamerica.es/,"Monday: 9:00AM–3:00PM, 4:00–8:00PM | Tuesday: 9:00AM–3:00PM, 4:00–8:00PM | Wednesday: 9:00AM–3:00PM, 4:00–8:00PM | Thursday: 9:00AM–3:00PM, 4:00–8:00PM | Friday: 9:00AM–3:00PM, 4:00–8:00PM | Saturday: 11:00AM–3:00PM | Sunday: Closed",915 95 48 00,NO,SI
"SEFAC (Sociedad Española de Farmacia Clínica, Familiar y Comunitaria)",Farmacias,SALUD,"Paseo de las Delicias, 31, Esc. Izq. 4° Dcha, Arganzuela, 28045 Madrid, Spain","4,6",12,—,Abierto,40.4042,-3.69335,https://maps.google.com/?cid=12024716815104821030,https://www.sefac.org/,Monday: 8:30AM–4:00PM | Tuesday: 8:30AM–4:00PM | Wednesday: 8:30AM–4:00PM | Thursday: 8:30AM–4:00PM | Friday: 8:30AM–2:00PM | Saturday: Closed | Sunday: Closed,915 22 13 13,NO,SI
El Corte Inglés Princesa Edificio 2,Centros comerciales,TIENDAS,"Calle de la Princesa, 47, Centro, 28008 Madrid, Spain","3,5",33,—,Abierto,40.4297,-3.71548,https://maps.google.com/?cid=416234409894093109,https://www.elcorteingles.es/centroscomerciales/es/eci/centros/centro-comercial-princesa,Monday: 10:00AM–10:00PM | Tuesday: 10:00AM–10:00PM | Wednesday: 10:00AM–10:00PM | Thursday: 10:00AM–10:00PM | Friday: 10:00AM–10:00PM | Saturday: 10:00AM–10:00PM | Sunday: 11:00AM–9:00PM,914 54 60 00,NO,SI
Praça Ícaro Greiner Saldanha,"Jardines, Parques, Parques naturales",CULTURA OCIO Y NATURALEZA,"C. de Requena, 3207, Centro, Centro, 28013 Madrid, Spain",5,2,—,Abierto,40.4173,-3.71224,https://maps.google.com/?cid=934124241081936780,,Monday: Open 24 hours | Tuesday: Open 24 hours | Wednesday: Open 24 hours | Thursday: Open 24 hours | Friday: Open 24 hours | Saturday: Open 24 hours | Sunday: Open 24 hours,,NO,SI
Sagasta,Estaciones de autobús,TRANSPORTE,"Chamberí, 28004 Madrid, Spain","3,5",2,—,Abierto,40.4284,-3.69896,https://maps.google.com/?cid=17966716663884364718,,,,NO,SI
PANTA RHEI,Librerías,TIENDAS,"C. de Hernán Cortés, 7, Centro, 28004 Madrid, Spain","4,9",800,—,Abierto,40.4235,-3.70007,https://maps.google.com/?cid=4438196419248910211,http://www.panta-rhei.es/,Monday: Closed | Tuesday: Closed | Wednesday: Closed | Thursday: Closed | Friday: Closed | Saturday: 2:00–6:00AM | Sunday: Closed,913 19 89 02,NO,SI
Bisuteria Icaro SA,Joyerías,TIENDAS,"C. del Amparo, 5, Centro, 28012 Madrid, Spain",5,1,—,Abierto,40.4109,-3.70406,https://maps.google.com/?cid=13416987126870518091,http://icarobisuteria.blogspot.com.es/,Monday: 9:30AM–6:00PM | Tuesday: 9:30AM–6:00PM | Wednesday: 9:30AM–6:00PM | Thursday: 9:30AM–6:00PM | Friday: 9:30AM–6:00PM | Saturday: Closed | Sunday: Closed,915 39 99 00,NO,NO
Box N8,Gimnasios,ESPACIOS DEPORTIVOS,"C. de las Negras, 8, Centro, 28015 Madrid, Spain","4,8",228,—,Abierto,40.4265,-3.71226,https://maps.google.com/?cid=7017330218357447834,https://boxn8.com/,Monday: 7:00AM–10:00PM | Tuesday: 7:00AM–10:00PM | Wednesday: 7:00AM–10:00PM | Thursday: 7:00AM–10:00PM | Friday: 7:00AM–9:00PM | Saturday: 10:00AM–2:00PM | Sunday: 11:00AM–2:00PM,600 91 86 38,NO,NO
Vegas Plus - casino online en Madrid,Casinos,LOCALES DE OCIO NOCTURNO,"C. de Villanueva, 44, Salamanca, 28001 Madrid, Spain",5,1,—,Abierto,40.4221,-3.68241,https://maps.google.com/?cid=6366799253239233113,https://icecasino-online.fun/,Monday: Open 24 hours | Tuesday: Open 24 hours | Wednesday: Open 24 hours | Thursday: Open 24 hours | Friday: Open 24 hours | Saturday: Open 24 hours | Sunday: Open 24 hours,641 81 10 72,NO,NO
Creperie Ma Bretagne,"Mercados, Perfumerías, Tiendas","COMIDA Y BEBIDA, TIENDAS","C. de San Vicente Ferrer, 9, Centro, 28004 Madrid, Spain","4,4",885,Barato,Abierto,40.4255,-3.70212,https://maps.google.com/?cid=10420391656320438129,https://www.facebook.com/Creperie-Ma-Bretagne-190615644295183/timeline,Monday: Closed | Tuesday: 7:30PM–12:00AM | Wednesday: 7:30PM–12:00AM | Thursday: 7:30PM–12:00AM | Friday: 7:30PM–1:00AM | Saturday: 1:30PM–1:00AM | Sunday: 1:30PM–12:30AM,915 31 77 74,SI,NO
Biblioteca Mario Vargas Llosa,Bibliotecas,EDUCACIÓN,"C. de Barceló, 4, Centro, 28004 Madrid, Spain","3,8",249,—,Abierto,40.4267,-3.69939,https://maps.google.com/?cid=6132962319684525562,https://bibliotecas.madrid.es/portales/bibliotecas/es/Informacion-y-servicios/Busca-tu-biblioteca/Biblioteca-Publica-Municipal-Mario-Vargas-Llosa-Centro-/?vgnextfmt=default&vgnextoid=6c4dbc2658739410VgnVCM2000000c205a0aRCRD&vgnextchannel=200b8e7a1f1d3510VgnVCM1000008a4a900aRCRD,Monday: 8:30AM–8:00PM | Tuesday: 8:30AM–8:00PM | Wednesday: 8:30AM–8:00PM | Thursday: 8:30AM–8:00PM | Friday: 8:30AM–8:00PM | Saturday: Closed | Sunday: Closed,914 80 24 33,NO,SI
Plaza santa Ana,"Jardines, Parques, Parques naturales",CULTURA OCIO Y NATURALEZA,"Pl. de Sta. Ana, Centro, 28012 Madrid, Spain","4,5",92,—,Abierto,40.4147,-3.70092,https://maps.google.com/?cid=2540394481554893872,,Monday: Open 24 hours | Tuesday: Open 24 hours | Wednesday: Open 24 hours | Thursday: Open 24 hours | Friday: Open 24 hours | Saturday: Open 24 hours | Sunday: Open 24 hours,,NO,NO
Microteatro Por Dinero,Galerías de arte,CULTURA OCIO Y NATURALEZA,"C. de Loreto y Chicote, 9, Centro, 28004 Madrid, Spain","4,6",4400,—,Abierto,40.4215,-3.70406,https://maps.google.com/?cid=9882618491293790897,http://microteatro.es/,Monday: Closed | Tuesday: 7:30PM–1:00AM | Wednesday: 7:00PM–1:00AM | Thursday: 7:30PM–1:00AM | Friday: 7:30PM–2:00AM | Saturday: 6:30PM–2:00AM | Sunday: 6:30–11:00PM,915 21 88 74,NO,NO
La Vidriera De Verona,Galerías de arte,CULTURA OCIO Y NATURALEZA,"Calle de Arganzuela, 23, Centro, 28005 Madrid, Spain",5,7,—,Abierto,40.4076,-3.70945,https://maps.google.com/?cid=10265376974938952480,,Monday: Closed | Tuesday: Closed | Wednesday: Closed | Thursday: Closed | Friday: Closed | Saturday: 9:30AM–1:00PM | Sunday: 9:30AM–1:00PM,699 45 65 55,NO,NO
Federal Café,Cafés,COMIDA Y BEBIDA,"Pl. del Conde de Barajas, 3, Centro, 28005 Madrid, Spain","4,1",3664,Moderado,Abierto,40.4143,-3.70876,https://maps.google.com/?cid=16829563728854410737,http://federalcafe.es/madrid-condedebarajas/,Monday: 9:00AM–10:00PM | Tuesday: 9:00AM–10:00PM | Wednesday: 9:00AM–10:00PM | Thursday: 9:00AM–10:00PM | Friday: 9:00AM–10:00PM | Saturday: 9:00AM–10:00PM | Sunday: 9:00AM–8:00PM,918 52 68 48,SI,SI
Descubrimiento Garden,"Jardines, Parques, Parques naturales",CULTURA OCIO Y NATURALEZA,"Calle de Goya, 2, Salamanca, 28001 Madrid, Spain","4,3",311,—,Abierto,40.4251,-3.68876,https://maps.google.com/?cid=18116583757930656919,,Monday: Open 24 hours | Tuesday: Open 24 hours | Wednesday: 6:00–11:00PM | Thursday: Open 24 hours | Friday: Open 24 hours | Saturday: Open 24 hours | Sunday: Open 24 hours,914 54 44 10,NO,SI
The Turning Path,"Jardines, Parques, Parques naturales",CULTURA OCIO Y NATURALEZA,"C. de la Cabeza, 4, Centro, Centro, 28012 Madrid, Spain",0,0,—,Abierto,40.4116,-3.70387,https://maps.google.com/?cid=5804244907135294298,,,,NO,NO
Callao,Estaciones de autobús,TRANSPORTE,"Centro, 28013 Madrid, Spain","4,8",6,—,Abierto,40.4202,-3.70735,https://maps.google.com/?cid=16574225903482169539,,,,NO,NO
HomeKidney,Hospitales,SALUD,"Gran Vía, Centro, 28013 Madrid, Spain",0,0,—,Abierto,40.4202,-3.70483,https://maps.google.com/?cid=17079262984312292947,https://homekidney.com/,Monday: 9:00AM–6:00PM | Tuesday: 9:00AM–6:00PM | Wednesday: 9:00AM–6:00PM | Thursday: 9:00AM–6:00PM | Friday: 9:00AM–6:00AM | Saturday: Closed | Sunday: Closed,634 27 52 13,NO,SI
Estación del Arte,Estaciones de metro,TRANSPORTE,"Centro, 28012 Madrid, Spain","4,2",366,—,Abierto,40.4089,-3.69249,https://maps.google.com/?cid=3706831018080277842,http://www.metromadrid.es/es/linea/linea-1#estacion-115,,,NO,SI
Acción Triángulo,"Cines, Teatros",CULTURA OCIO Y NATURALEZA,"C. de Tribulete, 20, Centro, 28012 Madrid, Spain","4,9",145,—,Abierto,40.4076,-3.7033,https://maps.google.com/?cid=15904829430314111209,https://acciontriangulo.org/,Monday: 11:00AM–7:00PM | Tuesday: 11:00AM–7:00PM | Wednesday: 11:00AM–7:00PM | Thursday: 11:00AM–7:00PM | Friday: 10:00AM–3:00PM | Saturday: Closed | Sunday: Closed,641 03 52 04,NO,NO
Plaza del Carmen (ex Carlos Eduardo Utrero Gollarza),"Jardines, Parques, Parques naturales",CULTURA OCIO Y NATURALEZA,"Pl. de Muñoz Seca, 4, Centro, Centro, 28013 Madrid, Spain",5,2,—,Abierto,40.4189,-3.70327,https://maps.google.com/?cid=5248253426085141888,,,,NO,NO
Hotel Meninas,"Campos de golf, Templos budistas","ESPACIOS DEPORTIVOS, ESPACIOS RELIGIOSOS","C. de Campomanes, 7, Centro, 28013 Madrid, Spain","4,3",593,—,Abierto,40.4191,-3.70932,https://maps.google.com/?cid=2059736906032653508,http://www.hotelmeninas.es/,Monday: Open 24 hours | Tuesday: Open 24 hours | Wednesday: Open 24 hours | Thursday: Open 24 hours | Friday: Open 24 hours | Saturday: Open 24 hours | Sunday: Open 24 hours,915 41 28 05,NO,NO
Embassy of Sweden,"Consulados, Embajadas",GOBIERNO,"C. de Caracas, 25, Chamberí, 28010 Madrid, Spain","4,1",68,—,Abierto,40.4307,-3.69364,https://maps.google.com/?cid=1498380562452090100,http://swedenabroad.com/,Monday: 9:00AM–12:00PM | Tuesday: 9:00AM–12:00PM | Wednesday: 9:00AM–12:00PM | Thursday: 9:00AM–12:00PM | Friday: 9:00AM–12:00PM | Saturday: Closed | Sunday: Closed,917 02 20 00,NO,SI
La Mejor Tarta de Chocolate del Mundo,"Cafés, Panaderías",COMIDA Y BEBIDA,"C. Alcalá, 89, Salamanca, 28009 Madrid, Spain",4,1337,Moderado,Cerrado temporalmente,40.4209,-3.68511,https://maps.google.com/?cid=15560346828532329073,http://www.lamejortartadechocolatedelmundo.com/,,915 77 50 08,NO,NO
La Usina,Colegios,EDUCACIÓN,"C. de Palos de la Frontera, 4, Arganzuela, 28012 Madrid, Spain","4,6",156,—,Abierto,40.4026,-3.70013,https://maps.google.com/?cid=504312355234904689,http://www.lausina.es/,"Monday: 10:00AM–2:00PM, 5:00–10:00PM | Tuesday: 10:00AM–2:00PM, 5:00–10:00PM | Wednesday: 10:00AM–2:00PM, 5:00–10:00PM | Thursday: 10:00AM–2:00PM, 5:00–10:00PM | Friday: 10:00AM–2:00PM, 5:00–10:00PM | Saturday: 10:00AM–2:00PM, 5:00–10:00PM | Sunday: 10:00AM–2:00PM, 5:00–10:00PM",670 58 05 70,NO,NO
Opus Dei prelature Delegation Madrid West,"Basílicas, Catedrales, Conventos, Ermitas, Iglesias, Monasterios",ESPACIOS RELIGIOSOS,"C. del Marqués del Riscal, 12, Chamberí, 28010 Madrid, Spain","4,6",34,—,Abierto,40.4305,-3.69054,https://maps.google.com/?cid=14764916966455018207,http://www.opusdei.org/es-es/,Monday: 9:30AM–2:00PM | Tuesday: 9:30AM–2:00PM | Wednesday: 9:30AM–2:00PM | Thursday: 9:30AM–2:00PM | Friday: 9:30AM–2:00PM | Saturday: 9:30AM–9:00PM | Sunday: 9:30AM–9:00PM,913 19 76 50,NO,NO
ParkingLibre Paseo del Prado 48,Aparcamientos,GASOLINERAS Y APARCAMIENTOS,"P.º del Prado, 48, Centro, 28014 Madrid, Spain","2,2",92,—,Abierto,40.4098,-3.69274,https://maps.google.com/?cid=9188395981494246675,,Monday: Open 24 hours | Tuesday: Open 24 hours | Wednesday: Open 24 hours | Thursday: Open 24 hours | Friday: Open 24 hours | Saturday: Open 24 hours | Sunday: Open 24 hours,900 828 484,NO,SI
Alonzo Peluquería y Estetica,"Piscinas, Spas",ESPACIOS DEPORTIVOS,"C. Mayor, 36, Centro, 28013 Madrid, Spain","4,6",431,—,Abierto,40.4161,-3.70826,https://maps.google.com/?cid=5341445618077745438,https://alonzopeluqueria.com/,Monday: 10:00AM–8:00PM | Tuesday: 10:00AM–8:00PM | Wednesday: 10:00AM–8:00PM | Thursday: 10:00AM–8:00PM | Friday: 10:00AM–8:00PM | Saturday: 10:00AM–3:00PM | Sunday: Closed,917 58 74 16,NO,NO
Academy don Quijote,"Colegios, Universidades",EDUCACIÓN,"C. del Duque de Liria, 6, Centro, 28015 Madrid, Spain","4,6",219,—,Abierto,40.4263,-3.71235,https://maps.google.com/?cid=8634695912372126061,https://www.donquijote.org/learn-spanish-spain/madrid/?SFSEALOCAL=GDQMAD,Monday: 8:00AM–3:00PM | Tuesday: 9:00AM–3:00PM | Wednesday: 9:00AM–3:00PM | Thursday: 9:00AM–3:00PM | Friday: 9:00AM–3:00PM | Saturday: Closed | Sunday: Closed,913 60 41 33,NO,NO
Mocay Caffè,Cafés,COMIDA Y BEBIDA,"C. de los Milaneses, 1, Centro, 28013 Madrid, Spain","3,3",33,—,Abierto,40.4158,-3.70955,https://maps.google.com/?cid=6846953655686266948,,Monday: 8:00AM–6:30PM | Tuesday: 8:00AM–6:30PM | Wednesday: 8:00AM–6:30PM | Thursday: 8:00AM–6:30PM | Friday: 8:00AM–6:30PM | Saturday: 8:00AM–6:30PM | Sunday: 8:00AM–6:30PM,902 12 33 60,NO,SI
Calzedonia,"Mercados, Perfumerías, Tiendas, Tiendas de ropa","COMIDA Y BEBIDA, TIENDAS","C. de Preciados, 16, Centro, 28013 Madrid, Spain","3,7",140,—,Abierto,40.4182,-3.70461,https://maps.google.com/?cid=18151034384397403238,https://www.calzedonia.com/world/stores?utm_medium=organic&utm_source=google&utm_campaign=local&utm_term=ES-771&y_source=1_MTQ4Njk2MDQtNzE1LWxvY2F0aW9uLndlYnNpdGU%3D,Monday: 10:00AM–10:00PM | Tuesday: 10:00AM–10:00PM | Wednesday: 10:00AM–10:00PM | Thursday: 10:00AM–10:00PM | Friday: 10:00AM–10:00PM | Saturday: 10:00AM–10:00PM | Sunday: 10:00AM–10:00PM,911 70 42 98,NO,NO
MC MUTUAL,Hospitales,SALUD,"C. de Rodríguez San Pedro, Núm. 4, 6, Chamberí, 28015 Madrid, Spain","2,8",174,—,Abierto,40.4315,-3.70584,https://maps.google.com/?cid=2879880756291669243,https://www.mc-mutual.com/,Monday: 8:00AM–8:00PM | Tuesday: 8:00AM–8:00PM | Wednesday: 8:00AM–8:00PM | Thursday: 8:00AM–8:00PM | Friday: 8:00AM–8:00PM | Saturday: Closed | Sunday: Closed,914 67 97 90,NO,SI
Granel Madrid,Supermercados,COMIDA Y BEBIDA,"C. de Embajadores, 12, Centro, 28012 Madrid, Spain","4,6",672,—,Cerrado temporalmente,40.4101,-3.70653,https://maps.google.com/?cid=17853881260114098287,http://www.granelmadrid.com/,,911 69 90 33,NO,SI
Luxenter - El Corte Inglés Preciados,Joyerías,TIENDAS,"C. de Preciados, 3, Centro, 28013 Madrid, Spain","3,2",9,—,Abierto,40.4176,-3.70484,https://maps.google.com/?cid=6082003377346879897,http://www.luxenter.com/,Monday: 10:00AM–10:00PM | Tuesday: 10:00AM–10:00PM | Wednesday: 10:00AM–10:00PM | Thursday: 10:00AM–10:00PM | Friday: 10:00AM–10:00PM | Saturday: 10:00AM–10:00PM | Sunday: 10:00AM–10:00PM,681 86 47 53,NO,SI
Savia Bruta Flower School,Colegios,EDUCACIÓN,"C. de Fomento, 32, Centro, 28013 Madrid, Spain","4,8",43,—,Abierto,40.4219,-3.71072,https://maps.google.com/?cid=940199464724008690,https://www.saviabrutaflowerschool.com/,Monday: 11:00AM–6:00PM | Tuesday: 11:00AM–6:00PM | Wednesday: 11:00AM–6:00PM | Thursday: 11:00AM–6:00PM | Friday: 11:00AM–6:00PM | Saturday: Closed | Sunday: Closed,692 15 59 26,NO,NO
Casón del Buen Retiro,Estaciones de autobús,TRANSPORTE,"Retiro, 28009 Madrid, Spain","4,5",2,—,Abierto,40.4164,-3.68881,https://maps.google.com/?cid=8590128168623642700,,,,NO,SI
Petit Palace Santa Barbara,"Albergues, Apartamentos turísticos, Hostales, Hoteles, Restaurantes, Tapas, Vegano, Vegetariano","ALOJAMIENTOS, COMIDA Y BEBIDA","Plaza de Sta. Bárbara, 10, Centro, 28004 Madrid, Spain","4,5",1748,—,Abierto,40.4264,-3.69637,https://maps.google.com/?cid=1632166818988052053,https://www.petitpalacesantabarbara.com/en/?utm_source=google&utm_medium=organic&utm_campaign=MyBusiness&utm_content=SBA&origin_source=google&origin_medium=organic&origin_campaign=MyBusiness,,913 91 44 21,NO,SI
Farmacia Clara Rueda de Lecea,Farmacias,SALUD,"C. de Almagro, 11, Chamberí, 28010 Madrid, Spain","4,1",36,—,Abierto,40.4302,-3.69322,https://maps.google.com/?cid=5911153238820988320,http://www.farmaciaruedadelecea.com/,Monday: 8:30AM–9:30PM | Tuesday: 8:30AM–9:30PM | Wednesday: 8:30AM–9:30PM | Thursday: 8:30AM–9:30PM | Friday: 8:30AM–9:30PM | Saturday: 10:00AM–3:00PM | Sunday: Closed,913 08 18 55,NO,SI
Psoriasis Madrid,Hospitales,SALUD,"Calle de la Princesa, 3. Duplicado, Piso 1º. Puerta 0115, Moncloa - Aravaca, 28008 Madrid, Spain",0,0,—,Abierto,40.4245,-3.71302,https://maps.google.com/?cid=11064303886194992743,http://www.psoriasismadrid.com/,Monday: 9:00AM–9:00PM | Tuesday: 9:00AM–9:00PM | Wednesday: 9:00AM–9:00PM | Thursday: 9:00AM–9:00PM | Friday: 9:00AM–2:00PM | Saturday: Closed | Sunday: Closed,919 22 35 69,NO,SI
Carhartt WIP Store Madrid Augusto Figueroa 11,"Mercados, Perfumerías, Tiendas, Tiendas de ropa","COMIDA Y BEBIDA, TIENDAS","C. de Augusto Figueroa, 11, Centro, 28004 Madrid, Spain","4,3",430,—,Abierto,40.4229,-3.69979,https://maps.google.com/?cid=9424368755876752548,https://www.carhartt-wip.com/,Monday: 11:00AM–9:00PM | Tuesday: 11:00AM–9:00PM | Wednesday: 11:00AM–9:00PM | Thursday: 11:00AM–9:00PM | Friday: 11:00AM–9:00PM | Saturday: 11:00AM–9:00PM | Sunday: 12:00–8:00PM,915 32 98 84,NO,SI
Embajadores - Ronda de Toledo,Estaciones de autobús,TRANSPORTE,"Arganzuela, 28005 Madrid, Spain",4,2,—,Abierto,40.405,-3.7038,https://maps.google.com/?cid=17838217350713196628,,,,NO,SI
Banco de España,Estaciones de metro,TRANSPORTE,"Centro, 28014 Madrid, Spain","4,3",262,—,Abierto,40.419,-3.69499,https://maps.google.com/?cid=15439045379369683423,,,,NO,SI
Hotel Moderno,"Campos de golf, Templos budistas","ESPACIOS DEPORTIVOS, ESPACIOS RELIGIOSOS","C. del Arenal, 2, Centro, 28013 Madrid, Spain","4,4",2210,—,Abierto,40.417,-3.70489,https://maps.google.com/?cid=15279227666341163054,http://www.hotel-moderno.com/?utm_source=google&utm_medium=organic&utm_campaign=my_business,Monday: Open 24 hours | Tuesday: Open 24 hours | Wednesday: Open 24 hours | Thursday: Open 24 hours | Friday: Open 24 hours | Saturday: Open 24 hours | Sunday: Open 24 hours,915 31 09 00,NO,SI
ICO Museum,"Centros culturales, Montañas, Museos, Oficinas de turismo, Senderismo","CULTURA OCIO Y NATURALEZA, ESPACIOS DEPORTIVOS, OFICINAS DE TURISMO","C. de Zorrilla, 3, Centro, 28014 Madrid, Spain","4,5",1563,—,Cerrado temporalmente,40.4168,-3.69778,https://maps.google.com/?cid=1539470707967407610,http://www.fundacionico.es/arte,,914 20 12 42,NO,SI
Aparcamiento para bicicletas,Aparcamientos,GASOLINERAS Y APARCAMIENTOS,"C. de Carretas, 3, Centro, 28012 Madrid, Spain",1,1,—,Abierto,40.4165,-3.70322,https://maps.google.com/?cid=12225995547823697831,https://www.madrid.es/,Monday: Open 24 hours | Tuesday: Open 24 hours | Wednesday: Open 24 hours | Thursday: Open 24 hours | Friday: Open 24 hours | Saturday: Open 24 hours | Sunday: Open 24 hours,,NO,NO
Salón Luis & Tachi - Eduardo Dato,"Piscinas, Spas",ESPACIOS DEPORTIVOS,"P.º de Eduardo Dato, 15, Chamberí, 28010 Madrid, Spain","4,6",105,—,Abierto,40.433,-3.69372,https://maps.google.com/?cid=3450433764030263769,http://www.luisytachi.com/,Monday: 10:00AM–8:00PM | Tuesday: 10:00AM–8:00PM | Wednesday: 10:00AM–8:00PM | Thursday: 10:00AM–8:00PM | Friday: 10:00AM–8:00PM | Saturday: 9:30AM–2:30PM | Sunday: Closed,913 19 70 05,NO,SI
Carmencita Brunch,Cafés,COMIDA Y BEBIDA,"C. de San Vicente Ferrer, 57, Centro, 28015 Madrid, Spain","4,6",3541,Barato,Abierto,40.4261,-3.7079,https://maps.google.com/?cid=3128596001001833931,http://www.carmencitabrunch.es/,Monday: 9:00AM–4:00PM | Tuesday: 9:00AM–4:00PM | Wednesday: 9:00AM–4:00PM | Thursday: 9:00AM–4:00PM | Friday: 9:00AM–4:00PM | Saturday: 9:00AM–4:30PM | Sunday: 9:00AM–4:30PM,910 00 38 90,SI,NO
Umivale Activa Madrid Acacias,Hospitales,SALUD,"P.º de las Acacias, 30, Arganzuela, 28005 Madrid, Spain","2,4",128,—,Abierto,40.4033,-3.70942,https://maps.google.com/?cid=15154041591913197373,https://umivaleactiva.es/red-de-centros/umivale-activa-madrid-acacias,,913 64 79 01,NO,SI
Casa del Libro,"Librerías, Mercados, Perfumerías, Tiendas","COMIDA Y BEBIDA, TIENDAS","Gran Vía, 29, Centro, 28013 Madrid, Spain","4,6",15865,—,Abierto,40.4199,-3.70321,https://maps.google.com/?cid=375736022625885784,https://www.casadellibro.com/nosotros/tienda/gran-via-29/1,Monday: 9:30AM–9:30PM | Tuesday: 9:30AM–9:30PM | Wednesday: 9:30AM–9:30PM | Thursday: 9:30AM–9:30PM | Friday: 9:30AM–9:30PM | Saturday: 9:30AM–9:30PM | Sunday: 10:00AM–9:00PM,911 79 34 63,NO,SI
Dra. Hernandez,Hospitales,SALUD,"C. Alcalá, 99, 1ºB, Salamanca, 28001 Madrid, Spain","4,3",6,—,Abierto,40.4214,-3.68356,https://maps.google.com/?cid=6040505656546950734,,,608 61 92 19,NO,NO
Embassy of Uzbekistan,"Consulados, Embajadas",GOBIERNO,"Pl. de la Lealtad, 3, Retiro, 28014 Madrid, Spain","4,4",32,—,Abierto,40.4159,-3.69201,https://maps.google.com/?cid=9904594811439410331,http://spain.mfa.uz/,Monday: 9:00AM–6:00PM | Tuesday: 9:00AM–6:00PM | Wednesday: 9:00AM–6:00PM | Thursday: 9:00AM–6:00PM | Friday: 9:00AM–6:00PM | Saturday: 9:00AM–3:00PM | Sunday: Closed,913 10 16 39,NO,NO
Repsol,Gasolineras,GASOLINERAS Y APARCAMIENTOS,"C. de Almagro, 7, Chamberí, 28010 Madrid, Spain","3,7",104,—,Abierto,40.4291,-3.69417,https://maps.google.com/?cid=821067553799941122,https://www.repsol.es/es/productos-y-servicios/estaciones-de-servicio/index.cshtml,"Monday: 8:30AM–3:00PM, 4:00–8:30PM | Tuesday: 8:30AM–3:00PM, 4:00–8:30PM | Wednesday: 8:30AM–3:00PM, 4:00–8:30PM | Thursday: 8:30AM–3:00PM, 4:00–8:30PM | Friday: 8:30AM–3:00PM, 4:00–8:30PM | Saturday: 8:30AM–2:30PM | Sunday: Closed",,NO,NO
San Bernardo - Dos de Mayo,Estaciones de autobús,TRANSPORTE,"Centro, 28015 Madrid, Spain",0,0,—,Abierto,40.4272,-3.70648,https://maps.google.com/?cid=2515807379982690543,,,,NO,SI
Club Argo,Discotecas,LOCALES DE OCIO NOCTURNO,"Pl. de Sta. Ana, 7, Centro, 28012 Madrid, Spain","4,5",1016,Caro,Abierto,40.4143,-3.70047,https://maps.google.com/?cid=2249822772524552301,http://www.argoasociacion.es/,Monday: 12:00PM–1:00AM | Tuesday: 12:00PM–1:00AM | Wednesday: 12:00PM–1:00AM | Thursday: 12:00PM–1:00AM | Friday: 12:00PM–1:00AM | Saturday: 12:00PM–1:00AM | Sunday: 12:00PM–1:00AM,914 15 39 40,NO,NO
Embassy of France,"Consulados, Embajadas",GOBIERNO,"C. de Salustiano Olózaga, 9, Salamanca, 28001 Madrid, Spain","2,7",161,—,Abierto,40.4205,-3.6899,https://maps.google.com/?cid=16039375223497089452,https://es.ambafrance.org/,Monday: 9:30AM–7:30PM | Tuesday: 9:30AM–7:30PM | Wednesday: 9:30AM–7:30PM | Thursday: 9:30AM–7:30PM | Friday: 9:30AM–7:30PM | Saturday: Closed | Sunday: Closed,914 23 89 00,NO,SI
Farmacia La Victoria,Farmacias,SALUD,"C. de la Victoria, 6, Centro, 28012 Madrid, Spain","4,8",46,—,Abierto,40.4159,-3.70173,https://maps.google.com/?cid=18442082699333561587,https://farmalavictoria.com/,Monday: 9:30AM–9:30PM | Tuesday: 9:30AM–9:30PM | Wednesday: 9:30AM–9:30PM | Thursday: 9:30AM–9:30PM | Friday: 9:30AM–9:30PM | Saturday: 9:30AM–9:30PM | Sunday: 9:30AM–9:30PM,915 21 81 14,NO,SI
Centro de Información de Dianética y Scientology - Cienciología,"Basílicas, Catedrales, Conventos, Ermitas, Iglesias, Monasterios",ESPACIOS RELIGIOSOS,"C. del Prado, 27, Centro, 28014 Madrid, Spain","4,1",71,—,Abierto,40.4152,-3.69766,https://maps.google.com/?cid=16922519661506041276,http://www.iglesiadescientology.es/,Monday: 10:00AM–10:00PM | Tuesday: 10:00AM–10:00PM | Wednesday: 10:00AM–10:00PM | Thursday: 10:00AM–10:00PM | Friday: 10:00AM–10:00PM | Saturday: 2:30–9:30PM | Sunday: 10:00AM–10:00PM,912 09 21 70,NO,SI
Boutique Montblanc Madrid,Joyerías,TIENDAS,"C. de Serrano, 50, Salamanca, 28001 Madrid, Spain","4,2",212,—,Abierto,40.4274,-3.68714,https://maps.google.com/?cid=4234980921359363662,http://www.montblanc.com/es/home.html,Monday: 10:00AM–8:30PM | Tuesday: 10:00AM–8:30PM | Wednesday: 10:00AM–8:30PM | Thursday: 10:00AM–8:30PM | Friday: 10:00AM–8:30PM | Saturday: 10:00AM–8:30PM | Sunday: Closed,914 36 44 90,NO,SI
Toda Enn Uno,Centros comerciales,TIENDAS,"Prta del Sol, 14, Centro, 28013 Madrid, Spain",0,0,—,Abierto,40.4171,-3.70253,https://maps.google.com/?cid=6962813841232951093,https://vwfbsh-ag.myshopify.com/,,(21) 98908-9064,NO,NO
Alliance Française Madrid / Alianza Francesa Madrid,Colegios,EDUCACIÓN,"Cuesta de Sto. Domingo, 13, Centro, 28013 Madrid, Spain","4,4",90,—,Abierto,40.4201,-3.70883,https://maps.google.com/?cid=8575774956258743740,http://www.afmadrid.es/,Monday: 9:00AM–8:30PM | Tuesday: 9:00AM–8:30PM | Wednesday: 9:00AM–8:30PM | Thursday: 9:00AM–8:30PM | Friday: 9:00AM–8:30PM | Saturday: 9:00AM–1:30PM | Sunday: Closed,914 35 15 32,NO,SI
Zapaoso,Zapaterías,TIENDAS,"C. de Bravo Murillo, 12, Chamberí, 28015 Madrid, Spain","4,7",28,—,Abierto,40.4347,-3.70411,https://maps.google.com/?cid=1740647747656490320,https://www.zapaoso.com/,"Monday: 10:30AM–2:00PM, 5:00–8:00PM | Tuesday: 10:30AM–2:00PM, 5:00–8:00PM | Wednesday: 10:30AM–2:00PM, 5:00–8:00PM | Thursday: 10:30AM–2:00PM, 5:00–8:00PM | Friday: 10:30AM–2:00PM, 5:00–8:00PM | Saturday: 11:00AM–2:00PM | Sunday: Closed",914 50 05 00,NO,NO
Rodilla,Cafés,COMIDA Y BEBIDA,"C. de Preciados, 25, Centro, 28013 Madrid, Spain","3,9",4576,Barato,Abierto,40.4194,-3.70571,https://maps.google.com/?cid=17549784185051185823,https://www.rodilla.es/?utm-medium=organic&utm_campaign=google-local_CLR-TP0001&utm_source=google,Monday: 7:00AM–11:00PM | Tuesday: 7:00AM–11:00PM | Wednesday: 7:00AM–11:00PM | Thursday: 7:00AM–11:00PM | Friday: 7:00AM–11:30PM | Saturday: 7:00AM–12:00AM | Sunday: 7:30AM–11:00PM,915 93 03 70,NO,SI
Rosaleda del Parque del Oeste,"Jardines, Parques, Parques naturales",CULTURA OCIO Y NATURALEZA,"C. de la Rosaleda, s/n, Moncloa - Aravaca, 28008 Madrid, Spain","4,7",3566,—,Abierto,40.4264,-3.72191,https://maps.google.com/?cid=13162693649420865826,https://www.madrid.es/portales/munimadrid/es/Inicio/El-Ayuntamiento/Parques-y-jardines/Patrimonio-Verde/Parques-en-Madrid/Rosaleda-de-Madrid-Parque-del-Oeste/?vgnextfmt=default&vgnextoid=5fca4db4e702f210VgnVCM2000000c205a0aRCRD&vgnextchannel=38bb1914e7d4e210VgnVCM1000000b205a0aRCRD,Monday: 10:00AM–9:00PM | Tuesday: 10:00AM–9:00PM | Wednesday: 10:00AM–9:00PM | Thursday: 10:00AM–9:00PM | Friday: 10:00AM–9:00PM | Saturday: 10:00AM–9:00PM | Sunday: 10:00AM–9:00PM,915 48 95 12,NO,SI
Joyería ALVIORO,Joyerías,TIENDAS,"C. de Atocha, 18, Centro, 28012 Madrid, Spain","4,7",89,—,Abierto,40.414,-3.70349,https://maps.google.com/?cid=18302564774331988245,https://joyeriaalvioro.com/,"Monday: 10:00AM–2:00PM, 5:00–8:30PM | Tuesday: 10:00AM–2:00PM, 5:00–8:30PM | Wednesday: 10:00AM–2:00PM, 5:00–8:30PM | Thursday: 10:00AM–2:00PM, 5:00–8:30PM | Friday: 10:00AM–2:00PM, 5:00–8:30PM | Saturday: 10:30AM–2:00PM | Sunday: Closed",913 69 13 73,NO,NO
Lavapiés,Estaciones de autobús,TRANSPORTE,"Centro, 28012 Madrid, Spain",0,0,—,Abierto,40.4086,-3.70115,https://maps.google.com/?cid=15214374277065961031,,,,NO,NO
Parking Centro Madrid,Aparcamientos,GASOLINERAS Y APARCAMIENTOS,"C. de los Jardines, 16, Centro, 28013 Madrid, Spain","2,4",173,—,Abierto,40.4188,-3.70098,https://maps.google.com/?cid=12177618711200623609,https://parkimeter.es/parking-madrid/parking-jardines-16-centro-madrid,Monday: Open 24 hours | Tuesday: Open 24 hours | Wednesday: Open 24 hours | Thursday: Open 24 hours | Friday: Open 24 hours | Saturday: Open 24 hours | Sunday: Open 24 hours,915 22 90 07,NO,NO
Jardines de San Francisco,"Jardines, Parques, Parques naturales",CULTURA OCIO Y NATURALEZA,"Gran Vía de San Francisco, 29, Centro, 28005 Madrid, Spain","4,3",1066,—,Abierto,40.41,-3.71436,https://maps.google.com/?cid=8084120093966896737,,Monday: Open 24 hours | Tuesday: Open 24 hours | Wednesday: Open 24 hours | Thursday: Open 24 hours | Friday: Open 24 hours | Saturday: Open 24 hours | Sunday: Open 24 hours,,NO,SI
Turismo Madrid,Ayuntamientos,GOBIERNO,"C. Mayor, 22, 34, Centro, 28013 Madrid, Spain","4,1",10,—,Abierto,40.416,-3.70743,https://maps.google.com/?cid=13185790128006665838,,,,NO,SI
Varela Café,"Cafés, Mercados, Perfumerías, Tiendas","COMIDA Y BEBIDA, TIENDAS","C. de Preciados, 37, Centro, 28013 Madrid, Spain","4,4",1950,Moderado,Abierto,40.4196,-3.70745,https://maps.google.com/?cid=5365112568611976535,https://www.cafevarela.com/,Monday: 12:30PM–12:00AM | Tuesday: 12:30PM–12:00AM | Wednesday: 12:30PM–12:00AM | Thursday: 12:30PM–12:00AM | Friday: 12:30PM–12:00AM | Saturday: 12:30PM–12:00AM | Sunday: 12:30PM–12:00AM,914 54 44 06,SI,SI
????,Hospitales,SALUD,"C. de la Virgen de los Peligros, 9, Centro, 28013 Madrid, Spain",0,0,—,Abierto,40.4188,-3.69973,https://maps.google.com/?cid=18315699009748542661,,,688 02 25 18,NO,SI
La Fiambrera Art Gallery,"Galerías de arte, Librerías","CULTURA OCIO Y NATURALEZA, TIENDAS","C. del Pez, 30, Centro, 28004 Madrid, Spain","4,7",917,—,Abierto,40.424,-3.70605,https://maps.google.com/?cid=14848665689244396600,http://www.lafiambrera.net/,"Monday: 11:00AM–2:30PM, 4:00–8:30PM | Tuesday: 11:00AM–2:30PM, 4:00–8:30PM | Wednesday: 11:00AM–2:30PM, 4:00–8:30PM | Thursday: 11:00AM–2:30PM, 4:00–8:30PM | Friday: 11:00AM–2:30PM, 4:00–8:30PM | Saturday: 12:00–8:30PM | Sunday: Closed",917 04 60 30,NO,SI
Liria Palace,"Centros culturales, Museos",CULTURA OCIO Y NATURALEZA,"Calle de la Princesa, 20, Centro, 28008 Madrid, Spain","4,3",4885,—,Abierto,40.4276,-3.71248,https://maps.google.com/?cid=18356271565638937679,https://www.palaciodeliria.com/,Monday: 10:00AM–1:30PM | Tuesday: 10:00AM–6:00PM | Wednesday: 10:00AM–6:00PM | Thursday: 10:00AM–6:00PM | Friday: 10:00AM–6:00PM | Saturday: 10:00AM–6:00PM | Sunday: 10:00AM–6:00PM,915 90 84 54,NO,SI
Saludando,Gimnasios,ESPACIOS DEPORTIVOS,"C. de Augusto Figueroa, 32, Patio interior del edificio, Centro, 28013 Madrid, Spain","4,9",64,—,Abierto,40.4217,-3.69654,https://maps.google.com/?cid=2116709794501950014,https://www.saludando.es/centro-de-entrenamiento-personal-nutricion-y-fisioterapia-chueca/,Monday: 7:00AM–9:00PM | Tuesday: 7:00AM–9:00PM | Wednesday: 7:00AM–9:00PM | Thursday: 7:00AM–9:00PM | Friday: 7:00AM–9:00PM | Saturday: Closed | Sunday: Closed,648 96 90 85,NO,SI
Jardín Prohibido,"Bares, Cervecerías, Coctelerías","COMIDA Y BEBIDA, LOCALES DE OCIO NOCTURNO","C. de la Cruz, 39, Centro, 28012 Madrid, Spain","3,5",80,Barato,Abierto,40.4146,-3.7029,https://maps.google.com/?cid=11508306539894883748,,Monday: Closed | Tuesday: 12:00PM–12:00AM | Wednesday: 12:00PM–12:00AM | Thursday: 12:00PM–12:00AM | Friday: 12:00PM–2:30AM | Saturday: 12:00PM–2:30AM | Sunday: 12:00PM–12:00AM,915 23 00 49,SI,SI
Eleggua,Librerías,TIENDAS,"C. de la Paz, 6, Centro, 28012 Madrid, Spain","4,2",508,—,Abierto,40.4152,-3.70435,https://maps.google.com/?cid=17976697358791792829,https://eleggua.es/,Monday: 10:00AM–8:30PM | Tuesday: 10:00AM–8:30PM | Wednesday: 10:00AM–8:30PM | Thursday: 10:00AM–8:30PM | Friday: 10:00AM–8:30PM | Saturday: 10:00AM–8:30PM | Sunday: 11:00AM–8:00PM,915 31 81 40,NO,NO
"PREMAP SAFETY AND HEALTH, S.L.U.",Clínicas,SALUD,"C. de Ercilla, 52, Arganzuela, 28005 Madrid, Spain",3,194,—,Abierto,40.4,-3.7008,https://maps.google.com/?cid=10289215619343572200,https://www.quironprevencion.com/es/,Monday: 7:30AM–3:00PM | Tuesday: 7:30AM–3:00PM | Wednesday: 7:30AM–3:00PM | Thursday: 7:30AM–3:00PM | Friday: 7:30AM–3:00PM | Saturday: Closed | Sunday: Closed,915 17 94 20,NO,SI
PSICÓLOGA SEXÓLOGA ROSA COLLADO,Clínicas,SALUD,"Gran Vía, 40, Centro, 28004 Madrid, Spain",5,2,—,Abierto,40.4204,-3.70494,https://maps.google.com/?cid=12866320992035845803,http://www.rosacolladopsicologia.com/,Monday: 10:00AM–10:00PM | Tuesday: Closed | Wednesday: Closed | Thursday: Closed | Friday: Closed | Saturday: Closed | Sunday: Closed,630 95 20 94,NO,NO
EXPERIMENTO Madrid,Galerías de arte,CULTURA OCIO Y NATURALEZA,"Calle de Palafox, 7, local, Chamberí, 28010 Madrid, Spain","4,8",6,—,Abierto,40.4307,-3.70111,https://maps.google.com/?cid=2377429443350034826,,Monday: 9:00AM–2:00PM | Tuesday: 9:00AM–7:00PM | Wednesday: 9:00AM–7:00PM | Thursday: 9:00AM–7:00PM | Friday: 9:00AM–7:00PM | Saturday: 9:00AM–7:00PM | Sunday: Closed,636 28 71 06,NO,NO
IES Santa Engracia,Colegios,EDUCACIÓN,"Calle de Sta Engracia, 13, Chamberí, 28010 Madrid, Spain",0,0,—,Abierto,40.4296,-3.6974,https://maps.google.com/?cid=7202697846635577012,https://site.educa.madrid.org/ies.santaengracia.madrid/,,914 47 72 34,NO,SI
Parking Saba Estación Tren Madrid - Atocha P2,Aparcamientos,GASOLINERAS Y APARCAMIENTOS,"P.º de la Infanta Isabel, S/n, Arganzuela, 28012 Madrid, Spain",3,1033,—,Abierto,40.4063,-3.68836,https://maps.google.com/?cid=10248658356254221479,https://www.saba.es/es/parking-madrid/parking-saba-estacion-tren-madrid-atocha-p2?utm_source=gbp&utm_medium=organic&utm_campaign=estacion-atocha,Monday: Open 24 hours | Tuesday: Open 24 hours | Wednesday: Open 24 hours | Thursday: Open 24 hours | Friday: Open 24 hours | Saturday: Open 24 hours | Sunday: Open 24 hours,935 57 56 27,NO,SI
El Casón del Buen Retiro,"Bibliotecas, Centros culturales, Montañas, Museos, Oficinas de turismo, Senderismo","CULTURA OCIO Y NATURALEZA, EDUCACIÓN, ESPACIOS DEPORTIVOS, OFICINAS DE TURISMO","C. de Alfonso XII, 28, Retiro, 28014 Madrid, Spain","4,3",161,—,Abierto,40.4152,-3.6896,https://maps.google.com/?cid=3748060889382025506,https://www.museodelprado.es/,,902 10 70 77,NO,SI
Carrefour Express,Supermercados,COMIDA Y BEBIDA,"C/ de Hortaleza, 17, Centro, 28004 Madrid, Spain","3,9",274,—,Abierto,40.4214,-3.70034,https://maps.google.com/?cid=9274126093769256614,https://www.carrefour.es/tiendas-carrefour/supermercados/carrefour-express/calle-hortaleza-17-madrid-s.aspx,Monday: 9:00AM–12:00AM | Tuesday: 9:00AM–12:00AM | Wednesday: 9:00AM–12:00AM | Thursday: 9:00AM–12:00AM | Friday: 9:00AM–12:00AM | Saturday: 9:00AM–12:00AM | Sunday: 9:00AM–12:00AM,652 73 85 64,NO,SI
Farmacia CEA,Farmacias,SALUD,"C. de Preciados, 14, Centro, 28013 Madrid, Spain","3,1",76,—,Abierto,40.418,-3.7046,https://maps.google.com/?cid=1216863751803100175,http://www.farmaciacea.es/,Monday: 9:00AM–10:00PM | Tuesday: 9:00AM–10:00PM | Wednesday: 9:00AM–10:00PM | Thursday: 9:00AM–10:00PM | Friday: 9:00AM–10:00PM | Saturday: 9:00AM–10:00PM | Sunday: 9:00AM–10:00PM,915 31 44 10,NO,SI
Farmacia Lavapies,Farmacias,SALUD,"C. de Lavapiés, 56, Centro, 28012 Madrid, Spain","4,2",106,—,Abierto,40.4089,-3.70169,https://maps.google.com/?cid=1828204960567561592,https://www.farmaciamariaestebanjimenezfmas.com/,Monday: 9:30AM–9:30PM | Tuesday: 9:30AM–9:30PM | Wednesday: 9:30AM–9:30PM | Thursday: 9:30AM–9:30PM | Friday: 9:30AM–9:30PM | Saturday: 9:30AM–9:30PM | Sunday: Closed,915 27 24 30,NO,SI
Embassy of Latvia,"Consulados, Embajadas",GOBIERNO,"C. de Moreto, 5, 1°D, Retiro, 28014 Madrid, Spain","3,8",46,—,Abierto,40.4144,-3.69013,https://maps.google.com/?cid=11943084501084853841,http://www.mfa.gov.lv/en/spain,Monday: 9:00AM–5:00PM | Tuesday: 9:00AM–5:00PM | Wednesday: 9:00AM–5:00PM | Thursday: 9:00AM–5:00PM | Friday: 9:00AM–5:00PM | Saturday: Closed | Sunday: Closed,913 69 13 62,NO,NO
Plaza Tirso de Molina,"Jardines, Parques, Parques naturales",CULTURA OCIO Y NATURALEZA,"Centro, Centro, 28012 Madrid, Spain",4,23,—,Abierto,40.4123,-3.70465,https://maps.google.com/?cid=18224946183389232307,,,,NO,NO
Restaurante Bocaíto,"Bares, Cervecerías, Coctelerías","COMIDA Y BEBIDA, LOCALES DE OCIO NOCTURNO","C. de la Libertad, 6, Centro, 28004 Madrid, Spain","3,7",316,Caro,Cerrado temporalmente,40.4205,-3.69734,https://maps.google.com/?cid=16019858912796652393,http://www.bocaito.com/,,915 32 12 19,SI,NO
ProtoDiam,Joyerías,TIENDAS,"C. de la Montera, 24, Centro, 28013 Madrid, Spain",0,0,—,Abierto,40.4183,-3.70303,https://maps.google.com/?cid=6525448410012379624,http://www.protodiam.com/,,915 32 68 62,NO,NO
Embassy of Montenegro in the Kingdom of Spain,"Consulados, Embajadas",GOBIERNO,"C. Alcalá, 89, Salamanca, 28001 Madrid, Spain",5,2,—,Abierto,40.421,-3.68519,https://maps.google.com/?cid=10632409986536159163,,Monday: 10:00AM–3:00PM | Tuesday: 10:00AM–3:00PM | Wednesday: 10:00AM–3:00PM | Thursday: 10:00AM–3:00PM | Friday: 10:00AM–3:00PM | Saturday: Closed | Sunday: Closed,901 66 51 64,NO,NO
AC Hotel Carlton Madrid,"Albergues, Apartamentos turísticos, Hostales, Hoteles",ALOJAMIENTOS,"Paseo de las Delicias, 26, Arganzuela, 28045 Madrid, Spain","4,3",1630,—,Abierto,40.4051,-3.6937,https://maps.google.com/?cid=14607633288362088940,https://www.marriott.com/en-us/hotels/madca-ac-hotel-carlton-madrid/overview/?scid=f2ae0541-1279-4f24-b197-a979c79310b0,,915 39 71 00,NO,SI
Consulta de Psicoanálisis,Clínicas,SALUD,"C. del Duque de Osuna, 4 bis, Centro, 28015 Madrid, Spain",5,3,—,Abierto,40.4249,-3.71178,https://maps.google.com/?cid=1637286446346956964,http://www.alejandramenassa.com/,Monday: 6:00–9:00PM | Tuesday: 11:00AM–9:15PM | Wednesday: Closed | Thursday: Closed | Friday: 11:00AM–9:00PM | Saturday: 10:00AM–6:00PM | Sunday: Closed,915 47 01 63,NO,NO
Ediciones Escultura Histórica,Galerías de arte,CULTURA OCIO Y NATURALEZA,"C. de Valenzuela, 7, Retiro, 28014 Madrid, Spain","4,8",29,—,Abierto,40.419,-3.68928,https://maps.google.com/?cid=13366301283965054364,https://www.edicionesesculturahistorica.es/,Monday: 9:30AM–5:00PM | Tuesday: 9:30AM–5:00PM | Wednesday: 9:30AM–5:00PM | Thursday: 9:30AM–5:00PM | Friday: 9:30AM–5:00PM | Saturday: Closed | Sunday: Closed,913 16 22 42,NO,NO
Café Central,"Bares, Cafés, Cervecerías, Coctelerías, Discotecas, Mercados, Perfumerías, Tiendas","COMIDA Y BEBIDA, LOCALES DE OCIO NOCTURNO, TIENDAS","Pl. del Ángel, 10, Centro, 28012 Madrid, Spain","4,1",6134,Moderado,Abierto,40.4141,-3.70183,https://maps.google.com/?cid=9329857030484869599,http://www.cafecentralmadrid.com/,Monday: 10:00AM–1:00AM | Tuesday: 10:00AM–1:00AM | Wednesday: 10:00AM–1:00AM | Thursday: 10:00AM–1:00AM | Friday: 10:00AM–2:00AM | Saturday: 10:00AM–2:00AM | Sunday: 10:00AM–1:00AM,613 45 09 65,SI,SI
Otopark,"Jardines, Parques, Parques naturales",CULTURA OCIO Y NATURALEZA,"C. Alcalá, 29, Centro, 28014 Madrid, Spain",5,1,—,Abierto,40.4184,-3.69843,https://maps.google.com/?cid=16035509420693675882,,Monday: Open 24 hours | Tuesday: Open 24 hours | Wednesday: Open 24 hours | Thursday: Open 24 hours | Friday: Open 24 hours | Saturday: Open 24 hours | Sunday: Open 24 hours,,NO,SI
Club Gym Churruca,Gimnasios,ESPACIOS DEPORTIVOS,"C. de Churruca, 12, Centro, 28004 Madrid, Spain","3,8",4,—,Abierto,40.4276,-3.70089,https://maps.google.com/?cid=468699023738331539,http://www.clubgymchurruca.com/,Monday: 9:00AM–10:00PM | Tuesday: 9:00AM–10:00PM | Wednesday: 9:00AM–10:00PM | Thursday: 9:00AM–10:00PM | Friday: 9:00AM–10:00PM | Saturday: 9:00AM–10:00PM | Sunday: 9:30AM–10:00PM,914 46 22 64,NO,NO
Farmacia Adrián Adrián,Farmacias,SALUD,"C. de Linneo, 15, Arganzuela, 28005 Madrid, Spain","3,6",54,—,Abierto,40.4123,-3.72042,https://maps.google.com/?cid=8654941881245602547,,"Monday: 9:30AM–1:45PM, 5:00–8:30PM | Tuesday: 9:30AM–1:45PM, 5:00–8:30PM | Wednesday: 9:30AM–1:45PM, 5:00–8:30PM | Thursday: 9:30AM–1:45PM, 5:00–8:30PM | Friday: 9:30AM–1:45PM, 5:00–8:30PM | Saturday: 10:00AM–1:45PM | Sunday: Closed",913 65 90 12,NO,SI
Carrefour Express,Supermercados,COMIDA Y BEBIDA,"C/ de Hortaleza, 65, Centro, 28004 Madrid, Spain","3,6",362,—,Abierto,40.4246,-3.69813,https://maps.google.com/?cid=18046176537346963504,https://www.carrefour.es/tiendas-carrefour/supermercados/carrefour-express/carrefour_express_calle_hortaleza_65.aspx,Monday: 9:00AM–11:00PM | Tuesday: 9:00AM–11:00PM | Wednesday: 9:00AM–11:00PM | Thursday: 9:00AM–11:00PM | Friday: 9:00AM–11:00PM | Saturday: 9:00AM–11:00PM | Sunday: 9:00AM–11:00PM,914 90 89 00,NO,SI
Frontón Beti Jai,"Centros culturales, Museos",CULTURA OCIO Y NATURALEZA,"C. del Marqués del Riscal, 7, Chamberí, 28010 Madrid, Spain","4,7",1694,—,Abierto,40.4309,-3.69108,https://maps.google.com/?cid=4618694665370819049,https://www.frontonbetijai.es/,Monday: Closed | Tuesday: 10:00AM–2:00PM | Wednesday: 10:00AM–2:00PM | Thursday: 10:00AM–2:00PM | Friday: 10:00AM–2:00PM | Saturday: 10:00AM–2:00PM | Sunday: 10:00AM–2:00PM,,NO,SI
Alcampo,"Panaderías, Supermercados",COMIDA Y BEBIDA,"P.º de la Esperanza, 51, Arganzuela, 28005 Madrid, Spain","3,2",331,—,Abierto,40.3989,-3.70276,https://maps.google.com/?cid=7934696537432739140,https://www.compraonline.alcampo.es/content/madrid-supermercado?utm_campaign=GMB&utm_content=madrid&utm_medium=organic&utm_source=google&utm_term=sitio_web,Monday: 9:00AM–10:00PM | Tuesday: 9:00AM–10:00PM | Wednesday: 9:00AM–10:00PM | Thursday: 9:00AM–10:00PM | Friday: 9:00AM–10:00PM | Saturday: 9:00AM–10:00PM | Sunday: 10:00AM–9:00PM,913 68 78 57,NO,SI
Miami Ad School Madrid - Escuela de publicidad y creatividad,Universidades,EDUCACIÓN,"C. de Sta. Cruz de Marcenado, 4, Local 4, Centro, 28015 Madrid, Spain","4,8",61,—,Abierto,40.4292,-3.70722,https://maps.google.com/?cid=9673024439885077934,https://miamiadschool.es/,Monday: 10:00AM–7:00PM | Tuesday: 10:00AM–7:00PM | Wednesday: 10:00AM–7:00PM | Thursday: 10:00AM–7:00PM | Friday: 10:00AM–2:00PM | Saturday: Closed | Sunday: Closed,917 54 03 75,NO,SI
Yogaconmigo,Gimnasios,ESPACIOS DEPORTIVOS,"C. de Mira el Sol, 1, Centro, 28005 Madrid, Spain","4,8",157,—,Abierto,40.4077,-3.70463,https://maps.google.com/?cid=7660891053574780596,https://www.instagram.com/yogaconmigomadrid?igsh=MW53dmJvdG8wc2xsMg%3D%3D&utm_source=qr,Monday: 9:00AM–8:30PM | Tuesday: 9:00AM–8:30PM | Wednesday: 9:00AM–8:30PM | Thursday: 9:00AM–8:30PM | Friday: 9:00AM–8:00PM | Saturday: 11:30AM–2:30PM | Sunday: 11:30AM–2:30PM,687 27 09 31,NO,NO
Masala Biomarket Escuela de Cocina,Colegios,EDUCACIÓN,"C. de los Relatores, 5, Centro, 28012 Madrid, Spain",0,0,—,Abierto,40.4133,-3.70303,https://maps.google.com/?cid=12380808760964334061,http://masalaescuelacocinabio.blogspot.com.es/,Monday: 10:00AM–9:00PM | Tuesday: 10:00AM–9:00PM | Wednesday: 10:00AM–9:00PM | Thursday: 10:00AM–9:00PM | Friday: 10:00AM–9:00PM | Saturday: 10:00AM–9:00PM | Sunday: Closed,915 39 98 60,NO,NO
Victor Espinós Musical Library (Countduke),Bibliotecas,EDUCACIÓN,"C. del Conde Duque, 11, Centro, 28015 Madrid, Spain",4,176,—,Abierto,40.4278,-3.7108,https://maps.google.com/?cid=2356932426926351829,https://madrid.es/bibliotecamusical,Monday: 8:30AM–9:00PM | Tuesday: 8:30AM–9:00PM | Wednesday: 8:30AM–9:00PM | Thursday: 8:30AM–9:00PM | Friday: 8:30AM–9:00PM | Saturday: Closed | Sunday: Closed,915 88 57 60,NO,SI
Hemeroteca Municipal de Madrid,Bibliotecas,EDUCACIÓN,"patio norte, C. del Conde Duque, 9-11, Centro, 28015 Madrid, Spain","4,6",19,—,Abierto,40.4283,-3.71049,https://maps.google.com/?cid=1467061223491278784,https://www.madrid.es/hemeroteca,Monday: 8:30AM–8:30PM | Tuesday: 8:30AM–8:30PM | Wednesday: 8:30AM–8:30PM | Thursday: 8:30AM–8:30PM | Friday: 8:30AM–8:30PM | Saturday: Closed | Sunday: Closed,915 88 57 71,NO,SI
Carrefour Express,Supermercados,COMIDA Y BEBIDA,"C. de San Bernardino, 4, Centro, 28015 Madrid, Spain","4,1",438,—,Abierto,40.4249,-3.70928,https://maps.google.com/?cid=5137389213676279589,https://www.carrefour.es/tiendas-carrefour/supermercados/carrefour-express/san-bernardino-4-madrid-s.aspx,Monday: 8:00AM–11:00PM | Tuesday: 8:00AM–11:00PM | Wednesday: 8:00AM–11:00PM | Thursday: 8:00AM–11:00PM | Friday: 8:00AM–11:00PM | Saturday: 8:00AM–11:00PM | Sunday: 10:00AM–10:00PM,914 90 89 00,NO,SI
Carrefour Express,Supermercados,COMIDA Y BEBIDA,"C. Mayor, 46, Centro, 28013 Madrid, Spain","3,8",683,—,Abierto,40.4159,-3.70913,https://maps.google.com/?cid=8308213805949297624,https://www.carrefour.es/tiendas-carrefour/supermercados/carrefour-express/calle-mayor-madrid-s.aspx,Monday: 8:30AM–12:00AM | Tuesday: 8:30AM–12:00AM | Wednesday: 8:30AM–12:00AM | Thursday: 8:30AM–12:00AM | Friday: 8:30AM–12:00AM | Saturday: 8:30AM–12:00AM | Sunday: 8:30AM–12:00AM,636 90 40 80,NO,SI
Petit Palace Plaza Mayor,Aparcamientos,GASOLINERAS Y APARCAMIENTOS,"C. Mayor, 46, Centro, 28013 Madrid, Spain","4,3",1299,—,Abierto,40.416,-3.70909,https://maps.google.com/?cid=2305320337607619236,https://www.petitpalaceplazamayor.com/en/?utm_source=google&utm_medium=organic&utm_campaign=MyBusiness&utm_content=MYR&origin_source=google&origin_medium=organic&origin_campaign=MyBusiness,,915 42 69 99,NO,SI
La Musa Malasaña,"Bares, Cervecerías, Coctelerías, Restaurantes, Tapas, Vegano, Vegetariano","COMIDA Y BEBIDA, LOCALES DE OCIO NOCTURNO","C. de Manuela Malasaña, 18, Centro, 28004 Madrid, Spain","4,5",4090,Moderado,Abierto,40.4288,-3.70438,https://maps.google.com/?cid=10747233118834305758,https://grupolamusa.com/restaurante-musa-malasana/,Monday: 1:00PM–12:00AM | Tuesday: 1:00PM–12:00AM | Wednesday: 1:00PM–12:00AM | Thursday: 1:00PM–12:00AM | Friday: 1:00PM–1:00AM | Saturday: 1:00PM–1:00AM | Sunday: 1:00PM–12:00AM,919 03 97 76,SI,NO
Deutsche Evangelische Kirchengemeinde Madrid,"Basílicas, Catedrales, Conventos, Ermitas, Iglesias, Monasterios",ESPACIOS RELIGIOSOS,"P.º de la Castellana, 6, Salamanca, 28046 Madrid, Spain",5,7,—,Abierto,40.4272,-3.68906,https://maps.google.com/?cid=3578931115391031323,https://www.friedenskirche.es/,,914 35 47 81,NO,SI
The North Face Madrid Fuencarral,Zapaterías,TIENDAS,"Calle de Fuencarral, 26, Centro, 28004 Madrid, Spain",4,512,—,Abierto,40.4221,-3.70074,https://maps.google.com/?cid=1101683716526134750,https://locations.thenorthface.eu/madrid/madrid/TNFSM-CF26M-2/,Monday: 10:30AM–9:00PM | Tuesday: 10:30AM–9:00PM | Wednesday: 10:30AM–9:00PM | Thursday: 10:30AM–9:00PM | Friday: 10:30AM–9:00PM | Saturday: 10:30AM–9:00PM | Sunday: 12:00–8:00PM,915 32 72 80,NO,SI
Templo Hare Krishna ISKCON,Templos hindúes,ESPACIOS RELIGIOSOS,"C. del Espíritu Santo, 19, Centro, 28004 Madrid, Spain","4,7",406,Barato,Abierto,40.4254,-3.70432,https://maps.google.com/?cid=7017734202539209148,https://harekrishna.es/templos/madrid/,Monday: 6:00AM–8:00PM | Tuesday: 6:00AM–8:00PM | Wednesday: 6:00AM–8:00PM | Thursday: 6:00AM–8:00PM | Friday: 6:00AM–8:00PM | Saturday: 6:00AM–8:00PM | Sunday: 6:00AM–8:00PM,915 21 30 96,NO,SI
Academia de inglés y español en Madrid - International House Alonso Martínez,Colegios,EDUCACIÓN,"Calle de Zurbano, 8, Chamberí, 28010 Madrid, Spain","4,1",122,—,Abierto,40.4275,-3.69367,https://maps.google.com/?cid=16976318704910578796,https://www.ihmadrid.com/?utm_source=google&utm_medium=organic&utm_campaign=gmb,Monday: 8:30AM–9:45PM | Tuesday: 8:30AM–9:45PM | Wednesday: 8:30AM–9:45PM | Thursday: 8:30AM–9:45PM | Friday: 8:30AM–7:00PM | Saturday: Closed | Sunday: Closed,913 10 13 14,NO,NO
Cibeles,Estaciones de autobús,TRANSPORTE,"Centro, 28014 Madrid, Spain","4,6",22,—,Abierto,40.419,-3.69353,https://maps.google.com/?cid=14749869312638694001,,,,NO,SI
Berberia del Sáhara y El Sahel,Joyerías,TIENDAS,"C. de la Redondilla, 8, Centro, 28005 Madrid, Spain","4,4",34,—,Abierto,40.4124,-3.71279,https://maps.google.com/?cid=16192455745929386304,https://berberia.es/es/,"Monday: 11:00AM–2:00PM, 5:30–8:00PM | Tuesday: 11:00AM–2:00PM, 5:30–8:00PM | Wednesday: 11:00AM–2:00PM, 5:30–8:00PM | Thursday: 11:00AM–2:00PM, 5:30–8:00PM | Friday: 11:00AM–2:00PM, 5:30–8:00PM | Saturday: Closed | Sunday: Closed",913 54 01 76,NO,NO
Puerta de Toledo,Estaciones de autobús,TRANSPORTE,"Arganzuela, 28005 Madrid, Spain","4,5",4,—,Abierto,40.4057,-3.71189,https://maps.google.com/?cid=18009335822856365855,,,,NO,SI
A Escuela de Teatro Musical María Beltran,Colegios,EDUCACIÓN,"Pl. de Matute, 5, Centro, 28012 Madrid, Spain","4,3",21,—,Abierto,40.4133,-3.69974,https://maps.google.com/?cid=1666435097412934937,,"Monday: 10:00AM–2:00PM, 6:30–9:30PM | Tuesday: 10:00AM–2:00PM, 6:30–9:30PM | Wednesday: 10:00AM–2:00PM, 6:30–9:30PM | Thursday: 10:00AM–2:00PM | Friday: 4:00–9:00PM | Saturday: Closed | Sunday: Closed",911 67 77 79,NO,NO
Parish Church of Saint Ildephonsus,"Basílicas, Catedrales, Conventos, Ermitas, Iglesias, Monasterios",ESPACIOS RELIGIOSOS,"Pl. de San Ildefonso, Centro, 28004 Madrid, Spain","4,3",861,—,Abierto,40.4239,-3.7019,https://maps.google.com/?cid=1046312687573836566,,Monday: 8:30AM–9:00PM | Tuesday: 8:30AM–9:00PM | Wednesday: 8:30AM–9:00PM | Thursday: 8:30AM–9:00PM | Friday: 8:30AM–9:00PM | Saturday: 8:30AM–9:00PM | Sunday: 8:30AM–9:00PM,915 22 08 60,NO,SI
Pastelería Mallorca | Serrano,Panaderías,COMIDA Y BEBIDA,"C. de Serrano, 6, Salamanca, 28001 Madrid, Spain","4,3",7470,Caro,Abierto,40.4213,-0.36883,https://maps.google.com/?cid=16069743977347249177,http://www.pasteleria-mallorca.com/?utm_source=GMB&utm_medium=web&utm_campaign=serrano,Monday: 9:00AM–9:00PM | Tuesday: 9:00AM–9:00PM | Wednesday: 9:00AM–9:00PM | Thursday: 9:00AM–9:00PM | Friday: 9:00AM–9:00PM | Saturday: 9:00AM–9:00PM | Sunday: 9:00AM–9:00PM,914 10 00 00,NO,SI
CAF 1 Centro De Apoyo Familiar,Ayuntamientos,GOBIERNO,"Calle Hermanos Álvarez Quintero, 7, Centro, 28004 Madrid, Spain","4,4",20,—,Abierto,40.4276,-3.69738,https://maps.google.com/?cid=5050482296668809010,http://www.madrid.es/portales/munimadrid/es/Inicio/Servicios-sociales-y-salud/Direcciones-y-telefonos/Centro-de-Apoyo-a-las-Familias-CAF-1?vgnextfmt=default&vgnextoid=7f61ba61e681c010VgnVCM1000000b205a0aRCRD&vgnextchannel=2bc2c8eb248fe410VgnVCM1000000b205a0aRCRD,Monday: 8:30AM–8:00PM | Tuesday: 8:30AM–8:00PM | Wednesday: 8:30AM–8:00PM | Thursday: 8:30AM–8:00PM | Friday: 8:30AM–8:00PM | Saturday: Closed | Sunday: Closed,915 06 18 60,NO,SI
Camisería Burgos,Tiendas de ropa,TIENDAS,"C. de Cedaceros, 2, Centro, Centro, 28014 Madrid, Spain","4,4",70,—,Abierto,40.4178,-3.69844,https://maps.google.com/?cid=4184005412142644136,http://www.camiseriaburgos.com/,Monday: 10:00AM–8:00PM | Tuesday: 10:00AM–8:00PM | Wednesday: 10:00AM–8:00PM | Thursday: 10:00AM–8:00PM | Friday: 10:00AM–8:00PM | Saturday: Closed | Sunday: Closed,915 21 18 91,NO,NO
Casa Hortensia Restaurante & Sidrería,"Bares, Cervecerías, Coctelerías","COMIDA Y BEBIDA, LOCALES DE OCIO NOCTURNO","C. de la Farmacia, 2, Centro, 28004 Madrid, Spain","4,4",6283,Moderado,Abierto,40.4238,-3.70038,https://maps.google.com/?cid=4236509372472377642,http://www.casahortensia.com/,Monday: Closed | Tuesday: 1:00PM–12:00AM | Wednesday: 1:00PM–12:00AM | Thursday: 1:00PM–12:00AM | Friday: 1:00PM–12:00AM | Saturday: 1:00PM–12:00AM | Sunday: 1:00–4:30PM,915 39 00 90,SI,SI
Parking Plaza de Colón telpark by Empark,Aparcamientos,GASOLINERAS Y APARCAMIENTOS,"Pl. de Colón, s/n, Salamanca, 28046 Madrid, Spain","3,7",523,—,Abierto,40.4244,-3.68985,https://maps.google.com/?cid=5899978756119560972,https://www.telpark.com/es/ciudades/madrid/parking-plaza-de-colon/,Monday: Open 24 hours | Tuesday: Open 24 hours | Wednesday: Open 24 hours | Thursday: Open 24 hours | Friday: Open 24 hours | Saturday: Open 24 hours | Sunday: Open 24 hours,915 76 18 37,NO,SI
España Building,Centros comerciales,TIENDAS,"Calle de la Princesa, 19, Centro, 28013 Madrid, Spain","4,7",4290,—,Abierto,40.424,-3.7111,https://maps.google.com/?cid=15576253881476792156,https://www.riu.com/es/hotel/espana/madrid/hotel-riu-plaza-espana?utm_source=google&utm_medium=organic&utm_campaign=my_business&utm_content=ZES,Monday: 10:00AM–12:00AM | Tuesday: 10:00AM–12:00AM | Wednesday: 10:00AM–12:00AM | Thursday: 10:00AM–12:00AM | Friday: 10:00AM–12:00AM | Saturday: 10:00AM–12:00AM | Sunday: 10:00AM–12:00AM,971 74 30 30,NO,SI
El Escaldón Gastronomía Canaria,"Bares, Cervecerías, Coctelerías","COMIDA Y BEBIDA, LOCALES DE OCIO NOCTURNO","C. del Nuncio, 17, Centro, 28005 Madrid, Spain",4,1092,Moderado,Abierto,40.413,-3.71,https://maps.google.com/?cid=14756693449108544763,http://elescaldon.com/,"Monday: 1:00–4:30PM, 7:00PM–12:00AM | Tuesday: 1:00–4:30PM, 7:00PM–12:00AM | Wednesday: 1:00–4:30PM, 7:00PM–12:00AM | Thursday: 1:00–4:30PM, 7:00PM–12:00AM | Friday: 12:00PM–12:00AM | Saturday: 12:00PM–12:00AM | Sunday: 12:00PM–12:00AM",913 65 55 06,SI,NO
Campus Colegiata (FOM),Universidades,EDUCACIÓN,"Calle de la Colegiata, 9, Centro, 28012 Madrid, Spain",5,3,—,Abierto,40.4127,-3.70587,https://maps.google.com/?cid=9387687972164499374,https://studentsinspain.com/,Monday: 9:00AM–4:30PM | Tuesday: 9:00AM–4:30PM | Wednesday: 9:00AM–4:30PM | Thursday: 9:00AM–4:30PM | Friday: 9:00AM–2:00PM | Saturday: Closed | Sunday: Closed,917 00 41 30,NO,SI
The Stunt Club,"Cines, Teatros",CULTURA OCIO Y NATURALEZA,"P.º de la Virgen del Puerto, 17, Arganzuela, 28005 Madrid, Spain",0,0,—,Abierto,40.4125,-3.72088,https://maps.google.com/?cid=2501956167376871114,http://www.thestuntclub.com/,Monday: Open 24 hours | Tuesday: Open 24 hours | Wednesday: Open 24 hours | Thursday: Open 24 hours | Friday: Open 24 hours | Saturday: Open 24 hours | Sunday: Closed,,NO,NO
Chang Thai Massage,"Piscinas, Spas",ESPACIOS DEPORTIVOS,"C. del Marqués de Cubas, 23, 1°D Ext, Centro, 28014 Madrid, Spain","4,8",216,—,Abierto,40.4162,-3.6958,https://maps.google.com/?cid=7431187597891157049,http://www.changthaimassages.es/,Monday: 11:00AM–9:00PM | Tuesday: 11:00AM–9:00PM | Wednesday: 11:00AM–9:00PM | Thursday: 11:00AM–9:00PM | Friday: 11:00AM–9:00PM | Saturday: 11:00AM–9:00PM | Sunday: 11:00AM–9:00PM,911 99 49 58,NO,NO
Hospital VOT Madrid,Hospitales,SALUD,"C. de San Bernabé, 13, Centro, 28005 Madrid, Spain","3,2",701,—,Abierto,40.409,-3.71392,https://maps.google.com/?cid=8611865034163696782,http://www.hospitalvot.org/,,910 79 15 16,NO,SI
Embajada de la República Oriental del Uruguay,"Consulados, Embajadas",GOBIERNO,"P.º del Pintor Rosales, 28, Piso 2° Izq, Moncloa - Aravaca, 28008 Madrid, Spain","4,9",7,—,Abierto,40.4269,-3.71936,https://maps.google.com/?cid=15834737193819236230,https://www.gub.uy/ministerio-relaciones-exteriores/,Monday: 10:00AM–6:00PM | Tuesday: 10:00AM–6:00PM | Wednesday: 10:00AM–6:00PM | Thursday: 10:00AM–6:00PM | Friday: 10:00AM–6:00PM | Saturday: Closed | Sunday: Closed,917 58 04 75,NO,SI
Asador Arizmendi,"Restaurantes, Tapas, Vegano, Vegetariano",COMIDA Y BEBIDA,"Pl. de Tirso de Molina, 7, Centro, 28012 Madrid, Spain","3,9",38,—,Abierto,40.4121,-3.70444,https://maps.google.com/?cid=12956326181391971282,,"Monday: 1:30–4:00PM, 9:00PM–12:00AM | Tuesday: 1:30–4:00PM, 9:00PM–12:00AM | Wednesday: 1:30–4:00PM, 9:00PM–12:00AM | Thursday: 1:30–4:00PM, 9:00PM–12:00AM | Friday: 1:30–4:00PM, 9:00PM–12:00AM | Saturday: 1:30–4:00PM, 9:00PM–12:00AM | Sunday: 1:30–4:00PM, 9:00PM–12:00AM",914 29 50 30,SI,NO
Café Carmen 17 Bistro,Cafés,COMIDA Y BEBIDA,"C. del Carmen, 17, Centro, 28013 Madrid, Spain","3,9",1889,Moderado,Abierto,40.4183,-3.70438,https://maps.google.com/?cid=6582681657067102556,https://companiadeltropico.es/#historia,Monday: 9:00AM–11:00PM | Tuesday: 9:00AM–11:00PM | Wednesday: 9:00AM–11:00PM | Thursday: 9:00AM–11:00PM | Friday: 9:00AM–12:00AM | Saturday: 9:00AM–12:00AM | Sunday: 9:00AM–11:00PM,915 22 67 75,NO,SI
MK2 Cine Paz,"Cines, Teatros",CULTURA OCIO Y NATURALEZA,"Calle de Fuencarral, 125, Chamberí, 28010 Madrid, Spain","4,1",2221,—,Abierto,40.4308,-3.70339,https://maps.google.com/?cid=12470759934055469454,http://www.cinepazmadrid.es/,,,NO,SI
Chueca,Estaciones de autobús,TRANSPORTE,"Centro, 28004 Madrid, Spain","3,7",3,—,Abierto,40.4235,-3.69869,https://maps.google.com/?cid=15284337798027945904,,,,NO,NO
Soledad Cabello Pelucas en Madrid y Extensiones de Pelo,"Mercados, Perfumerías, Tiendas","COMIDA Y BEBIDA, TIENDAS","Gran Vía, 50, 1º Izda, Centro, 28013 Madrid, Spain","4,6",134,—,Abierto,40.4209,-3.70656,https://maps.google.com/?cid=5729499704979578782,http://www.soledadcabello.com/,Monday: 10:00AM–7:00PM | Tuesday: 10:00AM–7:00PM | Wednesday: 10:00AM–7:00PM | Thursday: 10:00AM–7:00PM | Friday: 10:00AM–7:00PM | Saturday: Closed | Sunday: Closed,915 59 21 68,NO,SI
Tirso de Molina,Estaciones de autobús,TRANSPORTE,"Centro, 28012 Madrid, Spain","4,7",3,—,Abierto,40.4124,-3.70457,https://maps.google.com/?cid=11014152754044111610,,,,NO,SI
Farmacia Ronda de Segovia 47,Farmacias,SALUD,"Ronda de Segovia, 47, Centro, 28005 Madrid, Spain","4,7",14,—,Abierto,40.4093,-3.71686,https://maps.google.com/?cid=16594395239714234316,http://farmaciarondadesegovia.blogspot.com/,"Monday: 10:00AM–2:30PM, 5:30–8:30PM | Tuesday: 10:00AM–2:30PM, 5:30–8:30PM | Wednesday: 10:00AM–2:30PM, 5:30–8:30PM | Thursday: 10:00AM–2:30PM, 5:30–8:30PM | Friday: 10:00AM–2:30PM, 5:30–8:30PM | Saturday: 10:30AM–2:30PM | Sunday: Closed",,NO,SI
Suite Prado,"Campos de golf, Templos budistas","ESPACIOS DEPORTIVOS, ESPACIOS RELIGIOSOS","C. de Manuel Fernández y González, 10, Centro, 28014 Madrid, Spain","4,3",324,—,Abierto,40.415,-3.69908,https://maps.google.com/?cid=7883951510894141353,http://www.suiteprado.com/,,914 20 23 18,NO,NO
Embajada De Mónaco,"Consulados, Embajadas",GOBIERNO,"C. de Villanueva, 12, BAJO;LOCAL CENTRO-DCHA, Salamanca, 28001 Madrid, Spain","3,7",3,—,Abierto,40.4225,-3.68879,https://maps.google.com/?cid=4533228955573667448,https://ambassade-en-espagne.gouv.mc/,,915 78 20 48,NO,SI
Castañer Madrid,Zapaterías,TIENDAS,"C. de Claudio Coello, 51, Salamanca, 28001 Madrid, Spain","3,5",157,—,Abierto,40.4269,-3.68641,https://maps.google.com/?cid=13266614411722760958,http://www.castaner.com/,Monday: 10:00AM–8:30PM | Tuesday: 10:00AM–8:30PM | Wednesday: 10:00AM–8:30PM | Thursday: 10:00AM–8:30PM | Friday: 10:00AM–8:30PM | Saturday: 10:00AM–8:30PM | Sunday: Closed,915 78 18 90,NO,NO
Cafetería Magerit,Cafés,COMIDA Y BEBIDA,"Pl. Mayor, 22, Centro, 28012 Madrid, Spain","4,2",3498,Moderado,Abierto,40.4155,-3.70815,https://maps.google.com/?cid=10985455250460537633,http://www.plazamayordemadrid.com/,Monday: 9:00AM–12:00AM | Tuesday: 9:00AM–12:00AM | Wednesday: 9:00AM–12:00AM | Thursday: 9:00AM–12:00AM | Friday: 9:00AM–12:00AM | Saturday: 9:00AM–12:00AM | Sunday: 9:00AM–12:00AM,915 47 31 62,NO,SI
Gran Madrid | Casino Colón,Casinos,LOCALES DE OCIO NOCTURNO,"P.º de Recoletos, 37, 41, Centro, 28004 Madrid, Spain",4,1359,—,Abierto,40.4242,-3.69147,https://maps.google.com/?cid=8271776067038747080,https://www.granmadrid.com/casino-colon?utm_source=colon&utm_medium=gmb&utm_campaign=local&utm_content=ficha,Monday: 11:00AM–6:00AM | Tuesday: 11:00AM–6:00AM | Wednesday: 11:00AM–6:00AM | Thursday: 11:00AM–6:00AM | Friday: 11:00AM–6:00AM | Saturday: 11:00AM–6:00AM | Sunday: 11:00AM–6:00AM,918 56 11 11,NO,SI
Public,"Restaurantes, Tapas, Vegano, Vegetariano",COMIDA Y BEBIDA,"C. del Desengaño, 11, Centro, 28004 Madrid, Spain","4,2",4714,Barato,Abierto,40.421,-3.70423,https://maps.google.com/?cid=15434176896946571562,https://andilana.com/locales/public/,"Monday: 1:00–5:00PM, 7:30–11:00PM | Tuesday: 1:00–5:00PM, 7:30–11:00PM | Wednesday: 1:00–5:00PM, 7:30–11:00PM | Thursday: 1:00–5:00PM, 7:30–11:00PM | Friday: 1:00–5:00PM, 7:30–11:00PM | Saturday: 1:00–5:00PM, 7:30–11:00PM | Sunday: 1:00–5:00PM, 7:30–11:00PM",915 22 06 70,SI,SI
Supermercados Dia,"Panaderías, Supermercados",COMIDA Y BEBIDA,"C. de Atocha, 22, Centro, 28012 Madrid, Spain",4,1456,—,Abierto,40.4137,-3.70265,https://maps.google.com/?cid=6440678535153699427,http://www.dia.es/compra-online/,Monday: 8:00AM–11:00PM | Tuesday: 8:00AM–11:00PM | Wednesday: 8:00AM–11:00PM | Thursday: 8:00AM–11:00PM | Friday: 8:00AM–11:00PM | Saturday: 8:00AM–11:00PM | Sunday: 8:00AM–11:00PM,912 17 04 53,NO,SI
Hostal Puerta del Sol,"Albergues, Apartamentos turísticos, Campos de golf, Hostales, Hoteles, Templos budistas","ALOJAMIENTOS, ESPACIOS DEPORTIVOS, ESPACIOS RELIGIOSOS","Prta del Sol, 14, Centro, 28013 Madrid, Spain",4,278,—,Abierto,40.4171,-3.70252,https://maps.google.com/?cid=15702536636212643086,,,915 22 51 26,NO,NO
Museo Chicote - Coctelería desde 1931,"Bares, Cervecerías, Coctelerías","COMIDA Y BEBIDA, LOCALES DE OCIO NOCTURNO","Gran Vía, 12, Centro, 28013 Madrid, Spain","4,2",2755,Caro,Abierto,40.4196,-3.6989,https://maps.google.com/?cid=234688890362377357,http://www.museochicote.com/,Monday: 7:00PM–3:00AM | Tuesday: 7:00PM–3:00AM | Wednesday: 7:00PM–3:00AM | Thursday: 7:00PM–3:00AM | Friday: 7:00PM–3:30AM | Saturday: 4:00PM–3:30AM | Sunday: 4:00PM–3:00AM,915 32 67 37,SI,SI
Cats Hostel Madrid Sol,"Bares, Campos de golf, Cervecerías, Coctelerías, Templos budistas","COMIDA Y BEBIDA, ESPACIOS DEPORTIVOS, ESPACIOS RELIGIOSOS, LOCALES DE OCIO NOCTURNO","Calle de los Cañizares, 6, Centro, 28012 Madrid, Spain","4,2",1877,—,Abierto,40.4128,-3.70166,https://maps.google.com/?cid=15839587220579299361,https://catshostels.com/madrid-sol/,Monday: Open 24 hours | Tuesday: Open 24 hours | Wednesday: Open 24 hours | Thursday: Open 24 hours | Friday: Open 24 hours | Saturday: Open 24 hours | Sunday: Open 24 hours,913 69 28 07,NO,SI
Goethe-Institut Madrid,"Bibliotecas, Cafés, Centros culturales, Cines, Jardines, Museos, Parques, Parques naturales, Teatros","COMIDA Y BEBIDA, CULTURA OCIO Y NATURALEZA, EDUCACIÓN","C. de Zurbarán, 21, Chamberí, 28010 Madrid, Spain","4,4",202,—,Abierto,40.4296,-3.69141,https://maps.google.com/?cid=14254197980864552940,http://www.goethe.de/madrid,Monday: 9:00AM–9:00PM | Tuesday: 9:00AM–9:00PM | Wednesday: 9:00AM–9:00PM | Thursday: 9:00AM–9:00PM | Friday: 9:00AM–9:00PM | Saturday: 10:00AM–2:00PM | Sunday: Closed,913 91 39 44,NO,SI
[P] Parking Cascorro,Aparcamientos,GASOLINERAS Y APARCAMIENTOS,"C. de Fray Ceferino González, 6, Centro, 28005 Madrid, Spain","3,8",121,—,Abierto,40.4089,-3.7061,https://maps.google.com/?cid=17748807741782731764,,Monday: 9:00AM–8:30PM | Tuesday: 9:00AM–8:30PM | Wednesday: 9:00AM–8:30PM | Thursday: 9:00AM–8:30PM | Friday: 9:00AM–8:30PM | Saturday: Closed | Sunday: 9:00AM–6:00PM,915 39 24 27,NO,SI
Amor de Dios,Colegios,EDUCACIÓN,"C. de Sta. Isabel, 5, Centro, 28012 Madrid, Spain","4,6",194,—,Abierto,40.4114,-3.69874,https://maps.google.com/?cid=5291242103315630031,http://www.amordedios.com/,Monday: 9:00AM–10:00PM | Tuesday: 9:00AM–10:00PM | Wednesday: 9:00AM–10:00PM | Thursday: 9:00AM–10:00PM | Friday: 9:00AM–10:00PM | Saturday: 9:00AM–10:00PM | Sunday: Closed,913 60 04 34,NO,NO
IES Cardenal Cisneros,"Colegios, Universidades",EDUCACIÓN,"C. de los Reyes, 4, Centro, 28015 Madrid, Spain","3,3",97,—,Abierto,40.4244,-3.70858,https://maps.google.com/?cid=8124059226229560996,http://www.educa.madrid.org/ies.cardenalcisnero.madrid,Monday: 8:00AM–9:55PM | Tuesday: 8:00AM–9:55PM | Wednesday: 8:00AM–9:55PM | Thursday: 8:00AM–9:55PM | Friday: 8:00AM–9:55PM | Saturday: Closed | Sunday: Closed,915 22 48 69,NO,SI
Core Pilates Energy Center,Gimnasios,ESPACIOS DEPORTIVOS,"C/ de Hortaleza, 104, Centro, 28004 Madrid, Spain","4,4",25,—,Abierto,40.425,-3.69769,https://maps.google.com/?cid=525544584336364039,http://www.corepilatesenergycenter.com/,Monday: 8:00AM–10:00PM | Tuesday: 8:00AM–10:00PM | Wednesday: 8:00AM–10:00PM | Thursday: 8:00AM–10:00PM | Friday: 8:00AM–10:00PM | Saturday: Closed | Sunday: Closed,917 02 53 84,NO,NO
Lush Cosmetics Fuencarral,Tiendas de ropa,TIENDAS,"Calle de Fuencarral, 64, Centro, 28004 Madrid, Spain","4,9",6159,—,Abierto,40.4242,-3.70046,https://maps.google.com/?cid=4577726820097920799,https://www.lush.com/es/es,Monday: 10:00AM–9:30PM | Tuesday: 10:00AM–9:30PM | Wednesday: 10:00AM–9:30PM | Thursday: 10:00AM–9:30PM | Friday: 10:00AM–9:30PM | Saturday: 10:00AM–9:30PM | Sunday: 11:00AM–9:30PM,915 23 48 32,NO,SI
Chueca,Estaciones de metro,TRANSPORTE,"Centro, 28004 Madrid, Spain","4,3",245,—,Abierto,40.4225,-3.69768,https://maps.google.com/?cid=982361495794485932,,,,NO,NO
Parking Marcenado-Conde Duque,Aparcamientos,GASOLINERAS Y APARCAMIENTOS,"C. de Sta. Cruz de Marcenado, 14, Centro, 28015 Madrid, Spain","3,2",117,—,Abierto,40.4288,-3.70896,https://maps.google.com/?cid=14389682066610682322,,Monday: 7:00AM–12:00AM | Tuesday: 7:00AM–12:00AM | Wednesday: 7:00AM–12:00AM | Thursday: 7:00AM–12:00AM | Friday: 7:00AM–12:00AM | Saturday: 7:00AM–12:00AM | Sunday: 7:00AM–12:00AM,911 37 78 64,NO,SI
Siervas De María Ministras De Los Enfermos Provincia Madrid Residencia Casa Madre,"Basílicas, Catedrales, Conventos, Ermitas, Iglesias, Monasterios",ESPACIOS RELIGIOSOS,"Plaza de Chamberí, 7, Chamberí, 28010 Madrid, Spain","4,4",29,—,Abierto,40.4329,-3.69666,https://maps.google.com/?cid=5778756453067653421,https://www.siervasdemaria.es/index.php/48-informacion/historia,Monday: 8:30AM–9:30PM | Tuesday: 8:30AM–9:30PM | Wednesday: 8:30AM–9:30PM | Thursday: 8:30AM–9:30PM | Friday: 8:30AM–9:30PM | Saturday: 8:30AM–9:30PM | Sunday: 8:30AM–9:30PM,914 48 78 73,NO,SI
Intelier Palacio San Martín,"Albergues, Apartamentos turísticos, Cafés, Campos de golf, Hostales, Hoteles, Mercados, Perfumerías, Restaurantes, Tapas, Templos budistas, Tiendas, Vegano, Vegetariano","ALOJAMIENTOS, COMIDA Y BEBIDA, ESPACIOS DEPORTIVOS, ESPACIOS RELIGIOSOS, TIENDAS","Pl. de San Martín, 5, Centro, 28013 Madrid, Spain","4,5",1304,—,Abierto,40.4186,-3.70675,https://maps.google.com/?cid=18260373948947734544,https://www.intelier.com/hotel-palacio-san-martin-madrid/,,917 01 50 00,NO,SI
Escuelas Pías de San Fernando,Bibliotecas,EDUCACIÓN,"Centro, 28012 Madrid, Spain","3,9",16,—,Abierto,40.4079,-3.70334,https://maps.google.com/?cid=8091939391556231771,,Monday: 9:00AM–10:00PM | Tuesday: 9:00AM–10:00PM | Wednesday: 9:00AM–10:00PM | Thursday: 9:00AM–10:00PM | Friday: 9:00AM–10:00PM | Saturday: Closed | Sunday: Closed,,NO,SI
El Arte Del Cómic,Galerías de arte,CULTURA OCIO Y NATURALEZA,"Calle del Acuerdo, 10, Centro, 28015 Madrid, Spain","4,1",39,—,Cerrado temporalmente,40.4265,-3.70824,https://maps.google.com/?cid=7648135702065662135,http://www.elartedelcomic.com/,,910 70 60 90,NO,NO
Hotel Regente Madrid,"Albergues, Apartamentos turísticos, Campos de golf, Hostales, Hoteles, Templos budistas","ALOJAMIENTOS, ESPACIOS DEPORTIVOS, ESPACIOS RELIGIOSOS","C. de Mesonero Romanos, 9, Centro, 28013 Madrid, Spain","4,2",2919,—,Abierto,40.4197,-3.7043,https://maps.google.com/?cid=1101750140259892651,https://www.hotelregente.com/?utm_source=google&utm_medium=business&utm_campaign=maps,Monday: Open 24 hours | Tuesday: Open 24 hours | Wednesday: Open 24 hours | Thursday: Open 24 hours | Friday: Open 24 hours | Saturday: Open 24 hours | Sunday: Open 24 hours,915 21 29 41,NO,SI
Puerta de Toledo,Estaciones de autobús,TRANSPORTE,"Arganzuela, 28005 Madrid, Spain","3,7",3,—,Abierto,40.4065,-3.71264,https://maps.google.com/?cid=8444611147437495930,,,,NO,SI
Museo del Jamón,Cafés,COMIDA Y BEBIDA,"Pl. Mayor, 17, 18, Centro, 28012 Madrid, Spain","3,2",2435,Barato,Abierto,40.4153,-3.7081,https://maps.google.com/?cid=1368959366744612555,https://www.museodeljamon.com/museos/plaza-mayor/,Monday: 9:00AM–11:00PM | Tuesday: 9:00AM–11:00PM | Wednesday: 9:00AM–11:00PM | Thursday: 9:00AM–11:00PM | Friday: 9:00AM–12:30AM | Saturday: 9:00AM–12:30AM | Sunday: 9:00AM–11:00PM,915 42 26 32,NO,SI
Naval Museum,"Centros culturales, Montañas, Museos, Oficinas de turismo, Senderismo","CULTURA OCIO Y NATURALEZA, ESPACIOS DEPORTIVOS, OFICINAS DE TURISMO","P.º del Prado, 3, Retiro, 28014 Madrid, Spain","4,6",10951,—,Cerrado temporalmente,40.4177,-3.69273,https://maps.google.com/?cid=2111224305921231670,https://armada.defensa.gob.es/ArmadaPortal/page/Portal/ArmadaEspannola/cienciaorgano/prefLang-es/01cienciamuseo,,913 79 51 89,NO,SI
Real Casa de la Aduana,"Montañas, Oficinas de turismo, Senderismo","CULTURA OCIO Y NATURALEZA, ESPACIOS DEPORTIVOS, OFICINAS DE TURISMO","C. Alcalá, 9, Centro, 28014 Madrid, Spain","4,1",31,—,Abierto,40.4175,-3.70128,https://maps.google.com/?cid=14302498581509299171,,Monday: 9:00AM–5:00PM | Tuesday: 9:00AM–5:00PM | Wednesday: 9:00AM–5:00PM | Thursday: 9:00AM–5:00PM | Friday: 9:00AM–5:00PM | Saturday: 9:00AM–5:00PM | Sunday: 9:00AM–5:00PM,,NO,SI
Colegio La Salle La Paloma Lara Foundation,Colegios,EDUCACIÓN,"C. de la Paloma, 21, Centro, 28005 Madrid, Spain",0,0,—,Abierto,40.4082,-3.71183,https://maps.google.com/?cid=2889356479008815898,https://www.lasallelapaloma.es/,"Monday: 8:30AM–1:30PM, 3:00–6:00PM | Tuesday: 8:30AM–1:30PM, 3:00–6:00PM | Wednesday: 8:30AM–1:30PM, 3:00–6:00PM | Thursday: 8:30AM–1:30PM, 3:00–6:00PM | Friday: 8:30AM–1:30PM, 3:00–5:30PM | Saturday: Closed | Sunday: Closed",913 64 10 82,NO,SI
Clínica Dental Milenium El Corte Ingles Callao - Sanitas,Clínicas,SALUD,"Pl. del Callao, 2, Centro, 28013 Madrid, Spain","4,2",255,—,Abierto,40.4195,-3.70492,https://maps.google.com/?cid=14805818658919214571,https://www.sanitas.es/dental/clinicas-dentales-milenium/madrid/madrid/madrid-callao-corte-ingles?gmb=gmb%3Af-google%3Am-link%3Anc-clinica%3Ap-dental,Monday: 10:00AM–10:00PM | Tuesday: 10:00AM–10:00PM | Wednesday: 10:00AM–10:00PM | Thursday: 10:00AM–10:00PM | Friday: 10:00AM–10:00PM | Saturday: 10:00AM–10:00PM | Sunday: 11:00AM–9:00PM,917 16 58 40,NO,NO
Cirugía Ocular de Madrid,Hospitales,SALUD,"Pl. del Conde del Valle de Súchil, 6, Chamberí, 28015 Madrid, Spain","4,8",24,—,Abierto,40.4304,-3.70682,https://maps.google.com/?cid=12172619052727668118,http://cirugiaocularmadrid.com/?utm_source=google_profile&utm_campaign=localo&utm_medium=mainlink,"Monday: 10:00AM–2:00PM, 4:00–8:00PM | Tuesday: 10:00AM–2:00PM, 4:00–8:00PM | Wednesday: 10:00AM–2:00PM, 4:00–8:00PM | Thursday: 10:00AM–2:00PM, 4:00–8:00PM | Friday: 10:00AM–2:00PM, 4:00–8:00PM | Saturday: Closed | Sunday: Closed",915 91 30 19,NO,SI
Clínica Vila Joya,Hospitales,SALUD,"Calle de Lagasca, 53, Salamanca, 28001 Madrid, Spain","4,3",24,—,Abierto,40.4273,-3.68527,https://maps.google.com/?cid=15638839604997067865,http://www.clinicavilajoya.com/,Monday: 10:00AM–7:00PM | Tuesday: 10:00AM–7:00PM | Wednesday: 10:00AM–7:00PM | Thursday: 10:00AM–7:00PM | Friday: 10:00AM–2:00PM | Saturday: Closed | Sunday: Closed,915 76 82 34,NO,NO
Clínica íO,Hospitales,SALUD,"Calle Velázquez, 35, 1º Izq, Salamanca, 28001 Madrid, Spain","4,1",22,—,Abierto,40.4256,-3.68441,https://maps.google.com/?cid=7211809753023478105,,Monday: 11:00AM–9:00PM | Tuesday: 11:00AM–9:00PM | Wednesday: 11:00AM–9:00PM | Thursday: 11:00AM–9:00PM | Friday: 11:00AM–9:00PM | Saturday: Closed | Sunday: Closed,913 57 87 00,NO,SI
Gimnasio Center Stadium,Gimnasios,ESPACIOS DEPORTIVOS,"C. de la Sombrerería, 24, Centro, 28012 Madrid, Spain","3,8",23,—,Abierto,40.4078,-3.69823,https://maps.google.com/?cid=9229061016934052376,http://centerstadium.webnode.es/,Monday: 9:00AM–9:00PM | Tuesday: 9:00AM–9:00PM | Wednesday: 9:00AM–9:00PM | Thursday: 9:00AM–9:00PM | Friday: 9:00AM–9:00PM | Saturday: Closed | Sunday: Closed,914 68 10 53,NO,NO
Blanca de Castilla school,Colegios,EDUCACIÓN,"P.º de Eduardo Dato, 2, Chamberí, 28010 Madrid, Spain",0,0,—,Abierto,40.4325,-3.69534,https://maps.google.com/?cid=5899413644777048445,http://www.colegioblancadecastilla.es/,Monday: 9:00AM–4:30PM | Tuesday: 9:00AM–4:30PM | Wednesday: 9:00AM–4:30PM | Thursday: 9:00AM–4:30PM | Friday: 9:00AM–4:30PM | Saturday: Closed | Sunday: Closed,914 46 03 98,NO,SI
Destino Kink,Clínicas,SALUD,"Calle de Sandoval, 8, Local 2, Chamberí, 28010 Madrid, Spain","4,9",90,—,Abierto,40.43,-3.70386,https://maps.google.com/?cid=10361560485024092286,http://www.destinokink.com/,"Monday: 11:30AM–2:30PM, 4:30–8:30PM | Tuesday: 11:30AM–2:30PM, 4:30–8:30PM | Wednesday: 11:30AM–2:30PM, 4:30–8:30PM | Thursday: 11:30AM–2:30PM, 4:30–8:30PM | Friday: 11:30AM–2:30PM, 4:30–8:30PM | Saturday: 12:00–2:30PM | Sunday: Closed",915 91 57 92,NO,NO
Café Belén,Cafés,COMIDA Y BEBIDA,"C. de Belén, 5, Centro, 28004 Madrid, Spain","4,3",550,Barato,Abierto,40.4243,-3.69674,https://maps.google.com/?cid=16162255071588343644,http://www.elcafebelen.com/,Monday: Closed | Tuesday: 4:30PM–2:30AM | Wednesday: 4:30PM–2:30AM | Thursday: 4:30PM–3:00AM | Friday: 4:30PM–3:30AM | Saturday: 4:00PM–3:30AM | Sunday: 4:30–11:30PM,913 08 27 47,NO,NO
Miyama Restaurant,"Restaurantes, Tapas, Vegano, Vegetariano",COMIDA Y BEBIDA,"C. de la Flor Baja, 5, Centro, 28013 Madrid, Spain","4,4",1106,Caro,Abierto,40.4222,-0.00371,https://maps.google.com/?cid=15571373804965747802,http://www.restaurantemiyama.com/,"Monday: 1:00–3:45PM, 8:00–11:45PM | Tuesday: Closed | Wednesday: 1:00–3:45PM, 8:00–11:45PM | Thursday: 1:00–3:45PM, 8:00–11:45PM | Friday: 1:00–3:45PM, 8:00–11:45PM | Saturday: 1:00–3:45PM, 8:00–11:45PM | Sunday: Closed",915 40 13 86,SI,NO
Patrimonio Nacional,"Centros culturales, Museos",CULTURA OCIO Y NATURALEZA,"C. de Sta. Isabel, 48, Centro, 28012 Madrid, Spain","2,9",17,—,Abierto,40.4094,-3.69618,https://maps.google.com/?cid=13495672340339383834,https://www.patrimonionacional.es/,,915 30 50 87,NO,SI
moncloa-avaraca,Universidades,EDUCACIÓN,"C. del León, 30, Centro, 28014 Madrid, Spain",0,0,—,Abierto,40.4129,-3.69939,https://maps.google.com/?cid=6620766599569766566,,,,NO,SI
Plaza de la Encarnación,"Jardines, Parques, Parques naturales",CULTURA OCIO Y NATURALEZA,"C. de San Quintín, 1, Centro, 28013 Madrid, Spain","4,5",15,—,Abierto,40.4196,-3.71125,https://maps.google.com/?cid=6356321342836095285,,Monday: Open 24 hours | Tuesday: Open 24 hours | Wednesday: Open 24 hours | Thursday: Open 24 hours | Friday: Open 24 hours | Saturday: Open 24 hours | Sunday: Open 24 hours,,NO,SI
Library of the Royal Botanic Garden,Bibliotecas,EDUCACIÓN,"C. Claudio Moyano, 1, Retiro, 28014 Madrid, Spain",3,8,—,Abierto,40.4097,-3.6894,https://maps.google.com/?cid=14160414203612830283,http://bibdigital.rjb.csic.es/,Monday: 9:00AM–2:30PM | Tuesday: 9:00AM–2:30PM | Wednesday: 9:00AM–2:30PM | Thursday: 9:00AM–2:30PM | Friday: 9:00AM–2:30PM | Saturday: Closed | Sunday: Closed,914 20 30 17,NO,SI
TAI Escuela Universitaria de Artes,"Cines, Teatros, Universidades","CULTURA OCIO Y NATURALEZA, EDUCACIÓN","C. de Recoletos, 22, Salamanca, 28001 Madrid, Spain","3,6",284,—,Abierto,40.4212,-3.68906,https://maps.google.com/?cid=14637529341520999665,https://taiarts.com/?utm_source=Google&utm_medium=GMB&utm_campaign=FichaLocal,Monday: 8:00AM–10:00PM | Tuesday: 8:00AM–10:00PM | Wednesday: 8:00AM–10:00PM | Thursday: 8:00AM–10:00PM | Friday: 8:00AM–10:00PM | Saturday: 9:00AM–2:00PM | Sunday: Closed,914 47 20 55,NO,SI
INNSiDE by Meliá Madrid Gran Vía,"Albergues, Apartamentos turísticos, Campos de golf, Hostales, Hoteles, Templos budistas","ALOJAMIENTOS, ESPACIOS DEPORTIVOS, ESPACIOS RELIGIOSOS","C. de Mesonero Romanos, 13, Centro, 28004 Madrid, Spain","4,3",1860,—,Abierto,40.4206,-3.70395,https://maps.google.com/?cid=6542519317880118558,https://www.melia.com/en/hotels/spain/madrid/innside-madrid-gran-via?utm_campaign=google&utm_content=2815&utm_medium=organic&utm_source=directories,,915 32 15 52,NO,SI
ESIC,Universidades,EDUCACIÓN,"C. de Campomanes, 9, Centro, Centro, 28013 Madrid, Spain",0,0,—,Abierto,40.4192,-3.70929,https://maps.google.com/?cid=17148118652892956527,,,,NO,SI
La Favorita C. B.,"Mercados, Perfumerías, Tiendas, Tiendas de ropa","COMIDA Y BEBIDA, TIENDAS","Pl. Mayor, 25, Centro, 28012 Madrid, Spain","4,9",479,—,Abierto,40.4158,-3.70783,https://maps.google.com/?cid=8875622315801686746,https://www.lafavoritacb.com/,"Monday: 9:30AM–1:30PM, 3:00–8:00PM | Tuesday: 9:30AM–1:30PM, 3:00–8:00PM | Wednesday: 9:30AM–1:30PM, 3:00–8:00PM | Thursday: 9:30AM–1:30PM, 3:00–8:00PM | Friday: 9:30AM–1:30PM, 3:00–8:00PM | Saturday: 10:00AM–2:00PM | Sunday: Closed",913 66 58 77,NO,NO
Petit Palace Arenal,"Albergues, Apartamentos turísticos, Campos de golf, Hostales, Hoteles, Templos budistas","ALOJAMIENTOS, ESPACIOS DEPORTIVOS, ESPACIOS RELIGIOSOS","C. del Arenal, 16, Centro, 28013 Madrid, Spain","4,4",1717,—,Abierto,40.4173,-3.70649,https://maps.google.com/?cid=12320590644997535543,https://www.petitpalacearenal.com/en/?utm_source=google&utm_medium=organic&utm_campaign=MyBusiness&utm_content=ARE&origin_source=google&origin_medium=organic&origin_campaign=MyBusiness,,915 64 43 55,NO,SI
Velassaru Integral Aesthetic,"Piscinas, Spas",ESPACIOS DEPORTIVOS,"C/ de Feijóo, 4, Chamberí, 28010 Madrid, Spain","4,2",238,—,Abierto,40.4347,-3.70392,https://maps.google.com/?cid=6663538111969599229,https://www.treatwell.es/establecimiento/integral-aesthetic-madrid/,"Monday: 10:00AM–3:00PM, 4:00–9:00PM | Tuesday: 10:00AM–3:00PM, 4:00–9:00PM | Wednesday: 10:00AM–3:00PM, 4:00–9:00PM | Thursday: 10:00AM–3:00PM, 4:00–9:00PM | Friday: 10:00AM–3:00PM, 4:00–9:00PM | Saturday: 10:00AM–3:00PM | Sunday: Closed",605 99 54 14,NO,SI
[P] Garaje Atocha / Rafael Riego (bajo coste),Aparcamientos,GASOLINERAS Y APARCAMIENTOS,"C. de Rafael de Riego, 5, Arganzuela, 28045 Madrid, Spain","2,9",107,—,Abierto,40.4047,-3.69186,https://maps.google.com/?cid=12874499414816933367,https://elparking.com/madrid/parking-atocha-low-cost/5661,Monday: Open 24 hours | Tuesday: Open 24 hours | Wednesday: Open 24 hours | Thursday: Open 24 hours | Friday: Open 24 hours | Saturday: Open 24 hours | Sunday: Open 24 hours,,NO,SI
Arte9 - Cómics y Juegos,Librerías,TIENDAS,"C. de la Cruz, 37, Centro, 28012 Madrid, Spain","4,4",257,—,Abierto,40.4147,-3.70277,https://maps.google.com/?cid=12965842714135506115,http://www.arte9cruz.es/,"Monday: 10:45AM–2:30PM, 5:15–8:30PM | Tuesday: 10:45AM–2:30PM, 5:15–8:30PM | Wednesday: 10:45AM–2:30PM, 5:15–8:30PM | Thursday: 10:45AM–2:30PM, 5:15–8:30PM | Friday: 10:45AM–2:30PM, 5:15–8:30PM | Saturday: 10:45AM–8:30PM | Sunday: Closed",915 32 47 14,NO,SI
Terapias Sin Fronteras,Clínicas,SALUD,"C. de San Agustín, 7, 1ª Ext Izq, Centro, 28014 Madrid, Spain",0,0,—,Abierto,40.4148,-3.69681,https://maps.google.com/?cid=14614236521385640134,https://terapiasinfronteras.com/,Monday: 10:00AM–10:00PM | Tuesday: 10:00AM–10:00PM | Wednesday: 10:00AM–10:00PM | Thursday: 10:00AM–10:00PM | Friday: 10:00AM–10:00PM | Saturday: Closed | Sunday: Closed,914 29 97 56,NO,NO
GBBRAVO,Zapaterías,TIENDAS,"C. de la Abada, 2, Centro, 28013 Madrid, Spain",5,1,—,Abierto,40.4189,-3.70377,https://maps.google.com/?cid=1633805487035670180,http://www.gbbravo.com/,Monday: 9:00AM–7:00PM | Tuesday: 9:00AM–7:00PM | Wednesday: 9:00AM–7:00PM | Thursday: 9:00AM–7:00PM | Friday: 9:00AM–6:00PM | Saturday: Closed | Sunday: Closed,,NO,NO
ZIGZAG KIDS,Librerías,TIENDAS,"C. de Barbieri, 26, Centro, 28004 Madrid, Spain","4,6",140,—,Abierto,40.4224,-3.6975,https://maps.google.com/?cid=15937561933805528526,http://www.zigzagkids.es/,Monday: 11:00AM–9:00PM | Tuesday: 11:00AM–9:00PM | Wednesday: 11:00AM–9:00PM | Thursday: 11:00AM–9:00PM | Friday: 11:00AM–9:00PM | Saturday: 11:00AM–9:00PM | Sunday: 12:00–8:00PM,915 32 74 64,NO,SI
LA BOLA,"Restaurantes, Tapas, Vegano, Vegetariano",COMIDA Y BEBIDA,"C. de la Bola, 5, Centro, 28013 Madrid, Spain","4,2",7231,Moderado,Abierto,40.42,-3.71047,https://maps.google.com/?cid=6380438410191808605,http://www.labola.es/,Monday: 1:30–4:00PM | Tuesday: 1:30–4:00PM | Wednesday: 1:30–4:00PM | Thursday: 1:30–9:00PM | Friday: 1:30–9:00PM | Saturday: 1:30–4:00PM | Sunday: Closed,915 47 69 30,SI,NO
La Clé,Joyerías,TIENDAS,"C. del Pez, 12, Centro, 28004 Madrid, Spain",0,0,—,Abierto,40.4234,-3.70468,https://maps.google.com/?cid=7751820278042418143,,"Monday: 4:30–8:30PM | Tuesday: 11:00AM–3:00PM, 4:30–8:30PM | Wednesday: 11:00AM–3:00PM, 4:30–8:30PM | Thursday: 11:00AM–3:00PM, 4:30–8:30PM | Friday: 11:00AM–3:00PM, 4:30–9:00PM | Saturday: 11:00AM–3:00PM, 4:30–9:00PM | Sunday: Closed",665 46 80 04,NO,NO
La Mordida,"Restaurantes, Tapas, Vegano, Vegetariano",COMIDA Y BEBIDA,"C. de las Fuentes, 3, Centro, 28013 Madrid, Spain","4,4",4893,Moderado,Abierto,40.4169,-3.7088,https://maps.google.com/?cid=8907237490692948127,http://www.lamordida.com/,"Monday: 1:30–4:30PM, 8:00PM–12:00AM | Tuesday: 1:30–4:30PM, 8:00PM–12:00AM | Wednesday: 1:30–4:30PM, 8:00PM–12:00AM | Thursday: 1:30–4:30PM, 8:00PM–12:00AM | Friday: 1:30–5:00PM, 8:00PM–1:00AM | Saturday: 1:30–5:00PM, 8:00PM–1:00AM | Sunday: 1:30–5:00PM, 8:00PM–12:00AM",915 59 11 36,SI,NO
Farmalife pharmacy Santa Ana,Farmacias,SALUD,"Pl. del Ángel, 14, Centro, 28012 Madrid, Spain","3,9",174,—,Abierto,40.4143,-3.7025,https://maps.google.com/?cid=1539532004510251248,http://www.farmalife.es/,Monday: Open 24 hours | Tuesday: Open 24 hours | Wednesday: Open 24 hours | Thursday: Open 24 hours | Friday: Open 24 hours | Saturday: Open 24 hours | Sunday: Open 24 hours,913 69 23 18,NO,SI
Pub Gris,Discotecas,LOCALES DE OCIO NOCTURNO,"C. de San Marcos, 29, Centro, 28004 Madrid, Spain","4,3",670,Barato,Abierto,40.4213,-3.69786,https://maps.google.com/?cid=17936099659954300596,,Monday: Closed | Tuesday: 8:00PM–3:00AM | Wednesday: 8:00PM–3:00AM | Thursday: 8:00PM–3:00AM | Friday: 8:00PM–3:00AM | Saturday: 8:00PM–3:00AM | Sunday: Closed,647 26 26 93,NO,NO
Motteau Pasteleria,Panaderías,COMIDA Y BEBIDA,"C. de San Pedro, 9, Centro, 28014 Madrid, Spain","4,8",1302,Moderado,Cerrado temporalmente,40.4116,-3.69463,https://maps.google.com/?cid=8058510306749723843,https://www.facebook.com/pages/category/Dessert-Shop/Motteau-558055207627937/,,618 93 13 77,NO,SI
Biblioteca Nacional,Estaciones de autobús,TRANSPORTE,"Salamanca, 28001 Madrid, Spain","4,3",12,—,Abierto,40.4238,-3.69055,https://maps.google.com/?cid=9064684498321623278,,,,NO,NO
Panishop,Panaderías,COMIDA Y BEBIDA,"P.º de las Acacias, 29, Arganzuela, 28005 Madrid, Spain","3,9",158,Barato,Abierto,40.4033,-3.70802,https://maps.google.com/?cid=6174073705330722926,http://www.panishop.com/,Monday: 8:00AM–9:30PM | Tuesday: 8:00AM–9:30PM | Wednesday: 8:00AM–9:30PM | Thursday: 8:00AM–9:30PM | Friday: 8:00AM–9:30PM | Saturday: 8:00AM–9:30PM | Sunday: 9:00AM–9:30PM,915 27 30 97,NO,SI
Velvet,Centros comerciales,TIENDAS,"C. de las Hileras, 12, Centro, Centro, 28013 Madrid, Spain",0,0,—,Abierto,40.4173,-3.70779,https://maps.google.com/?cid=3118406480584294441,,,,NO,NO
PHARMACY CHAMBERÍ ** Lda.M.MELERO-MONTES,Farmacias,SALUD,"Calle de Sta Engracia, 34, Chamberí, 28010 Madrid, Spain","4,2",22,—,Abierto,40.4318,-3.69722,https://maps.google.com/?cid=17010879032419758801,http://www.farmaciaplazadechamberi.es/,Monday: 9:30AM–9:30PM | Tuesday: 9:30AM–9:30PM | Wednesday: 9:30AM–9:30PM | Thursday: 9:30AM–9:30PM | Friday: 9:30AM–9:30PM | Saturday: 9:30AM–9:00PM | Sunday: 9:30AM–9:00PM,644 32 34 45,NO,SI
Cibeles Fountain,"Jardines, Parques, Parques naturales",CULTURA OCIO Y NATURALEZA,"Plaza Cibeles, S/N, Centro, 28014 Madrid, Spain","4,7",55337,—,Abierto,40.4193,-3.69308,https://maps.google.com/?cid=3629758992879857522,http://www.esmadrid.com/informacion-turistica/fuente-de-la-cibeles,Monday: Open 24 hours | Tuesday: Open 24 hours | Wednesday: Open 24 hours | Thursday: Open 24 hours | Friday: Open 24 hours | Saturday: Open 24 hours | Sunday: Open 24 hours,,NO,NO
Restaurante León V,Cafés,COMIDA Y BEBIDA,"Pl. de la Provincia, 3, Centro, 28012 Madrid, Spain",4,1335,Barato,Abierto,40.4149,-3.70635,https://maps.google.com/?cid=1963781304965469142,,Monday: 10:00AM–12:00AM | Tuesday: 10:00AM–12:00AM | Wednesday: 10:00AM–12:00AM | Thursday: 10:00AM–12:00AM | Friday: 10:00AM–12:00AM | Saturday: 10:00AM–12:30AM | Sunday: 10:00AM–12:00AM,915 13 43 44,SI,NO
Las Vistillas Garden,"Jardines, Parques, Parques naturales",CULTURA OCIO Y NATURALEZA,"Jardín de las Vistillas, Pl. de Gabriel Miró, 2, Centro, 28005 Madrid, Spain","4,3",5683,—,Abierto,40.4125,-3.71545,https://maps.google.com/?cid=5537020443384977721,http://esmadrid.com/,Monday: Open 24 hours | Tuesday: Open 24 hours | Wednesday: Open 24 hours | Thursday: Open 24 hours | Friday: Open 24 hours | Saturday: Open 24 hours | Sunday: Open 24 hours,,NO,SI
EMT Public Parking lot,Aparcamientos,GASOLINERAS Y APARCAMIENTOS,"Autovía del Suroeste, 66, Moncloa - Aravaca, 28011 Madrid, Spain","3,3",67,—,Abierto,40.4154,-3.72731,https://maps.google.com/?cid=14017914096105124757,,Monday: Open 24 hours | Tuesday: Open 24 hours | Wednesday: Open 24 hours | Thursday: Open 24 hours | Friday: Open 24 hours | Saturday: Open 24 hours | Sunday: Open 24 hours,914 06 88 00,NO,SI
Plaza del Rey,"Jardines, Parques, Parques naturales",CULTURA OCIO Y NATURALEZA,"Centro, 28004 Madrid, Spain","4,3",1001,—,Abierto,40.4201,-3.69616,https://maps.google.com/?cid=6401419514025300211,,Monday: Open 24 hours | Tuesday: Open 24 hours | Wednesday: Open 24 hours | Thursday: Open 24 hours | Friday: Open 24 hours | Saturday: Open 24 hours | Sunday: Open 24 hours,,NO,SI
Embassy of Panama,"Consulados, Embajadas",GOBIERNO,"C. de Caracas, 23, Chamberí, 28010 Madrid, Spain","3,1",54,—,Abierto,40.4307,-3.69392,https://maps.google.com/?cid=6003478420602050216,,Monday: 11:00AM–2:00PM | Tuesday: 11:00AM–2:00PM | Wednesday: 11:00AM–2:00PM | Thursday: 11:00AM–2:00PM | Friday: 11:00AM–2:00PM | Saturday: Closed | Sunday: Closed,915 76 50 01,NO,NO
maternidad subrogada,Hospitales,SALUD,"C. de Leganitos, 47, Centro, 28013 Madrid, Spain",0,0,—,Abierto,40.4229,-3.71112,https://maps.google.com/?cid=1136984317315896801,,,911 41 36 64,NO,SI
Vuela la cometa,"Centros culturales, Museos",CULTURA OCIO Y NATURALEZA,"C. del Arenal, 9, Centro, 28013 Madrid, Spain",5,1,—,Abierto,40.4169,-3.70611,https://maps.google.com/?cid=1623880296405386595,http://vuelalacometa.com/hello-world,,699 81 69 05,NO,NO
Colegio San Ignacio de Loyola,Universidades,EDUCACIÓN,"C. de Concepcion Arenal, 3, Centro, 28806 Madrid, Spain",0,0,—,Abierto,40.4206,-3.70498,https://maps.google.com/?cid=9679995077568468032,,,918 87 11 14,NO,SI
4 Áreas Gestión de Proyectos Comerciales,Centros comerciales,TIENDAS,"C. de Alberto Aguilera, 58, Chamberí, 28015 Madrid, Spain",0,0,—,Abierto,40.4306,-3.71373,https://maps.google.com/?cid=15713256190047455499,https://4areas.com/,,915 50 23 81,NO,NO
entY,Gimnasios,ESPACIOS DEPORTIVOS,"C. de Andrés Borrego, 10, Centro, 28004 Madrid, Spain","4,7",13,—,Abierto,40.4233,-3.70659,https://maps.google.com/?cid=1999912954747285029,http://www.enty.es/,Monday: 8:30AM–10:00PM | Tuesday: 8:30AM–10:00PM | Wednesday: Closed | Thursday: 8:30AM–10:00PM | Friday: 8:30AM–10:00PM | Saturday: 10:00AM–2:00PM | Sunday: Closed,911 19 39 97,NO,NO
Petit Palace Plaza del Carmen,"Albergues, Apartamentos turísticos, Campos de golf, Hostales, Hoteles, Templos budistas","ALOJAMIENTOS, ESPACIOS DEPORTIVOS, ESPACIOS RELIGIOSOS","Pl. del Carmen, 4, Centro, 28013 Madrid, Spain","4,4",1029,—,Abierto,40.4189,-3.70276,https://maps.google.com/?cid=8774133410041966879,https://www.petitpalaceplazadelcarmen.com/es/?utm_source=google&utm_medium=organic&utm_campaign=MyBusiness&utm_content=CAR&origin_source=google&origin_medium=organic&origin_campaign=MyBusiness,,915 23 88 45,NO,SI
El Arte de Vivir,Gimnasios,ESPACIOS DEPORTIVOS,"C. de Mejía Lequerica, 12, 4to Ext Dcha, Centro, 28004 Madrid, Spain",0,0,—,Cerrado temporalmente,40.4271,-3.69871,https://maps.google.com/?cid=6714471154516946440,https://www.artofliving.org/es-es,,913 23 94 73,NO,NO
Biblioteca Histórica Marqués de Valdecilla de la UCM,Bibliotecas,EDUCACIÓN,"C. del Noviciado, 3, Centro, 28015 Madrid, Spain","4,4",37,—,Abierto,40.4254,-3.70789,https://maps.google.com/?cid=6893985597105334839,http://biblioteca.ucm.es/historica,Monday: 9:00AM–8:30PM | Tuesday: 9:00AM–8:30PM | Wednesday: 9:00AM–8:30PM | Thursday: 9:00AM–8:30PM | Friday: 9:00AM–8:30PM | Saturday: Closed | Sunday: Closed,913 94 66 12,NO,SI
Fiestas Paco,Tiendas de ropa,TIENDAS,"C. de Toledo, 62, Centro, 28005 Madrid, Spain","4,4",201,—,Abierto,40.41,-3.70949,https://maps.google.com/?cid=5697062788328615045,http://www.fiestaspaco.com/,"Monday: 10:30AM–2:00PM, 5:00–9:00PM | Tuesday: 10:30AM–2:00PM, 5:00–9:00PM | Wednesday: 10:30AM–2:00PM, 5:00–9:00PM | Thursday: 10:30AM–2:00PM, 5:00–9:00PM | Friday: 10:30AM–2:00PM, 5:00–9:00PM | Saturday: Closed | Sunday: Closed",913 65 27 60,NO,SI
Indigo - Quevedo,Aparcamientos,GASOLINERAS Y APARCAMIENTOS,"C. de Rodríguez San Pedro, 8, Chamberí, 28015 Madrid, Spain","2,1",602,—,Abierto,40.4316,-3.70633,https://maps.google.com/?cid=449548138172094703,https://www.indigoneo.es/es/parkings/12203/parking-quevedo?utm_source=google&utm_media=yext,Monday: Open 24 hours | Tuesday: Open 24 hours | Wednesday: Open 24 hours | Thursday: Open 24 hours | Friday: Open 24 hours | Saturday: Open 24 hours | Sunday: Open 24 hours,914 48 40 54,NO,SI
La Negra Tomasa,"Bares, Cervecerías, Coctelerías, Restaurantes, Tapas, Vegano, Vegetariano","COMIDA Y BEBIDA, LOCALES DE OCIO NOCTURNO","C. de Cádiz, 9, Centro, 28012 Madrid, Spain","4,1",7398,Moderado,Abierto,40.4158,-3.70238,https://maps.google.com/?cid=10546066214783189261,https://www.lanegratomasa.com/,Monday: 7:30PM–3:00AM | Tuesday: 7:30PM–3:00AM | Wednesday: 1:30PM–3:00AM | Thursday: 1:30PM–3:00AM | Friday: 1:30PM–4:00AM | Saturday: 1:30PM–4:00AM | Sunday: 1:30PM–3:00AM,915 23 58 30,SI,SI
Fatigas del querer,"Bares, Cervecerías, Coctelerías","COMIDA Y BEBIDA, LOCALES DE OCIO NOCTURNO","C. de la Cruz, 17, Centro, 28012 Madrid, Spain","4,4",4949,Barato,Abierto,40.4155,-3.70165,https://maps.google.com/?cid=1570289190578835071,http://es-es.facebook.com/pages/Fatigas-del-Querer/129961420399189,Monday: Closed | Tuesday: 12:00PM–1:00AM | Wednesday: 12:00PM–1:00AM | Thursday: 12:00PM–1:00AM | Friday: 12:00PM–1:00AM | Saturday: 12:00PM–2:00AM | Sunday: 12:00PM–1:00AM,915 23 21 31,SI,SI
VAS | Boots & Shoes,Zapaterías,TIENDAS,"Calle de Fuencarral, 33, Centro, 28004 Madrid, Spain","4,4",135,—,Abierto,40.4222,-3.7011,https://maps.google.com/?cid=13135939568633045489,http://www.zapatosvas.com/,Monday: 10:00AM–9:00PM | Tuesday: 10:00AM–9:00PM | Wednesday: 10:00AM–9:00PM | Thursday: 10:00AM–9:00PM | Friday: 10:00AM–9:00PM | Saturday: 10:00AM–9:00PM | Sunday: 12:00–8:00PM,915 21 19 81,NO,SI
Sale Watches ARUM,Joyerías,TIENDAS,"Cl. de Ayala, 28, Salamanca, 28001 Madrid, Spain",4,93,—,Abierto,40.4276,-3.68577,https://maps.google.com/?cid=17593357212067853153,https://arum24.es/?utm_source=gmb&utm_medium=organic&utm_campaign=google-my-business,Monday: 10:00AM–8:00PM | Tuesday: 10:00AM–8:00PM | Wednesday: 10:00AM–8:00PM | Thursday: 10:00AM–8:00PM | Friday: 10:00AM–8:00PM | Saturday: 10:00AM–2:00PM | Sunday: Closed,915 78 46 79,NO,SI
Casado Santapau,Galerías de arte,CULTURA OCIO Y NATURALEZA,"C. de Piamonte, 10, Centro, 28004 Madrid, Spain","4,6",16,—,Abierto,40.423,-3.69529,https://maps.google.com/?cid=13419042500056169886,http://www.casadosantapau.com/,"Monday: Closed | Tuesday: 11:00AM–2:00PM, 4:00–8:00PM | Wednesday: 11:00AM–2:00PM, 4:00–8:00PM | Thursday: 11:00AM–2:00PM, 4:00–8:00PM | Friday: 11:00AM–2:00PM, 4:00–8:00PM | Saturday: 11:00AM–2:00PM | Sunday: Closed",915 32 06 78,NO,SI
Mondo Disko,Discotecas,LOCALES DE OCIO NOCTURNO,"C. de Barceló, 11, Centro, 28004 Madrid, Spain","3,8",839,Moderado,Abierto,40.427,-3.6997,https://maps.google.com/?cid=18010544236034254048,http://www.mondodisko.es/,Monday: Closed | Tuesday: Closed | Wednesday: Closed | Thursday: 11:59PM–6:00AM | Friday: Closed | Saturday: 11:59PM–6:00AM | Sunday: Closed,,SI,NO
Fornituras y Componentes,Joyerías,TIENDAS,"C. de la Aduana, 13, Centro, 28013 Madrid, Spain",5,1,—,Abierto,40.4183,-3.70169,https://maps.google.com/?cid=16874324338880248441,http://www.forniturasycomponentes.com/,"Monday: 10:00AM–2:00PM | Tuesday: 10:00AM–2:00PM | Wednesday: 10:00AM–2:00PM | Thursday: 10:00AM–2:00PM, 4:30–7:00PM | Friday: 10:00AM–2:00PM, 4:30–6:00PM | Saturday: 10:00AM–2:00PM | Sunday: Closed",915 22 25 02,NO,NO
Ateneo de Madrid,Bibliotecas,EDUCACIÓN,"C. del Prado, 21, Centro, 28014 Madrid, Spain","4,5",1985,—,Abierto,40.4151,-3.69821,https://maps.google.com/?cid=9779094033815444949,http://www.ateneodemadrid.com/,Monday: 9:00AM–11:00PM | Tuesday: 9:00AM–11:00PM | Wednesday: 9:00AM–11:00PM | Thursday: 9:00AM–11:00PM | Friday: 9:00AM–11:00PM | Saturday: 9:00AM–11:00PM | Sunday: 9:00AM–10:00PM,914 29 17 50,NO,SI
Habitación privada en piso compartido Madrid,Campings,ALOJAMIENTOS,"Pl. Lucena, 1, Latina, 28011 Madrid, Spain",0,0,—,Abierto,40.4114,-3.72566,https://maps.google.com/?cid=5873986239720471290,https://tripingguide.com/view-hotel?hotel=habitacion-privada-en-piso-compartido-madrid-spain,,,NO,NO
Puerta de Alcalá,Estaciones de autobús,TRANSPORTE,"Retiro, 28014 Madrid, Spain","4,7",51,—,Abierto,40.4189,-3.68895,https://maps.google.com/?cid=5897223330991552474,,,,NO,SI
Dracons Acedo,Gasolineras,GASOLINERAS Y APARCAMIENTOS,"C. de Serrano, Salamanca, 28200 Madrid, Spain",0,0,—,Abierto,40.4228,-3.6883,https://maps.google.com/?cid=18303268700242631529,,Monday: 8:00–10:00AM | Tuesday: 8:00–10:00AM | Wednesday: Closed | Thursday: Closed | Friday: Closed | Saturday: Closed | Sunday: Closed,689 68 71 06,NO,NO
Sangpanyasalud auténtico Thai.masajes oriental,"Piscinas, Spas",ESPACIOS DEPORTIVOS,"C. de Arriaza, 10, local Izda, Moncloa - Aravaca, 28008 Madrid, Spain","4,8",329,—,Abierto,40.4213,-3.7158,https://maps.google.com/?cid=10267291043008779917,http://www.sangpanyasalud.com/,Monday: 12:00–9:30PM | Tuesday: 12:00–9:30PM | Wednesday: 12:00–9:30PM | Thursday: 12:00–9:30PM | Friday: 12:00–9:30PM | Saturday: 12:00–9:30PM | Sunday: 12:00–9:30PM,622 91 24 78,NO,NO
Temple of Debod,"Montañas, Oficinas de turismo, Senderismo","CULTURA OCIO Y NATURALEZA, ESPACIOS DEPORTIVOS, OFICINAS DE TURISMO","C. de Ferraz, 1, Moncloa - Aravaca, 28008 Madrid, Spain","4,4",62756,—,Abierto,40.424,-3.71776,https://maps.google.com/?cid=2119746020307306155,https://www.madrid.es/portales/munimadrid/es/Inicio/Cultura-ocio-y-deporte/Cultura-y-ocio/Templo-de-Debod?vgnextfmt=default&vgnextoid=46caa0d03aa8b010VgnVCM100000d90ca8c0RCRD&vgnextchannel=c937f073808fe410VgnVCM2000000c205a0aRCRD,Monday: Closed | Tuesday: 10:00AM–8:00PM | Wednesday: 10:00AM–8:00PM | Thursday: 10:00AM–8:00PM | Friday: 10:00AM–8:00PM | Saturday: 10:00AM–8:00PM | Sunday: 10:00AM–8:00PM,913 66 74 15,NO,SI
Expoclean S.L.,"Jardines, Parques, Parques naturales",CULTURA OCIO Y NATURALEZA,"C. de Ferraz, 2, 2º I, Moncloa - Aravaca, 28008 Madrid, Spain","3,8",5,—,Abierto,40.4231,-3.71423,https://maps.google.com/?cid=8391035729957631308,http://expoclean.es/,Monday: 8:00AM–6:00PM | Tuesday: 8:00AM–6:00PM | Wednesday: 8:00AM–6:00PM | Thursday: 8:00AM–6:00PM | Friday: 8:00AM–6:00PM | Saturday: Closed | Sunday: Closed,916 55 55 89,NO,NO
JP Madrid Games - Calle de Preciados 32,Casinos,LOCALES DE OCIO NOCTURNO,"C. de Preciados, 32, Centro, 28013 Madrid, Spain",3,14,—,Abierto,40.4197,-3.70641,https://maps.google.com/?cid=314834824661665138,http://madridjpjuegos.es/,Monday: 10:00AM–12:30AM | Tuesday: 10:00AM–12:30AM | Wednesday: 10:00AM–12:30AM | Thursday: 10:00AM–12:30AM | Friday: 10:00AM–12:30AM | Saturday: 10:00AM–12:30AM | Sunday: 10:00AM–12:30AM,,NO,SI
"SIXE | Soluciones de TI integradas, formación y consultoría",Colegios,EDUCACIÓN,"C. de la Alameda, 22, Centro, Centro, 28014 Madrid, Spain",5,1,—,Abierto,40.4105,-3.69395,https://maps.google.com/?cid=4332401531084209533,https://sixe.es/,Monday: 9:00AM–5:00PM | Tuesday: 9:00AM–5:00PM | Wednesday: 9:00AM–5:00PM | Thursday: 9:00AM–5:00PM | Friday: 9:00AM–5:00PM | Saturday: Closed | Sunday: Closed,911 98 02 43,NO,NO
Malababa Santa Teresa,"Joyerías, Zapaterías",TIENDAS,"Calle de Sta. Teresa, 5, Centro, 28004 Madrid, Spain","4,3",53,—,Abierto,40.4258,-3.69575,https://maps.google.com/?cid=5713843958226630215,https://www.malababa.com/es/,"Monday: 10:30AM–3:00PM, 3:30–8:30PM | Tuesday: 10:30AM–3:00PM, 3:30–8:30PM | Wednesday: 10:30AM–3:00PM, 3:30–8:30PM | Thursday: 10:30AM–3:00PM, 3:30–8:30PM | Friday: 10:30AM–3:00PM, 3:30–8:30PM | Saturday: 10:30AM–3:00PM, 3:30–8:30PM | Sunday: Closed",911 12 35 36,NO,NO
SHELL Goya,Gasolineras,GASOLINERAS Y APARCAMIENTOS,"Calle de Goya, 24, Salamanca, 28001 Madrid, Spain","4,1",174,—,Abierto,40.4249,-3.6829,https://maps.google.com/?cid=12998940396544588918,https://www.disagrupo.es/estaciones/peninsula/90553/goya,Monday: Open 24 hours | Tuesday: Open 24 hours | Wednesday: Open 24 hours | Thursday: Open 24 hours | Friday: Open 24 hours | Saturday: Open 24 hours | Sunday: Open 24 hours,682 16 96 34,NO,NO
Palacio de Las Alhajas,"Centros culturales, Museos",CULTURA OCIO Y NATURALEZA,"Pl. de San Martín, 1, Centro, 28013 Madrid, Spain","4,4",1033,—,Abierto,40.4182,-3.70704,https://maps.google.com/?cid=16225015998740808800,,Monday: 10:00AM–8:45PM | Tuesday: 10:00AM–8:45PM | Wednesday: 10:00AM–8:45PM | Thursday: 10:00AM–8:45PM | Friday: 10:00AM–8:45PM | Saturday: 10:00AM–8:45PM | Sunday: 10:00AM–8:45PM,,NO,SI
Capilla Cristo de los Dolores,"Basílicas, Catedrales, Conventos, Ermitas, Iglesias, Monasterios",ESPACIOS RELIGIOSOS,"C. de San Buenaventura, 1, Centro, 28005 Madrid, Spain","4,4",11,—,Abierto,40.4107,-3.71448,https://maps.google.com/?cid=13343912810420487081,http://www.capillacristodoloresvot.org/,,913 65 76 00,NO,SI
IES Beatríz Galindo,Colegios,EDUCACIÓN,"Calle de Goya, 10, Salamanca, 28001 Madrid, Spain",0,0,—,Abierto,40.425,-3.68647,https://maps.google.com/?cid=6446457411743796343,https://www.educa2.madrid.org/web/centro.ies.beatrizgalindo.madrid,,914 31 48 14,NO,SI
Lope de Vega's House-Museum,"Centros culturales, Montañas, Museos, Oficinas de turismo, Senderismo","CULTURA OCIO Y NATURALEZA, ESPACIOS DEPORTIVOS, OFICINAS DE TURISMO","Calle de Cervantes, 11, Centro, 28014 Madrid, Spain","4,7",6125,—,Abierto,40.4143,-3.69745,https://maps.google.com/?cid=9082308774998315390,http://www.casamuseolopedevega.org/,Monday: Closed | Tuesday: 10:00AM–6:00PM | Wednesday: 10:00AM–6:00PM | Thursday: 10:00AM–6:00PM | Friday: 10:00AM–6:00PM | Saturday: 10:00AM–6:00PM | Sunday: 10:00AM–6:00PM,914 29 92 16,NO,NO
Cines Juan Heras S.L.,"Cines, Teatros",CULTURA OCIO Y NATURALEZA,"C. de las Tres Cruces, 12, Centro, 28013 Madrid, Spain",4,2,—,Cerrado temporalmente,40.4197,-3.70252,https://maps.google.com/?cid=11624136974263662145,,,915 23 73 29,NO,NO
Orfila Art Gallery,Galerías de arte,CULTURA OCIO Y NATURALEZA,"C. de Orfila, 3, Chamberí, 28010 Madrid, Spain","4,7",43,—,Abierto,40.4274,-3.69319,https://maps.google.com/?cid=15146758358184709405,http://www.galeriaorfila.com/,"Monday: 6:00–8:30PM | Tuesday: 11:00AM–2:00PM, 6:00–8:30PM | Wednesday: 11:00AM–2:00PM, 6:00–8:30PM | Thursday: 11:00AM–2:00PM, 6:00–8:30PM | Friday: 11:00AM–2:00PM, 6:00–8:30PM | Saturday: 11:00AM–2:00PM | Sunday: Closed",913 19 88 64,NO,NO
MANGO,Tiendas de ropa,TIENDAS,"C. de Preciados, 8, 10, Centro, 28013 Madrid, Spain",4,1634,—,Abierto,40.4177,-3.70437,https://maps.google.com/?cid=5043636854162299638,https://shop.mango.com/es?utm_source=google&utm_medium=organic&utm_campaign=googlemaps,Monday: 10:00AM–10:00PM | Tuesday: 10:00AM–10:00PM | Wednesday: 10:00AM–10:00PM | Thursday: 10:00AM–10:00PM | Friday: 10:00AM–10:00PM | Saturday: 10:00AM–10:00PM | Sunday: 10:00AM–10:00PM,915 99 96 86,NO,SI
Farmacia Alarcón,Farmacias,SALUD,"C. del Duque de Rivas, 3, Centro, 28012 Madrid, Spain","4,6",39,—,Abierto,40.4134,-3.70636,https://maps.google.com/?cid=17423768149779152796,http://www.farmaciaalarcon.com/,"Monday: 9:30AM–2:00PM, 5:00–9:00PM | Tuesday: 9:30AM–2:00PM, 5:00–9:00PM | Wednesday: 9:30AM–2:00PM, 5:00–9:00PM | Thursday: 9:30AM–2:00PM, 5:00–9:00PM | Friday: 9:30AM–2:00PM, 5:00–9:00PM | Saturday: 10:00AM–2:00PM | Sunday: Closed",919 29 04 97,NO,SI
La Cure Gourmande,Panaderías,COMIDA Y BEBIDA,"C. Mayor, 27, Centro, 28012 Madrid, Spain","4,1",293,Moderado,Abierto,40.4161,-3.70713,https://maps.google.com/?cid=15565727854878570155,https://www.instagram.com/lacuregourmandemadrid,Monday: 10:00AM–10:00PM | Tuesday: 10:00AM–10:00PM | Wednesday: 10:00AM–10:00PM | Thursday: 10:00AM–11:00PM | Friday: 10:00AM–11:00PM | Saturday: 10:00AM–11:00PM | Sunday: 10:00AM–10:00PM,910 24 60 94,NO,NO
Iraga Wellness Center,"Piscinas, Spas",ESPACIOS DEPORTIVOS,"C. de Melilla, 43, Local, Arganzuela, 28005 Madrid, Spain","4,6",231,—,Abierto,40.4004,-3.71009,https://maps.google.com/?cid=8979211933841691142,http://www.iraga.es/,Monday: Closed | Tuesday: 10:00AM–8:00PM | Wednesday: 10:00AM–8:00PM | Thursday: 10:00AM–8:00PM | Friday: 10:00AM–8:00PM | Saturday: 10:00AM–2:00PM | Sunday: Closed,914 73 70 49,NO,SI
Tulohaces,Joyerías,TIENDAS,"C. de la Montera, 24, local 12, Centro, 28013 Madrid, Spain","4,3",224,—,Abierto,40.4185,-3.70212,https://maps.google.com/?cid=9264798048794552057,http://www.tulohaces.com/,Monday: 9:00AM–2:30PM | Tuesday: 9:00AM–2:30PM | Wednesday: 9:00AM–2:30PM | Thursday: Closed | Friday: Closed | Saturday: Closed | Sunday: Closed,913 60 49 32,NO,NO
Farmacia,Farmacias,SALUD,"C. de Ferraz, 33, Moncloa - Aravaca, 28008 Madrid, Spain","4,7",11,—,Abierto,40.4282,-3.71952,https://maps.google.com/?cid=14551145758771662625,,Monday: 9:00AM–9:00PM | Tuesday: 9:00AM–9:00PM | Wednesday: 9:00AM–9:00PM | Thursday: 9:00AM–9:00PM | Friday: 9:00AM–9:00PM | Saturday: 10:00AM–2:00PM | Sunday: Closed,915 48 27 44,NO,SI
El Corte Inglés Princesa Edificio 1,Centros comerciales,TIENDAS,"Calle de la Princesa, 56, Centro, 28008 Madrid, Spain","4,2",12965,—,Abierto,40.4297,-3.71548,https://maps.google.com/?cid=1796492037523139362,https://www.elcorteingles.es/centroscomerciales/es/eci/centros/centro-comercial-princesa,Monday: 10:00AM–10:00PM | Tuesday: 10:00AM–10:00PM | Wednesday: 10:00AM–10:00PM | Thursday: 10:00AM–10:00PM | Friday: 10:00AM–10:00PM | Saturday: 10:00AM–10:00PM | Sunday: 11:00AM–9:00PM,914 54 60 00,NO,SI
El Perro de la Parte de Atrás del Coche,Discotecas,LOCALES DE OCIO NOCTURNO,"C. de la Puebla, 15, Centro, 28004 Madrid, Spain","4,3",315,Moderado,Abierto,40.4222,-3.70387,https://maps.google.com/?cid=17183120142380800992,https://www.facebook.com/elperroclubmad/,Monday: Closed | Tuesday: Closed | Wednesday: Closed | Thursday: 10:00PM–3:00AM | Friday: 10:00PM–3:30AM | Saturday: 10:00PM–3:30AM | Sunday: Closed,618 78 30 54,NO,NO
Generación X,Librerías,TIENDAS,"C. de la Puebla, 15, Centro, 28004 Madrid, Spain","4,6",2398,—,Abierto,40.4222,-3.70391,https://maps.google.com/?cid=1917646966536511879,http://www.generacionx.es/,Monday: 10:30AM–8:30PM | Tuesday: 10:30AM–8:30PM | Wednesday: 10:30AM–8:30PM | Thursday: 10:30AM–8:30PM | Friday: 10:30AM–9:00PM | Saturday: 11:00AM–9:00PM | Sunday: 11:30AM–2:30PM,915 21 99 85,NO,NO
Artestilo,"Galerías de arte, Joyerías","CULTURA OCIO Y NATURALEZA, TIENDAS","P.º del Prado, 12, Centro, 28014 Madrid, Spain","4,6",87,—,Abierto,40.4144,-3.69435,https://maps.google.com/?cid=11250553498735161275,https://artestilo.com/,Monday: 10:00AM–8:00PM | Tuesday: 10:00AM–8:00PM | Wednesday: 10:00AM–8:00PM | Thursday: 10:00AM–8:00PM | Friday: 10:00AM–8:00PM | Saturday: 10:00AM–8:00PM | Sunday: Closed,914 29 66 46,NO,SI
Casino de la Reina,Casinos,LOCALES DE OCIO NOCTURNO,"C. del Casino, Centro, 28005 Madrid, Spain","4,4",74,—,Abierto,40.4065,-3.70474,https://maps.google.com/?cid=3799693515629111531,https://www.madrid.es/portales/munimadrid/es/Inicio/Servicios-sociales-y-salud/Centro-Social-Comunitario-Casino-de-la-Reina/?vgnextfmt=default&vgnextoid=086dff20c703b110VgnVCM1000000b205a0aRCRD&vgnextchannel=6b1e31d3b28fe410VgnVCM1000000b205a0aRCRD,Monday: 8:00AM–9:30PM | Tuesday: 8:00AM–9:30PM | Wednesday: 8:00AM–9:30PM | Thursday: 8:00AM–9:30PM | Friday: 8:00AM–9:30PM | Saturday: 10:00AM–9:00PM | Sunday: Closed,915 39 63 10,NO,SI
Church of Holy Cross,"Basílicas, Catedrales, Conventos, Ermitas, Iglesias, Monasterios",ESPACIOS RELIGIOSOS,"C. de Atocha, 6, Centro, 28012 Madrid, Spain","4,6",2601,—,Abierto,40.4146,-3.7052,https://maps.google.com/?cid=4113615719850127983,http://www.parroquiadesantacruz.com/,Monday: 8:30AM–8:30PM | Tuesday: 8:30AM–8:30PM | Wednesday: 8:00AM–9:00PM | Thursday: 8:30AM–8:30PM | Friday: 8:30AM–8:30PM | Saturday: 8:30AM–8:30PM | Sunday: 10:00AM–8:30PM,913 69 12 39,NO,SI
Garden of the Prince of Anglona,"Jardines, Parques, Parques naturales",CULTURA OCIO Y NATURALEZA,"Pl. de la Paja, 6, Centro, 28005 Madrid, Spain","4,3",2662,—,Abierto,40.4135,-3.71144,https://maps.google.com/?cid=11701628553733859565,http://www.esmadrid.com/informacion-turistica/jardines-del-palacio-del-principe-de-anglona,Monday: 10:00AM–10:00PM | Tuesday: 10:00AM–10:00PM | Wednesday: 10:00AM–10:00PM | Thursday: 10:00AM–10:00PM | Friday: 10:00AM–10:00PM | Saturday: 10:00AM–10:00PM | Sunday: 10:00AM–10:00PM,,NO,NO
Libreria Gulliver,Librerías,TIENDAS,"C. del León, 32, Centro, 28014 Madrid, Spain","4,2",43,—,Abierto,40.4128,-3.69939,https://maps.google.com/?cid=9653537892045634577,http://www.librosgulliver.com/,Monday: 10:00AM–7:00PM | Tuesday: 10:00AM–7:00PM | Wednesday: 10:00AM–7:00PM | Thursday: 10:00AM–7:00PM | Friday: 10:00AM–7:00PM | Saturday: Closed | Sunday: Closed,914 29 99 98,NO,NO
Alfonso XII - Jardín Botánico,Estaciones de autobús,TRANSPORTE,"Retiro, 28014 Madrid, Spain","3,5",2,—,Abierto,40.413,-3.68903,https://maps.google.com/?cid=12334215665188432331,,,,NO,NO
Cinnamon Biocentro,"Gimnasios, Supermercados","COMIDA Y BEBIDA, ESPACIOS DEPORTIVOS","C. de Espoz y Mina, 3, Centro, 28012 Madrid, Spain","4,4",64,—,Abierto,40.4162,-3.70224,https://maps.google.com/?cid=17068822886447472887,https://tiendaecologicalacanela.com/,Monday: 9:30AM–8:30PM | Tuesday: 9:30AM–8:30PM | Wednesday: 9:30AM–8:30PM | Thursday: 9:30AM–8:30PM | Friday: 9:30AM–8:30PM | Saturday: 9:30AM–8:30PM | Sunday: 9:30AM–8:30PM,915 31 49 04,NO,SI
National Museum of Decorative Arts,"Centros culturales, Museos",CULTURA OCIO Y NATURALEZA,"C. de Montalbán, 12, Retiro, 28014 Madrid, Spain","4,3",2850,—,Abierto,40.4179,-3.6898,https://maps.google.com/?cid=3737803640248345820,https://www.cultura.gob.es/mnartesdecorativas/portada.html,"Monday: Closed | Tuesday: 9:30AM–3:00PM | Wednesday: 9:30AM–3:00PM | Thursday: 9:30AM–3:00PM, 5:00–8:00PM | Friday: 9:30AM–3:00PM | Saturday: 9:30AM–3:00PM | Sunday: 10:00AM–3:00PM",915 32 64 99,NO,SI
Monument to Alfonso XII,"Jardines, Parques, Parques naturales",CULTURA OCIO Y NATURALEZA,"Monumento Alfonso XII, Parque del Retiro, Pl. de la Independencia, s/n, Retiro, 28001 Madrid, Spain","4,7",3094,—,Abierto,40.4173,-3.68306,https://maps.google.com/?cid=12848879450864030311,https://www.esmadrid.com/informacion-turistica/estanque-grande-de-el-retiro,Monday: 6:00AM–10:00PM | Tuesday: 6:00AM–10:00PM | Wednesday: 6:00AM–10:00PM | Thursday: 6:00AM–10:00PM | Friday: 6:00AM–10:00PM | Saturday: 6:00AM–10:00PM | Sunday: 6:00AM–10:00PM,,NO,SI
Lens School of Visual Arts,Universidades,EDUCACIÓN,"P.º de la Esperanza, 5, Arganzuela, 28005 Madrid, Spain","4,9",215,—,Abierto,40.4033,-3.70593,https://maps.google.com/?cid=12751627621295125601,http://lensescuela.es/,Monday: 10:00AM–8:30PM | Tuesday: 10:00AM–8:30PM | Wednesday: 10:00AM–8:30PM | Thursday: 10:00AM–8:30PM | Friday: 10:00AM–8:30PM | Saturday: Closed | Sunday: Closed,637 83 70 04,NO,SI
Nine Fitness Acacias,Gimnasios,ESPACIOS DEPORTIVOS,"P.º de las Acacias, 3, 5, Arganzuela, 28005 Madrid, Spain","4,5",523,—,Abierto,40.4044,-3.70374,https://maps.google.com/?cid=5994271495091153232,http://www.ninefitness.es/acacias,Monday: 7:00AM–10:30PM | Tuesday: 7:00AM–10:30PM | Wednesday: 7:00AM–10:30PM | Thursday: 7:00AM–10:30PM | Friday: 7:00AM–10:30PM | Saturday: 9:00AM–4:00PM | Sunday: 10:00AM–3:00PM,911 82 31 74,NO,SI
Lorna Santiago,"Cines, Teatros",CULTURA OCIO Y NATURALEZA,"C. de la Sombrerería, 8, Centro, 28012 Madrid, Spain",0,0,—,Abierto,40.4073,-3.69952,https://maps.google.com/?cid=14618935570821645737,https://lornasantiago.my.canva.site/,,627 90 26 90,NO,NO
Curiosite Regalos Originales,"Mercados, Perfumerías, Tiendas","COMIDA Y BEBIDA, TIENDAS","Corre. Alta de San Pablo, 28, Centro, 28004 Madrid, Spain","4,4",1838,—,Abierto,40.4263,-3.70166,https://maps.google.com/?cid=13591345858815202089,https://www.curiosite.es/,"Monday: 11:00AM–9:00PM | Tuesday: 11:00AM–9:00PM | Wednesday: 11:00AM–9:00PM | Thursday: 11:00AM–9:00PM | Friday: 11:00AM–9:00PM | Saturday: 11:00AM–9:00PM | Sunday: 12:00–3:00PM, 4:00–8:00PM",911 41 33 05,NO,SI
oposfarma,Ayuntamientos,GOBIERNO,"C. de Martín de los Heros, Moncloa - Aravaca, 28008 Madrid, Spain",5,14,—,Abierto,40.4268,-3.71763,https://maps.google.com/?cid=9368050459283620249,http://www.oposfarma.com/,Monday: 9:00AM–9:00PM | Tuesday: 9:00AM–9:00PM | Wednesday: 9:00AM–9:00PM | Thursday: 9:00AM–9:00PM | Friday: 9:00AM–9:00PM | Saturday: Closed | Sunday: Closed,650 86 30 26,NO,SI
San Fernando Fine Art Royal Academy,"Centros culturales, Montañas, Museos, Oficinas de turismo, Senderismo","CULTURA OCIO Y NATURALEZA, ESPACIOS DEPORTIVOS, OFICINAS DE TURISMO","C. Alcalá, 13, Centro, 28014 Madrid, Spain","4,6",4096,—,Cerrado temporalmente,40.4177,-3.70065,https://maps.google.com/?cid=10325977074343090266,https://www.realacademiabellasartessanfernando.com/,,915 24 08 64,NO,SI
Repsol gas station Alberto Aguilera,Gasolineras,GASOLINERAS Y APARCAMIENTOS,"C. de Alberto Aguilera, 9, Centro, 28015 Madrid, Spain","4,1",797,—,Abierto,40.4295,-3.70832,https://maps.google.com/?cid=10069559976469496898,https://www.repsol.es/buscador-eess-y-puntos-de-recarga/madrid/madrid/cl-alberto-aguilera-9/,Monday: Open 24 hours | Tuesday: Open 24 hours | Wednesday: Open 24 hours | Thursday: Open 24 hours | Friday: Open 24 hours | Saturday: Open 24 hours | Sunday: Open 24 hours,914 47 39 16,NO,NO
OXO Museo del Videojuego Madrid,"Centros culturales, Museos",CULTURA OCIO Y NATURALEZA,"C. del Postigo de San Martín, 8, Centro, Centro, 28013 Madrid, Spain","4,7",815,—,Abierto,40.4192,-3.70589,https://maps.google.com/?cid=12141839538739661855,https://oxomuseomadrid.com/,Monday: 11:00AM–10:00PM | Tuesday: 11:00AM–10:00PM | Wednesday: 11:00AM–10:00PM | Thursday: 11:00AM–10:00PM | Friday: 11:00AM–11:00PM | Saturday: 11:00AM–11:00PM | Sunday: 11:00AM–10:00PM,620 30 79 17,NO,SI
ICON Wipton,"Restaurantes, Tapas, Vegano, Vegetariano",COMIDA Y BEBIDA,"C. de Jorge Juan, 17, Salamanca, 28001 Madrid, Spain","4,5",658,—,Abierto,40.424,-3.68541,https://maps.google.com/?cid=972672692969250506,https://www.iconwipton.com/en/?utm_source=google&utm_medium=organic&utm_campaign=MyBusiness&utm_content=AGA&origin_source=google&origin_medium=organic&origin_campaign=MyBusiness,,914 35 54 11,NO,SI
Empireo Diagnóstico Molecular,Hospitales,SALUD,"Calle de Fuencarral, 127, Piso 1 derecha, Chamberí, 28010 Madrid, Spain","4,6",47,—,Abierto,40.431,-3.70349,https://maps.google.com/?cid=17284650855593421428,http://www.empireo.es/,Monday: 9:00AM–7:45PM | Tuesday: 9:00AM–7:45PM | Wednesday: 9:00AM–7:45PM | Thursday: 9:00AM–7:45PM | Friday: 9:00AM–7:45PM | Saturday: Closed | Sunday: Closed,915 91 63 13,NO,SI
Ballet Flamenco de Madrid,"Montañas, Oficinas de turismo, Senderismo","CULTURA OCIO Y NATURALEZA, ESPACIOS DEPORTIVOS, OFICINAS DE TURISMO","Pl. del Carmen, 1, Centro, 28013 Madrid, Spain","4,5",31,—,Abierto,40.4184,-3.70323,https://maps.google.com/?cid=2090240625545448780,http://www.balletflamencodemadrid.com/,"Monday: 10:00AM–2:00PM, 4:00–8:00PM | Tuesday: 10:00AM–2:00PM, 4:00–8:00PM | Wednesday: 10:00AM–2:00PM, 4:00–8:00PM | Thursday: 10:00AM–2:00PM, 4:00–8:00PM | Friday: 10:00AM–2:00PM, 4:00–8:00PM | Saturday: Closed | Sunday: Closed",915 22 79 03,NO,NO
Mezquita Al-Huda,Mezquitas,ESPACIOS RELIGIOSOS,"Calle de la Magdalena, 25, Centro, 28012 Madrid, Spain","4,7",136,—,Abierto,40.4125,-3.70059,https://maps.google.com/?cid=9787601534049061738,,Monday: 6:45AM–8:15PM | Tuesday: 6:45AM–8:15PM | Wednesday: 6:45AM–8:15PM | Thursday: 6:45AM–8:15PM | Friday: 6:45AM–8:15PM | Saturday: 6:45AM–8:15PM | Sunday: 6:45AM–8:15PM,,NO,NO
Puerta del Sol,"Montañas, Oficinas de turismo, Senderismo","CULTURA OCIO Y NATURALEZA, ESPACIOS DEPORTIVOS, OFICINAS DE TURISMO","Prta del Sol, s/n, Centro, 28013 Madrid, Spain","4,6",171244,—,Abierto,40.4169,-3.70352,https://maps.google.com/?cid=14898647422061172475,,Monday: Open 24 hours | Tuesday: Open 24 hours | Wednesday: Open 24 hours | Thursday: Open 24 hours | Friday: Open 24 hours | Saturday: Open 24 hours | Sunday: Open 24 hours,,NO,SI
Museo Reina Sofía,Estaciones de autobús,TRANSPORTE,"Centro, 28012 Madrid, Spain","4,3",23,—,Abierto,40.4078,-3.69339,https://maps.google.com/?cid=11410317804016587449,,,,NO,SI
El Rastro,Estaciones de autobús,TRANSPORTE,"Centro, 28005 Madrid, Spain","4,4",69,—,Abierto,40.406,-3.70766,https://maps.google.com/?cid=8444511678262739078,,,,NO,SI
Hontanares,Aparcamientos,GASOLINERAS Y APARCAMIENTOS,"C. de Sevilla, 6, Centro, 28014 Madrid, Spain","3,6",1850,Moderado,Abierto,40.4172,-3.69982,https://maps.google.com/?cid=632353302229921476,https://hontanares.shop/,Monday: 8:00AM–12:00AM | Tuesday: 8:00AM–12:00AM | Wednesday: 8:00AM–12:00AM | Thursday: 8:00AM–12:00AM | Friday: 8:00AM–12:00AM | Saturday: 8:00AM–12:00AM | Sunday: 8:00AM–12:00AM,915 21 17 47,SI,SI
semipúblico Garden,"Jardines, Parques, Parques naturales",CULTURA OCIO Y NATURALEZA,"C. del Sacramento, 7, Centro, Centro, Centro, 28005 Madrid, Spain",4,1,—,Abierto,40.4146,-3.71178,https://maps.google.com/?cid=16354394990260905840,,,,NO,NO
National Museum of Anthropology,"Centros culturales, Museos",CULTURA OCIO Y NATURALEZA,"C. de Alfonso XII, 68, Retiro, 28014 Madrid, Spain","4,3",4222,—,Abierto,40.4076,-3.68892,https://maps.google.com/?cid=7452216402259181721,http://www.culturaydeporte.gob.es/mnantropologia/portada.html,Monday: Closed | Tuesday: 9:30AM–8:00PM | Wednesday: 9:30AM–8:00PM | Thursday: 9:30AM–8:00PM | Friday: 9:30AM–8:00PM | Saturday: 9:30AM–8:00PM | Sunday: 10:00AM–3:00PM,915 30 64 18,NO,SI
Paseo del Prado pharmacy,Farmacias,SALUD,"P.º del Prado, 26, Centro, 28014 Madrid, Spain","3,9",78,—,Abierto,40.4121,-3.6934,https://maps.google.com/?cid=465172802794035463,https://www.instagram.com/farmaciaprado26/?igsh=MWJ4NjY2NXNseHVsZg%3D%3D,Monday: 9:30AM–9:30PM | Tuesday: 9:30AM–9:30PM | Wednesday: 9:30AM–9:30PM | Thursday: 9:30AM–9:30PM | Friday: 9:30AM–9:30PM | Saturday: 9:30AM–9:30PM | Sunday: 9:30AM–9:30PM,914 20 22 63,NO,SI
Unique Casino (Online),Casinos,LOCALES DE OCIO NOCTURNO,"C. de Linneo, Arganzuela, 28005 Madrid, Spain",1,2,—,Abierto,40.4132,-3.72029,https://maps.google.com/?cid=14690551787518982718,https://uniquecasino.fun/,Monday: Open 24 hours | Tuesday: Open 24 hours | Wednesday: Open 24 hours | Thursday: Open 24 hours | Friday: Open 24 hours | Saturday: Open 24 hours | Sunday: Open 24 hours,,NO,NO
El Jardín Secreto Madrid,"Bares, Cafés, Cervecerías, Coctelerías, Mercados, Perfumerías, Tiendas","COMIDA Y BEBIDA, LOCALES DE OCIO NOCTURNO, TIENDAS","C. del Conde Duque, 2, Centro, 28015 Madrid, Spain","4,3",4559,Moderado,Abierto,40.4258,-3.7115,https://maps.google.com/?cid=15259043437900756260,https://www.eljardinsecretomadrid.es/,Monday: 5:30PM–1:30AM | Tuesday: 5:30PM–1:00AM | Wednesday: 5:30PM–1:30AM | Thursday: 5:30PM–1:30AM | Friday: 6:00PM–2:00AM | Saturday: 6:00PM–2:00AM | Sunday: 1:00PM–1:30AM,915 41 80 23,SI,NO
Trajes Guzmán,Tiendas de ropa,TIENDAS,"C. de Alberto Aguilera, 16, Chamberí, 28015 Madrid, Spain","4,7",938,—,Abierto,40.4299,-3.70819,https://maps.google.com/?cid=18102506447160938259,https://www.trajesguzman.com/,"Monday: 10:00AM–2:00PM, 5:00–8:00PM | Tuesday: 10:00AM–2:00PM, 5:00–8:00PM | Wednesday: 10:00AM–2:00PM, 5:00–8:00PM | Thursday: 10:00AM–2:00PM, 5:00–8:00PM | Friday: 10:00AM–2:00PM, 5:00–8:00PM | Saturday: 10:00AM–2:00PM | Sunday: Closed",914 48 92 25,NO,NO
New York University,Universidades,EDUCACIÓN,"C. del Barquillo, 13, Centro, 28004 Madrid, Spain","4,7",11,—,Abierto,40.4213,-3.69574,https://maps.google.com/?cid=9799329948725633211,http://www.nyu.edu/global/global-academic-centers/madrid.html,,919 04 42 52,NO,NO
"Unna Life | Yoga, meditación, ayúrveda y más...","Piscinas, Spas",ESPACIOS DEPORTIVOS,"C. del Monte Esquinza, 44, Bajo Dcha, Chamberí, 28010 Madrid, Spain","4,8",46,—,Abierto,40.4311,-3.69152,https://maps.google.com/?cid=8980681947472390095,http://www.unna-life.com/,Monday: 10:00AM–9:00PM | Tuesday: 10:00AM–9:00PM | Wednesday: 10:00AM–9:00PM | Thursday: 10:00AM–9:00PM | Friday: 10:00AM–9:00PM | Saturday: Closed | Sunday: Closed,655 04 52 51,NO,NO
Tío Pepe,"Montañas, Oficinas de turismo, Senderismo","CULTURA OCIO Y NATURALEZA, ESPACIOS DEPORTIVOS, OFICINAS DE TURISMO","Prta del Sol, 11, Centro, 28013 Madrid, Spain","4,6",360,—,Abierto,40.4172,-3.70375,https://maps.google.com/?cid=3371054752615420221,https://www.tiopepe.com/es-es/inicio,Monday: Open 24 hours | Tuesday: Open 24 hours | Wednesday: Open 24 hours | Thursday: Open 24 hours | Friday: Open 24 hours | Saturday: Open 24 hours | Sunday: Open 24 hours,956 35 70 16,NO,SI
Taberna de La Daniela Medinaceli,"Bares, Cervecerías, Coctelerías, Restaurantes, Tapas, Vegano, Vegetariano","COMIDA Y BEBIDA, LOCALES DE OCIO NOCTURNO","Pl. de Jesús, 7, Centro, 28014 Madrid, Spain",4,2597,Moderado,Abierto,40.4141,-3.69581,https://maps.google.com/?cid=11074171896359536483,https://www.tabernadeladaniela.com/nuestras-danielas/#ladanielamedinaceli,"Monday: 1:00–5:00PM, 8:00PM–12:00AM | Tuesday: 1:00–5:00PM, 8:00PM–12:00AM | Wednesday: 1:00–5:00PM, 8:00PM–12:00AM | Thursday: 1:00–5:00PM, 8:00PM–12:00AM | Friday: 1:00–5:00PM, 8:00PM–12:00AM | Saturday: 1:00–5:00PM, 8:00PM–12:00AM | Sunday: 1:00–5:00PM, 8:00PM–12:00AM",913 89 62 38,SI,NO
Rodando Experience,"Cines, Teatros",CULTURA OCIO Y NATURALEZA,"Gran Vía, 46, Centro, 28013 Madrid, Spain",0,0,—,Abierto,40.4205,-3.70603,https://maps.google.com/?cid=17023240857858685129,,,,NO,SI
Masaje Californiano Lourdes Olaizola,"Piscinas, Spas",ESPACIOS DEPORTIVOS,"C. de Pablo Casals, 14, Latina, 28011 Madrid, Spain","4,8",95,—,Abierto,40.4097,-3.72531,https://maps.google.com/?cid=14909688687317289334,http://www.masajecaliforniano.es/,Monday: 9:00AM–8:00PM | Tuesday: 9:00AM–8:00PM | Wednesday: 9:00AM–8:00PM | Thursday: 9:00AM–8:00PM | Friday: 9:00AM–8:00PM | Saturday: 8:00AM–3:00PM | Sunday: Closed,608 40 30 96,NO,NO
Palacio de los Duques Gran Meliá - The Leading Hotels of the World,"Albergues, Apartamentos turísticos, Campos de golf, Hostales, Hoteles, Templos budistas","ALOJAMIENTOS, ESPACIOS DEPORTIVOS, ESPACIOS RELIGIOSOS","Cuesta de Sto. Domingo, 5, Centro, 28013 Madrid, Spain","4,7",2367,—,Abierto,40.4197,-3.70967,https://maps.google.com/?cid=10942593324970147014,https://www.melia.com/en/hotels/spain/madrid/palacio-de-los-duques-gran-melia?utm_campaign=google&utm_content=2810&utm_medium=organic&utm_source=directories,,915 41 67 00,NO,SI
Librería Iberoamericana,Librerías,TIENDAS,"C. de las Huertas, 40, Centro, 28014 Madrid, Spain","4,6",58,—,Abierto,40.4133,-3.69753,https://maps.google.com/?cid=15889801716904216555,https://www.iberoamericana-vervuert.es/Libreria.aspx,Monday: 10:00AM–6:00PM | Tuesday: 10:00AM–6:00PM | Wednesday: 10:00AM–6:00PM | Thursday: 10:00AM–6:00PM | Friday: 10:00AM–6:00PM | Saturday: 10:00AM–2:00PM | Sunday: Closed,913 60 12 29,NO,NO
Comillas Pontifical University Library,Bibliotecas,EDUCACIÓN,"C. de Sta. Cruz de Marcenado, 25, Centro, 28015 Madrid, Spain","3,6",21,—,Abierto,40.4297,-3.71237,https://maps.google.com/?cid=6124692244048552793,http://www.comillas.edu/biblioteca,Monday: 8:00AM–9:00PM | Tuesday: 8:00AM–9:00PM | Wednesday: 8:00AM–9:00PM | Thursday: 8:00AM–9:00PM | Friday: 8:00AM–9:00PM | Saturday: Closed | Sunday: Closed,915 42 28 00,NO,SI
Ocho y Medio Cinema Books Bar,"Cines, Librerías, Teatros","CULTURA OCIO Y NATURALEZA, TIENDAS","C. de Martín de los Heros, 11, Moncloa - Aravaca, 28008 Madrid, Spain","4,5",1414,—,Abierto,40.4245,-3.71375,https://maps.google.com/?cid=14575419827066207446,http://ochoymediolibrosdecine.es/,Monday: 11:00AM–11:00PM | Tuesday: 11:00AM–11:00PM | Wednesday: 11:00AM–11:00PM | Thursday: 11:00AM–11:30PM | Friday: 11:00AM–11:30PM | Saturday: 12:00PM–12:00AM | Sunday: 4:00–10:00PM,915 59 06 28,NO,NO
Supermercados Dia,"Panaderías, Supermercados",COMIDA Y BEBIDA,"Calle de San Andrés, 12, Centro, 28004 Madrid, Spain","3,6",314,—,Abierto,40.4265,-3.70361,https://maps.google.com/?cid=8213469733871359079,http://www.dia.es/compra-online/,Monday: 9:00AM–9:30PM | Tuesday: 9:00AM–9:30PM | Wednesday: 9:00AM–9:30PM | Thursday: 9:00AM–9:30PM | Friday: 9:00AM–9:30PM | Saturday: 9:00AM–9:30PM | Sunday: 10:00AM–10:00PM,912 17 04 53,NO,SI
Gion,Tiendas de ropa,TIENDAS,"C. del Barquillo, 18, Centro, 28004 Madrid, Spain","4,3",49,—,Abierto,40.4216,-3.69561,https://maps.google.com/?cid=9255792200304276311,https://www.unnjapan.com/,"Monday: 11:00AM–2:00PM, 5:00–8:00PM | Tuesday: 11:00AM–2:00PM, 5:00–8:00PM | Wednesday: 11:00AM–2:00PM, 5:00–8:00PM | Thursday: 11:00AM–2:00PM, 5:00–8:00PM | Friday: 11:00AM–2:00PM, 5:00–8:00PM | Saturday: 11:00AM–3:00PM, 4:00–8:00PM | Sunday: Closed",915 23 97 26,NO,NO
"Mandarin Oriental Ritz, Madrid","Albergues, Apartamentos turísticos, Hostales, Hoteles, Piscinas, Spas","ALOJAMIENTOS, ESPACIOS DEPORTIVOS","Pl. de la Lealtad, 5, Retiro, 28014 Madrid, Spain","4,7",4078,—,Abierto,40.4157,-3.6926,https://maps.google.com/?cid=13383471427488719236,https://www.mandarinoriental.com/en/madrid/hotel-ritz?src=loc.local_listing.rzmad.ggl,,917 01 67 67,NO,SI
Aplauso,Zapaterías,TIENDAS,"C. Mayor, 8, Centro, 28013 Madrid, Spain","4,3",59,—,Abierto,40.4164,-3.70586,https://maps.google.com/?cid=15671025809098380969,https://aplauso.es/?utm_source=seolocal&utm_medium=business&utm_campaign=ubicacion_mayor,Monday: 10:00AM–9:30PM | Tuesday: 10:00AM–9:30PM | Wednesday: 10:00AM–9:30PM | Thursday: 10:00AM–9:30PM | Friday: 10:00AM–9:30PM | Saturday: 10:00AM–9:30PM | Sunday: 11:00AM–9:00PM,913 65 45 96,NO,NO
Oegam PRL,Clínicas,SALUD,"C. de Jacometrezo, 3, Centro, 28013 Madrid, Spain",4,1,—,Abierto,40.42,-3.7067,https://maps.google.com/?cid=7624850153333338750,http://oegamprl.es/,,911 92 00 38,NO,SI
Librería Biblioteca de Alejandría,Bibliotecas,EDUCACIÓN,"C. de Sta. Isabel, 7, Centro, 28012 Madrid, Spain","4,7",24,—,Cerrado temporalmente,40.4111,-3.69849,https://maps.google.com/?cid=16413672554979973182,http://www.labibliotecadealejandria.es/,,919 47 69 96,NO,NO
Basketspirit Basketball,"Mercados, Perfumerías, Tiendas","COMIDA Y BEBIDA, TIENDAS","Cl. del Marqués de Sta. Ana, 14, 1°A, Centro, Centro, 28004 Madrid, Spain","4,5",166,—,Abierto,40.4244,-3.70483,https://maps.google.com/?cid=11754020189410500149,http://www.basketspirit.com/,"Monday: 11:00AM–2:00PM, 4:30–8:00PM | Tuesday: 11:00AM–2:00PM, 4:30–8:00PM | Wednesday: 11:00AM–2:00PM, 4:30–8:00PM | Thursday: 11:00AM–2:00PM, 4:30–8:00PM | Friday: 11:00AM–3:00PM | Saturday: 10:00AM–1:45PM | Sunday: Closed",915 22 36 62,NO,NO
ÁFRICA SA.,"Cines, Teatros",CULTURA OCIO Y NATURALEZA,"C. SOL, Centro, 28005 Madrid, Spain",0,0,—,Abierto,40.4166,-3.70607,https://maps.google.com/?cid=8994660926243479347,https://www.kickstarter.com/projects/lafragua/africa-sa-short-film,,634 52 40 49,NO,NO
Parish Church of Saint Barbara,"Basílicas, Catedrales, Conventos, Ermitas, Iglesias, Monasterios, Montañas, Oficinas de turismo, Senderismo","CULTURA OCIO Y NATURALEZA, ESPACIOS DEPORTIVOS, ESPACIOS RELIGIOSOS, OFICINAS DE TURISMO","Calle del Gral. Castaños, 2, Centro, 28004 Madrid, Spain","4,6",1783,—,Abierto,40.4245,-3.69382,https://maps.google.com/?cid=13511606285607466905,https://parroquiadesantabarbara.com/,"Monday: 9:00AM–1:00PM, 5:30–8:00PM | Tuesday: 9:00AM–1:00PM, 5:30–8:00PM | Wednesday: 9:00AM–1:00PM, 5:30–8:00PM | Thursday: 9:00AM–1:00PM, 5:30–8:00PM | Friday: 9:00AM–1:00PM, 5:30–8:00PM | Saturday: 10:00AM–1:00PM, 6:00–8:30PM | Sunday: 10:00AM–1:00PM, 6:00–8:30PM",913 19 48 11,NO,SI
universidad complutense,Universidades,EDUCACIÓN,"Centro, 28013 Madrid, Spain","3,4",5,—,Abierto,40.4167,-3.70379,https://maps.google.com/?cid=9096349480067402718,,,,NO,SI
Consulate of Jamaica,"Consulados, Embajadas",GOBIERNO,"C. de Zurbarán, 14, Bajo Dcha, Chamberí, 28010 Madrid, Spain","3,7",3,—,Cerrado temporalmente,40.4293,-3.69261,https://maps.google.com/?cid=2449130751481524832,http://www.consulatejamaicaspain.com/,,915 76 61 38,NO,NO
Generación X,Librerías,TIENDAS,"C. de Carranza, 25, Centro, 28004 Madrid, Spain","4,7",1939,—,Abierto,40.4293,-3.70497,https://maps.google.com/?cid=12655480209390945865,http://www.generacionx.es/,"Monday: 10:30AM–2:30PM, 4:30–8:30PM | Tuesday: 10:30AM–2:30PM, 4:30–8:30PM | Wednesday: 10:30AM–2:30PM, 4:30–8:30PM | Thursday: 10:30AM–2:30PM, 4:30–8:30PM | Friday: 10:30AM–9:00PM | Saturday: 11:00AM–9:00PM | Sunday: Closed",914 47 07 46,NO,SI
Matador,"Bares, Cervecerías, Coctelerías","COMIDA Y BEBIDA, LOCALES DE OCIO NOCTURNO","C. de la Cruz, 39, Centro, 28012 Madrid, Spain","4,6",3418,Barato,Abierto,40.4146,-3.70285,https://maps.google.com/?cid=5349439298433831629,,Monday: 12:30PM–2:00AM | Tuesday: 12:30PM–2:00AM | Wednesday: 12:30PM–2:00AM | Thursday: 12:30PM–2:00AM | Friday: 12:30PM–2:30AM | Saturday: 12:30PM–2:30AM | Sunday: 12:30PM–2:00AM,,NO,NO
IPSIA Psicología,Clínicas,SALUD,"Gran Vía, 59, Centro, 28013 Madrid, Spain","4,9",330,—,Abierto,40.422,-3.70907,https://maps.google.com/?cid=10188755138076766568,http://www.psicologosmadrid-ipsia.com/,Monday: 9:00AM–10:00PM | Tuesday: 9:00AM–10:00PM | Wednesday: 9:00AM–10:00PM | Thursday: 9:00AM–10:00PM | Friday: 9:00AM–10:00PM | Saturday: 9:00AM–10:00PM | Sunday: Closed,605 81 85 78,NO,NO
Diana Pérez Villanueva Abogada,Aeropuertos,TRANSPORTE,"C. de Barceló, 1, Centro, 28004 Madrid, Spain","4,7",92,—,Abierto,40.4264,-3.70108,https://maps.google.com/?cid=10229108498819562444,https://www.dpvestudiojuridico.com/,Monday: Open 24 hours | Tuesday: Open 24 hours | Wednesday: Open 24 hours | Thursday: Open 24 hours | Friday: Open 24 hours | Saturday: Open 24 hours | Sunday: Open 24 hours,616 88 90 79,NO,NO
Druni Perfumerías ®,Gimnasios,ESPACIOS DEPORTIVOS,"Gran Vía, 61, Centro, 28013 Madrid, Spain",4,2424,—,Abierto,40.4224,-3.70964,https://maps.google.com/?cid=18015827477307033917,https://www.druni.es/?utm_campaign=localistico&utm_medium=342&utm_source=google_gmb,Monday: 10:00AM–10:00PM | Tuesday: 10:00AM–10:00PM | Wednesday: 10:00AM–10:00PM | Thursday: 10:00AM–10:00PM | Friday: 10:00AM–10:00PM | Saturday: 10:00AM–10:00PM | Sunday: 11:00AM–10:00PM,697 43 48 74,NO,SI
Petit Palace Chueca,"Albergues, Apartamentos turísticos, Cafés, Campos de golf, Hostales, Hoteles, Mercados, Perfumerías, Restaurantes, Tapas, Templos budistas, Tiendas, Vegano, Vegetariano","ALOJAMIENTOS, COMIDA Y BEBIDA, ESPACIOS DEPORTIVOS, ESPACIOS RELIGIOSOS, TIENDAS","C/ de Hortaleza, 3, Centro, 28004 Madrid, Spain","4,4",1515,—,Abierto,40.4203,-3.7011,https://maps.google.com/?cid=2194330824727992274,https://www.petitpalacechueca.com/en/?utm_source=google&utm_medium=organic&utm_campaign=MyBusiness&utm_content=DUC&origin_source=google&origin_medium=organic&origin_campaign=MyBusiness,,915 21 10 43,NO,SI
Brotherhood of Gypsies,"Basílicas, Catedrales, Conventos, Ermitas, Iglesias, Monasterios",ESPACIOS RELIGIOSOS,"C. del Carmen, 10, Centro, 28013 Madrid, Spain","4,3",46,—,Abierto,40.418,-3.70387,https://maps.google.com/?cid=17278573008226026805,http://www.hermandadlosgitanosmadrid.es/,,635 78 54 53,NO,SI
Iglesia de San Jerónimo el Real,"Basílicas, Catedrales, Conventos, Ermitas, Iglesias, Monasterios, Montañas, Oficinas de turismo, Senderismo","CULTURA OCIO Y NATURALEZA, ESPACIOS DEPORTIVOS, ESPACIOS RELIGIOSOS, OFICINAS DE TURISMO","C. de Moreto, 4, Retiro, 28014 Madrid, Spain","4,6",2307,—,Abierto,40.4145,-3.69098,https://maps.google.com/?cid=5796969913236391874,https://www.parroquiasanjeronimoelreal.es/,,914 20 30 78,NO,SI
Iglesia Evangélica Cuerpo de Cristo,"Basílicas, Catedrales, Conventos, Ermitas, Iglesias, Monasterios",ESPACIOS RELIGIOSOS,"C. de Don Pedro, 10, Centro, 28004 Madrid, Spain","4,9",8,—,Abierto,40.4116,-3.71273,https://maps.google.com/?cid=1826624834542743903,http://cuerpodecristo.es/,Monday: Closed | Tuesday: Closed | Wednesday: Closed | Thursday: 7:30–9:15PM | Friday: Closed | Saturday: 5:30–7:30PM | Sunday: 11:45AM–2:30PM,646 11 07 84,NO,SI
La Merced,Librerías,TIENDAS,"C. de los Libreros, 5, Centro, 28004 Madrid, Spain","4,3",12,—,Abierto,40.4218,-3.70651,https://maps.google.com/?cid=65638312453370800,,"Monday: 9:30AM–2:00PM, 4:30–8:00PM | Tuesday: 9:30AM–2:00PM, 4:30–8:00PM | Wednesday: 9:30AM–2:00PM, 4:30–8:00PM | Thursday: 9:00AM–2:00PM, 4:30–8:00PM | Friday: 9:00AM–2:00PM, 4:30–8:00PM | Saturday: 9:30AM–2:00PM, 5:00–8:00PM | Sunday: Closed",915 31 68 78,NO,NO
Pasaje Comercial,Centros comerciales,TIENDAS,"Platea Madrid, Calle de Goya, 5, Salamanca, 28001 Madrid, Spain","3,8",8,—,Abierto,40.4258,-3.68895,https://maps.google.com/?cid=2104190419748804190,,Monday: 9:30AM–9:00PM | Tuesday: 9:30AM–9:00PM | Wednesday: 9:30AM–9:00PM | Thursday: 9:30AM–9:00PM | Friday: 9:30AM–9:00PM | Saturday: 9:30AM–9:00PM | Sunday: 12:30–3:00PM,,NO,SI
Celicioso Callao,Cafés,COMIDA Y BEBIDA,"Hotel Florida, Pl. del Callao, 2, 9º planta, Centro, 28013 Madrid, Spain",4,1474,Moderado,Abierto,40.4195,-3.70492,https://maps.google.com/?cid=779743252165265368,http://www.celicioso.shop/,Monday: 10:00AM–9:00PM | Tuesday: 10:00AM–9:00PM | Wednesday: 10:00AM–9:00PM | Thursday: 10:00AM–9:00PM | Friday: 10:00AM–9:00PM | Saturday: 10:00AM–9:00PM | Sunday: 10:00AM–9:00PM,915 31 25 94,NO,SI
Opera Gym,Gimnasios,ESPACIOS DEPORTIVOS,"C. de Fomento, 3, Centro, 28013 Madrid, Spain","4,7",102,—,Abierto,40.4201,-3.70963,https://maps.google.com/?cid=13489963808199183188,https://instagram.com/operagym,Monday: 7:00AM–11:00PM | Tuesday: 7:00AM–11:00PM | Wednesday: 7:00AM–11:00PM | Thursday: 7:00AM–11:00PM | Friday: 7:00AM–11:00PM | Saturday: 10:00AM–3:00PM | Sunday: 10:00AM–3:00PM,915 47 26 68,NO,NO
Capoeira Madrid Ginga Menino,Gimnasios,ESPACIOS DEPORTIVOS,"C. de la Montera, 24, 2ª planta , puerta B, Centro, 28013 Madrid, Spain",5,68,—,Abierto,40.4185,-3.70193,https://maps.google.com/?cid=6540941709839840664,https://capoeiragingamenino.altervista.org/,Monday: 7:00–9:00PM | Tuesday: Closed | Wednesday: 6:00–9:00PM | Thursday: Closed | Friday: 7:00–8:00PM | Saturday: Closed | Sunday: Closed,686 02 62 34,NO,SI
Innova Ocular,Clínicas,SALUD,"C. Alcalá, 20, Centro, 28014 Madrid, Spain",0,0,—,Abierto,40.4175,-3.69895,https://maps.google.com/?cid=9384183526353063090,http://www.innovaocular.com/,Monday: 9:00AM–6:00PM | Tuesday: 9:00AM–6:00PM | Wednesday: 9:00AM–6:00PM | Thursday: 9:00AM–6:00PM | Friday: 9:00AM–3:00PM | Saturday: Closed | Sunday: Closed,914 11 96 71,NO,SI
Danish Embassy,"Consulados, Embajadas",GOBIERNO,"C. de Serrano, 26, 7º, Salamanca, 28001 Madrid, Spain","2,7",53,—,Abierto,40.4242,-3.68783,https://maps.google.com/?cid=14752502090445612536,https://spanien.um.dk/es,Monday: 10:00AM–2:00PM | Tuesday: 10:00AM–2:00PM | Wednesday: 10:00AM–2:00PM | Thursday: 10:00AM–2:00PM | Friday: 10:00AM–2:00PM | Saturday: Closed | Sunday: Closed,914 31 84 45,NO,SI
Plaza Mayor,"Montañas, Oficinas de turismo, Senderismo","CULTURA OCIO Y NATURALEZA, ESPACIOS DEPORTIVOS, OFICINAS DE TURISMO","Pl. Mayor, Centro, 28012 Madrid, Spain","4,6",191681,—,Abierto,40.4155,-3.7074,https://maps.google.com/?cid=5306995542395525148,https://www.madrid.es/portales/munimadrid/es/Inicio/Direcciones-y-telefonos/Resultados-busqueda/Plaza-Mayor?vgnextfmt=default&vgnextoid=0a4492355c51c010VgnVCM2000000c205a0aRCRD&vgnextchannel=175e0fa5c68fd310VgnVCM100000171f5a0aRCRD#,,,NO,SI
Supermercado El Corte Inglés Arapiles,Centros comerciales,TIENDAS,"C. de Arapiles, 10, Chamberí, 28015 Madrid, Spain","3,9",5482,—,Abierto,40.4332,-3.70687,https://maps.google.com/?cid=17261315739131170955,https://www.elcorteingles.es/centroscomerciales/es/eci/centros/supermercado-el-corte-ingles-arapiles,Monday: 10:00AM–10:00PM | Tuesday: 10:00AM–10:00PM | Wednesday: 10:00AM–10:00PM | Thursday: 10:00AM–10:00PM | Friday: 10:00AM–10:00PM | Saturday: 10:00AM–10:00PM | Sunday: 11:00AM–9:00PM,914 54 60 06,NO,SI
Teatro Real,"Montañas, Oficinas de turismo, Senderismo","CULTURA OCIO Y NATURALEZA, ESPACIOS DEPORTIVOS, OFICINAS DE TURISMO","Pl. de Isabel II, s/n, Centro, 28013 Madrid, Spain","4,6",14080,—,Abierto,40.4181,-3.71029,https://maps.google.com/?cid=11710313319925001646,https://www.teatroreal.es/,Monday: 10:00AM–6:30PM | Tuesday: 10:00AM–6:30PM | Wednesday: 10:00AM–6:30PM | Thursday: 10:00AM–6:30PM | Friday: 10:00AM–6:30PM | Saturday: Closed | Sunday: Closed,900 244 848,NO,SI
Hotel Victoria 4,"Albergues, Apartamentos turísticos, Campos de golf, Hostales, Hoteles, Templos budistas","ALOJAMIENTOS, ESPACIOS DEPORTIVOS, ESPACIOS RELIGIOSOS","C. de la Victoria, 4, Centro, 28012 Madrid, Spain","4,1",1140,—,Abierto,40.4163,-3.70174,https://maps.google.com/?cid=9988821632557164572,http://www.hotelvictoria4.com/?utm_source=google&utm_medium=organic&utm_campaign=my_business,,915 23 84 30,NO,SI
Slow Life House,"Clínicas, Piscinas, Spas","ESPACIOS DEPORTIVOS, SALUD","C. de Salustiano Olózaga, 11, bajo, Salamanca, 28001 Madrid, Spain","4,9",141,—,Abierto,40.4204,-3.68979,https://maps.google.com/?cid=8692746105605533794,https://slowlifehouse.com/,Monday: 10:00AM–8:00PM | Tuesday: 10:00AM–8:00PM | Wednesday: 10:00AM–8:00PM | Thursday: 10:00AM–8:00PM | Friday: 10:00AM–8:00PM | Saturday: 10:00AM–2:00PM | Sunday: Closed,912 77 20 04,NO,SI
Brunch Club,Cafés,COMIDA Y BEBIDA,"C. del Barco, 15, Centro, 28004 Madrid, Spain","4,5",1965,Moderado,Abierto,40.4216,-3.70282,https://maps.google.com/?cid=10300535703892167301,http://www.brunchclubcafe.com/,Monday: 9:00AM–4:30PM | Tuesday: 9:00AM–4:30PM | Wednesday: 9:00AM–4:30PM | Thursday: 9:00AM–4:30PM | Friday: 9:00AM–4:30PM | Saturday: 9:00AM–4:30PM | Sunday: 9:00AM–4:30PM,910 46 19 34,SI,NO
Teatro Circo Price,Estaciones de autobús,TRANSPORTE,"Centro, 28012 Madrid, Spain","4,2",6,—,Abierto,40.4062,-3.69861,https://maps.google.com/?cid=16568863652199709102,,,,NO,SI
Ansorena,"Galerías de arte, Joyerías","CULTURA OCIO Y NATURALEZA, TIENDAS","C. Alcalá, 52, Retiro, 28014 Madrid, Spain","3,8",89,—,Abierto,40.4194,-3.69106,https://maps.google.com/?cid=690105290637956354,https://www.ansorena.com/,"Monday: 10:00AM–2:00PM, 4:30–8:00PM | Tuesday: 10:00AM–2:00PM, 4:30–8:00PM | Wednesday: 10:00AM–2:00PM, 4:30–8:00PM | Thursday: 10:00AM–2:00PM, 4:30–8:00PM | Friday: 10:00AM–2:00PM, 4:30–8:00PM | Saturday: 10:00AM–2:00PM | Sunday: Closed",915 32 85 15,NO,NO
Delicias - Atocha,Estaciones de autobús,TRANSPORTE,"Arganzuela, 28045 Madrid, Spain","3,9",8,—,Abierto,40.4065,-3.69316,https://maps.google.com/?cid=14649092287615172418,,,,NO,SI
FARMACIA ARGÜELLES Lda. Myriam Varela Serrano,Farmacias,SALUD,"C. de Andrés Mellado, 1, Chamberí, 28015 Madrid, Spain","4,2",23,—,Abierto,40.4307,-3.71482,https://maps.google.com/?cid=12782143772712566441,,Monday: 9:30AM–9:30PM | Tuesday: 9:30AM–9:30PM | Wednesday: 9:30AM–9:30PM | Thursday: 9:30AM–9:30PM | Friday: 9:30AM–9:30PM | Saturday: 9:30AM–9:30PM | Sunday: Closed,915 98 22 05,NO,SI
"Catalina Otegui - Psicóloga, Sexóloga y Terapia de Pareja",Clínicas,SALUD,"C. de los Madrazo, 28, 1º A, Centro, 28014 Madrid, Spain",5,5,—,Abierto,40.4175,-3.69606,https://maps.google.com/?cid=16480971722635661716,http://www.catalinaotegui.com/,Monday: 9:00AM–9:00PM | Tuesday: 9:00AM–9:00PM | Wednesday: 9:00AM–9:00PM | Thursday: 9:00AM–9:00PM | Friday: 9:00AM–6:00PM | Saturday: Closed | Sunday: Closed,620 36 55 17,NO,SI
Sweet Brothers - Tartas Cakes,Panaderías,COMIDA Y BEBIDA,"C/ de Hortaleza, 33, Centro, 28004 Madrid, Spain","4,6",878,Barato,Abierto,40.422,-3.69987,https://maps.google.com/?cid=2643694086017766904,http://www.sweetbrothers.es/,Monday: 11:00AM–9:00PM | Tuesday: 11:00AM–9:00PM | Wednesday: 11:00AM–9:00PM | Thursday: 11:00AM–9:00PM | Friday: 11:00AM–9:00PM | Saturday: 11:00AM–9:00PM | Sunday: Closed,,NO,NO
Centro Quiropráctico Madrid,Clínicas,SALUD,"C. de Blasco de Garay, 12, Local, Chamberí, 28015 Madrid, Spain","4,8",262,—,Abierto,40.431,-3.7115,https://maps.google.com/?cid=14055356980934838162,http://www.centroquiropracticomadrid.com/,"Monday: 9:00AM–1:00PM, 3:30–8:00PM | Tuesday: 9:00AM–2:00PM | Wednesday: 3:30–8:00PM | Thursday: 9:00AM–1:00PM, 3:30–8:00PM | Friday: 9:00AM–1:00PM | Saturday: Closed | Sunday: Closed",914 55 04 16,NO,SI
Kamchatka Magic Toys | Juguetes educativos y ecológicos de madera,Librerías,TIENDAS,"C. de San Agustín, 18, Centro, 28014 Madrid, Spain","4,8",315,—,Abierto,40.4137,-3.69699,https://maps.google.com/?cid=4667477519522052439,http://www.kamchatkatoys.com/,"Monday: 11:00AM–2:00PM, 5:00–7:00PM | Tuesday: 11:00AM–2:00PM, 5:00–7:00PM | Wednesday: 11:00AM–2:00PM, 5:00–7:00PM | Thursday: 11:00AM–2:00PM, 5:00–7:00PM | Friday: 11:00AM–2:00PM, 5:00–7:00PM | Saturday: 11:00AM–2:00PM | Sunday: Closed",913 76 36 14,NO,NO
Hotel Porcel Ganivet,"Albergues, Apartamentos turísticos, Hostales, Hoteles",ALOJAMIENTOS,"C. de Toledo, 111, 113, Centro, 28005 Madrid, Spain","4,3",2684,—,Abierto,40.4082,-3.71076,https://maps.google.com/?cid=9680908392639769450,https://www.hotelesporcel.com/ganivet/,,913 65 36 00,NO,SI
Hotel Regina Madrid,"Albergues, Apartamentos turísticos, Campos de golf, Hostales, Hoteles, Templos budistas","ALOJAMIENTOS, ESPACIOS DEPORTIVOS, ESPACIOS RELIGIOSOS","C. Alcalá, 19, Centro, 28014 Madrid, Spain","4,5",2771,—,Abierto,40.4179,-3.69987,https://maps.google.com/?cid=11100690794047035189,https://www.hotelreginamadrid.com/?utm_source=google&utm_medium=organic&utm_campaign=Google_My_Business,,915 21 47 25,NO,SI
Petit Palace Preciados,"Albergues, Apartamentos turísticos, Campos de golf, Hostales, Hoteles, Templos budistas","ALOJAMIENTOS, ESPACIOS DEPORTIVOS, ESPACIOS RELIGIOSOS","C. de Galdo, 2, Centro, 28013 Madrid, Spain","4,2",1377,—,Abierto,40.4181,-3.70434,https://maps.google.com/?cid=17600750106409143050,https://www.petitpalacepreciados.com/en/?utm_source=google&utm_medium=organic&utm_campaign=MyBusiness&utm_content=LON&origin_source=google&origin_medium=organic&origin_campaign=MyBusiness,,915 31 41 05,NO,SI
Kadampa Meditation Center,Bibliotecas,EDUCACIÓN,"C. de Manuela Malasaña, 26, local derecha, Centro, 28004 Madrid, Spain","4,8",160,—,Abierto,40.4289,-3.70525,https://maps.google.com/?cid=5179451369102199915,http://meditaenmadrid.org/,"Monday: 5:00–8:30PM | Tuesday: 11:30AM–2:00PM, 5:00–8:30PM | Wednesday: 11:30AM–2:00PM, 5:00–9:00PM | Thursday: 11:30AM–2:00PM, 5:00–8:30PM | Friday: 10:30AM–1:00PM, 5:00–8:30PM | Saturday: 10:00AM–2:00PM | Sunday: Closed",,NO,SI
Farmacia J Baztán,Farmacias,SALUD,"C. de Ercilla, 20, Arganzuela, 28005 Madrid, Spain","4,3",12,—,Abierto,40.4026,-3.70287,https://maps.google.com/?cid=6957901459359145636,https://www.dietafarma.es/,"Monday: 9:30AM–1:45PM, 5:00–8:00PM | Tuesday: 9:30AM–1:45PM, 5:00–8:00PM | Wednesday: 9:30AM–1:45PM, 5:00–8:00PM | Thursday: 9:30AM–1:45PM, 5:00–8:00PM | Friday: 9:30AM–1:45PM, 5:00–8:00PM | Saturday: 10:00AM–1:45PM | Sunday: Closed",915 17 43 81,NO,SI
Tribunal,Estaciones de metro,TRANSPORTE,"Centro, 28004 Madrid, Spain","4,1",327,—,Abierto,40.4261,-3.70117,https://maps.google.com/?cid=285989819082212732,,,,NO,SI
Carrefour Express,Supermercados,COMIDA Y BEBIDA,"C. del Conde Duque, 1, Centro, 28015 Madrid, Spain",4,298,—,Abierto,40.4257,-3.71172,https://maps.google.com/?cid=5162531615650402458,https://www.carrefour.es/tiendas-carrefour/supermercados/carrefour-express/calle-conde-duque-1-madrid-s.aspx,Monday: 8:00AM–10:30PM | Tuesday: 8:00AM–10:30PM | Wednesday: 8:00AM–10:30PM | Thursday: 8:00AM–10:30PM | Friday: 8:00AM–10:30PM | Saturday: 8:00AM–10:30PM | Sunday: 10:00AM–10:00PM,914 90 89 00,NO,SI
Carmen Navarro Sagasta,"Piscinas, Spas",ESPACIOS DEPORTIVOS,"C. de Sagasta, 21, Chamberí, 28004 Madrid, Spain","4,5",130,—,Abierto,40.4286,-3.69879,https://maps.google.com/?cid=2005552003288210248,https://carmennavarro.com/,Monday: 10:00AM–8:00PM | Tuesday: 10:00AM–8:00PM | Wednesday: 10:00AM–8:00PM | Thursday: 10:00AM–8:00PM | Friday: 10:00AM–8:00PM | Saturday: Closed | Sunday: Closed,914 45 06 32,NO,NO
-,Universidades,EDUCACIÓN,"C. de Tribulete, 14, Centro, 28012 Madrid, Spain","3,7",3,—,Abierto,40.4076,-3.70296,https://maps.google.com/?cid=3180858665454250028,https://unedmadrid.es/,,914 67 58 71,NO,SI
size?,Zapaterías,TIENDAS,"Calle de Fuencarral, 12, Centro, 28004 Madrid, Spain","3,6",949,—,Abierto,40.421,-3.70115,https://maps.google.com/?cid=9245421440931674799,https://www.sizeofficial.es/?utm_campaign=941&utm_source=google+listings&utm_medium=organic&y_source=1_ODk2OTgwNi03MTUtbG9jYXRpb24ud2Vic2l0ZQ%3D%3D,Monday: 10:30AM–9:00PM | Tuesday: 10:30AM–9:00PM | Wednesday: 10:30AM–9:00PM | Thursday: 10:30AM–9:00PM | Friday: 10:30AM–9:00PM | Saturday: 10:30AM–9:30PM | Sunday: 12:00–8:30PM,672 61 26 04,NO,SI
Entre Suspiro Y Suspiro,"Restaurantes, Tapas, Vegano, Vegetariano",COMIDA Y BEBIDA,"C. de los Caños del Peral, 3, Centro, 28013 Madrid, Spain","4,5",1049,Caro,Abierto,40.4186,-3.70903,https://maps.google.com/?cid=1162534095536418402,http://entresuspiroysuspiro.com/,"Monday: Closed | Tuesday: Closed | Wednesday: 1:30–4:00PM, 8:30–11:00PM | Thursday: 1:30–4:00PM, 8:30–11:00PM | Friday: 1:30–4:00PM, 8:30–11:00PM | Saturday: 1:30–4:00PM, 8:30–11:00PM | Sunday: 1:30–4:00PM",915 42 06 44,SI,NO
El Corte Militar,Tiendas de ropa,TIENDAS,"C. Mayor, 82, Centro, 28013 Madrid, Spain","4,4",330,—,Abierto,40.4153,-3.71214,https://maps.google.com/?cid=13411850405997999842,http://www.elcortemilitar.com/,Monday: 10:30AM–8:00PM | Tuesday: 10:30AM–8:00PM | Wednesday: 10:30AM–8:00PM | Thursday: 10:30AM–8:00PM | Friday: 10:30AM–8:00PM | Saturday: Closed | Sunday: Closed,915 41 98 37,NO,NO
Pipo & Astutto,Galerías de arte,CULTURA OCIO Y NATURALEZA,"C. del Mediodía Grande, 9, Centro, 28005 Madrid, Spain",0,0,—,Abierto,40.4099,-3.71118,https://maps.google.com/?cid=9121556668312452068,http://www.pipoastutto.com/,,912 21 99 35,NO,NO
Hyatt parking,Aparcamientos,GASOLINERAS Y APARCAMIENTOS,"C. de Tetuán, 30, Centro, Centro, 28013 Madrid, Spain",4,2,—,Abierto,40.4181,-3.70318,https://maps.google.com/?cid=12671049092587173566,,,,NO,SI
Klepierre Management España,Centros comerciales,TIENDAS,"Paseo de la Florida 2, Ofic. 1 (ext.), Moncloa - Aravaca, 28008 Madrid, Spain","3,4",27,—,Abierto,40.4205,-3.71912,https://maps.google.com/?cid=14850000656125383416,http://www.klepierre.com/,"Monday: 9:00AM–2:00PM, 3:00–6:00PM | Tuesday: 9:00AM–2:00PM, 3:00–6:00PM | Wednesday: 9:00AM–2:00PM, 3:00–6:00PM | Thursday: 9:00AM–2:00PM, 3:00–6:00PM | Friday: 8:30AM–2:30PM | Saturday: Closed | Sunday: Closed",914 53 23 08,NO,SI
Espacio Kenko,Gimnasios,ESPACIOS DEPORTIVOS,"C. de las Aguas, 4, Centro, 28005 Madrid, Spain",5,35,—,Abierto,40.4106,-3.71196,https://maps.google.com/?cid=16743683085821498534,https://espaciokenko.com/,Monday: 10:00AM–8:30PM | Tuesday: 10:00AM–8:30PM | Wednesday: 10:00AM–8:30PM | Thursday: 10:00AM–8:30PM | Friday: 10:00AM–2:00PM | Saturday: Closed | Sunday: Closed,637 09 13 90,NO,NO
Café La Palma,"Cafés, Discotecas","COMIDA Y BEBIDA, LOCALES DE OCIO NOCTURNO","C. de la Palma, 62, Centro, 28015 Madrid, Spain","4,2",1471,—,Abierto,40.4268,-3.70808,https://maps.google.com/?cid=16272116143062598092,http://www.cafelapalma.com/,Monday: Closed | Tuesday: Closed | Wednesday: 5:30PM–2:00AM | Thursday: 5:30PM–3:00AM | Friday: 5:30PM–5:30AM | Saturday: 5:30PM–5:30AM | Sunday: 5:30PM–2:00AM,915 22 50 31,NO,SI
Foot Locker,Zapaterías,TIENDAS,"C. de Preciados, 6, Centro, 28013 Madrid, Spain","4,2",1414,Moderado,Abierto,40.4176,-3.70424,https://maps.google.com/?cid=10462077852753201771,https://stores.footlocker.es/es/es-md/madrid/preciados-6-54_31_17226.html,Monday: 10:00AM–9:30PM | Tuesday: 10:00AM–9:30PM | Wednesday: 10:00AM–9:30PM | Thursday: 10:00AM–9:30PM | Friday: 10:00AM–9:30PM | Saturday: 10:00AM–9:30PM | Sunday: 12:00–9:00PM,919 54 23 68,NO,SI
Basílica de Jesús de Medinaceli,"Basílicas, Catedrales, Conventos, Ermitas, Iglesias, Monasterios",ESPACIOS RELIGIOSOS,"Pl. de Jesús, 2, Centro, 28014 Madrid, Spain","4,7",7419,—,Abierto,40.4142,-3.69553,https://maps.google.com/?cid=2430190843845008226,http://archimadrid.es/jesusmedinaceli/,"Monday: 7:00AM–1:30PM, 5:00–8:30PM | Tuesday: 7:00AM–1:30PM, 5:00–8:30PM | Wednesday: 7:00AM–1:30PM, 5:00–8:30PM | Thursday: 7:00AM–1:30PM, 5:00–8:30PM | Friday: 6:30AM–10:00PM | Saturday: 8:30AM–1:30PM, 5:00–8:30PM | Sunday: 8:30AM–1:30PM, 5:00–8:30PM",914 29 93 75,NO,SI
ESPRI Protocolo Madrid,Universidades,EDUCACIÓN,"C. de Raimundo Lulio, 3, Plantas 1 y 3, Chamberí, 28010 Madrid, Spain",1,5,—,Abierto,40.4325,-3.70001,https://maps.google.com/?cid=1233987782581536273,,Monday: 9:00AM–9:00PM | Tuesday: 9:00AM–9:00PM | Wednesday: 9:00AM–9:00PM | Thursday: 9:00AM–9:00PM | Friday: 9:00AM–9:00PM | Saturday: Closed | Sunday: Closed,810 52 44 73,NO,SI
PIPA Films,"Cines, Teatros",CULTURA OCIO Y NATURALEZA,"Plaza de España, 6, Centro, 28008 Madrid, Spain",5,1,—,Abierto,40.4225,-3.71184,https://maps.google.com/?cid=14046093843651117024,https://new.pipafilms.com/,Monday: 10:00AM–8:00PM | Tuesday: 10:00AM–8:00PM | Wednesday: 10:00AM–8:00PM | Thursday: 10:00AM–8:00PM | Friday: 10:00AM–8:00PM | Saturday: Closed | Sunday: Closed,618 64 84 86,NO,NO
Yelmo Cines Ideal,"Cines, Teatros",CULTURA OCIO Y NATURALEZA,"Calle del Dr Cortezo, 6, Centro, 28012 Madrid, Spain","4,2",9918,—,Abierto,40.4138,-3.70379,https://maps.google.com/?cid=13137346718980393733,http://www.yelmocines.es/,Monday: 3:45PM–1:00AM | Tuesday: 3:45PM–1:00AM | Wednesday: 3:45PM–1:00AM | Thursday: 3:45PM–1:00AM | Friday: 3:45PM–1:00AM | Saturday: 12:00PM–1:00AM | Sunday: 12:00PM–1:00AM,,NO,SI
Parking VIP,Aparcamientos,GASOLINERAS Y APARCAMIENTOS,"C. de Rafael de Riego, 5, Arganzuela, 28045 Madrid, Spain","3,7",7,—,Abierto,40.4047,-3.69182,https://maps.google.com/?cid=13477099191101321937,,Monday: Open 24 hours | Tuesday: Open 24 hours | Wednesday: Open 24 hours | Thursday: Open 24 hours | Friday: Open 24 hours | Saturday: Open 24 hours | Sunday: Open 24 hours,915 27 08 25,NO,SI
Fiacine,"Cines, Teatros",CULTURA OCIO Y NATURALEZA,"Calle de Zurbano, 3, Chamberí, 28010 Madrid, Spain",0,0,—,Abierto,40.4274,-3.69398,https://maps.google.com/?cid=18020695734046426448,https://www.fiacine.com/contacto,Monday: 9:30AM–3:00PM | Tuesday: 9:30AM–3:00PM | Wednesday: 9:30AM–3:00PM | Thursday: 9:30AM–3:00PM | Friday: 9:30AM–3:00PM | Saturday: Closed | Sunday: Closed,915 93 46 48,NO,SI
La Paloma,Estaciones de autobús,TRANSPORTE,"Centro, 28005 Madrid, Spain",4,3,—,Abierto,40.4091,-3.71321,https://maps.google.com/?cid=15148333996576301589,,,,NO,NO
Blue Moon,"Piscinas, Spas",ESPACIOS DEPORTIVOS,"C. del Conde de Aranda, 6, Salamanca, 28001 Madrid, Spain","4,2",469,—,Abierto,40.4217,-3.6878,https://maps.google.com/?cid=15026117645131933861,https://clinicabluemoon.es/,Monday: 10:00AM–8:00PM | Tuesday: 10:00AM–8:00PM | Wednesday: 10:00AM–8:00PM | Thursday: 10:00AM–8:00PM | Friday: 10:00AM–8:00PM | Saturday: 10:00AM–2:00PM | Sunday: Closed,914 35 49 73,NO,SI
Office of Tourism in the Dominican Republic,"Consulados, Embajadas",GOBIERNO,"C. Alcalá, 59, 4to. piso, Salamanca, 28014 Madrid, Spain","4,8",4,—,Abierto,40.4199,-3.69136,https://maps.google.com/?cid=3267409060905185467,http://www.godominicanrepublic.com/es/,Monday: 10:00AM–6:00PM | Tuesday: 10:00AM–6:00PM | Wednesday: 10:00AM–6:00PM | Thursday: 10:00AM–6:00PM | Friday: 10:00AM–6:00PM | Saturday: Closed | Sunday: Closed,914 17 73 75,NO,SI
Kiehls,Centros comerciales,TIENDAS,"El Corte Inglés Princesa Edificio 1, Calle de la Princesa, 56, Centro, 28008 Madrid, Spain","4,2",42,—,Abierto,40.43,-3.71525,https://maps.google.com/?cid=6722495872260478305,https://www.kiehls.es/,Monday: 10:00AM–10:00PM | Tuesday: 10:00AM–10:00PM | Wednesday: 10:00AM–10:00PM | Thursday: 10:00AM–10:00PM | Friday: 10:00AM–10:00PM | Saturday: 10:00AM–10:00PM | Sunday: 12:00–9:00PM,655 53 46 36,NO,SI
Tejada Medina Optical Center,Clínicas,SALUD,"C. del Arenal, 7, 2ºB, Centro, 28013 Madrid, Spain","4,6",17,—,Abierto,40.4169,-3.70566,https://maps.google.com/?cid=469610692130222694,http://www.opticaman.com/,"Monday: 9:30AM–1:30PM, 4:30–8:00PM | Tuesday: 9:30AM–1:30PM, 4:30–8:00PM | Wednesday: 9:30AM–1:30PM, 4:30–8:00PM | Thursday: 9:30AM–1:30PM, 4:30–8:00PM | Friday: 9:30AM–1:30PM, 4:30–8:00PM | Saturday: Closed | Sunday: Closed",915 32 11 12,NO,SI
Nike Store Madrid Gran Via,Zapaterías,TIENDAS,"Gran Vía, 30, Centro, 28013 Madrid, Spain",4,2144,—,Abierto,40.4202,-3.70264,https://maps.google.com/?cid=17751527700644749320,https://www.nike.com/es/retail/s/nike-store-madrid-gran-via?cp=61872410739_seo_%3Fcp%3D61872410739_seo_&y_source=1_Mjc2Mjc5OS03MTUtbG9jYXRpb24ud2Vic2l0ZQ%3D%3D,Monday: 10:00AM–10:00PM | Tuesday: 10:00AM–10:00PM | Wednesday: 10:00AM–10:00PM | Thursday: 10:00AM–10:00PM | Friday: 10:00AM–10:00PM | Saturday: 10:00AM–10:00PM | Sunday: 10:00AM–10:00PM,919 03 24 05,NO,SI
Plaza de Oriente,"Jardines, Parques, Parques naturales",CULTURA OCIO Y NATURALEZA,"Pl. de Ote., Centro, 28013 Madrid, Spain","4,8",84,—,Abierto,40.4186,-3.71209,https://maps.google.com/?cid=5489381355089201560,http://escapemadrid.es/,Monday: Open 24 hours | Tuesday: Open 24 hours | Wednesday: Open 24 hours | Thursday: Open 24 hours | Friday: Open 24 hours | Saturday: Open 24 hours | Sunday: Open 24 hours,,NO,SI
Aquilus SL,"Cines, Teatros",CULTURA OCIO Y NATURALEZA,"Pl. de los Mostenses, Centro, 28015 Madrid, Spain",5,1,—,Abierto,40.4232,-3.70874,https://maps.google.com/?cid=13019508547623443510,,,,NO,NO
Pedro García,Zapaterías,TIENDAS,"C. de Jorge Juan, 12, Local C, Salamanca, 28001 Madrid, Spain","4,2",22,—,Abierto,40.4235,-3.68607,https://maps.google.com/?cid=4824334265919030622,https://www.pedrogarcia.com/,Monday: 12:00–8:00PM | Tuesday: 12:00–8:00PM | Wednesday: 12:00–8:00PM | Thursday: 12:00–8:00PM | Friday: 12:00–8:00PM | Saturday: 12:00–8:00PM | Sunday: Closed,915 75 34 41,NO,NO
Cortana Madrid,"Mercados, Perfumerías, Tiendas, Tiendas de ropa","COMIDA Y BEBIDA, TIENDAS","C. de Jorge Juan, 12, Salamanca, 28001 Madrid, Spain","4,5",91,—,Abierto,40.4233,-3.6861,https://maps.google.com/?cid=13083220478518114476,http://www.cortana.es/,Monday: 11:00AM–8:00PM | Tuesday: 11:00AM–8:00PM | Wednesday: 11:00AM–8:00PM | Thursday: 11:00AM–8:00PM | Friday: 11:00AM–8:00PM | Saturday: 11:00AM–8:00PM | Sunday: Closed,915 75 42 19,NO,SI
B&B Hotel Madrid Centro Plaza Mayor,"Albergues, Apartamentos turísticos, Campos de golf, Hostales, Hoteles, Templos budistas","ALOJAMIENTOS, ESPACIOS DEPORTIVOS, ESPACIOS RELIGIOSOS","C. de Atocha, 2, Centro, 28012 Madrid, Spain","4,4",1743,—,Abierto,40.4146,-3.70551,https://maps.google.com/?cid=8854398814067877567,https://www.hotel-bb.com/es/hotel/madrid-centro-plaza-mayor?utm_source=googlemaps&utm_medium=fichehotel&utm_campaign=madrid_plazamayor,Monday: 7:00AM–11:00PM | Tuesday: 7:00AM–11:00PM | Wednesday: 7:00AM–11:00PM | Thursday: 7:00AM–11:00PM | Friday: 7:00AM–11:00PM | Saturday: 7:00AM–11:00PM | Sunday: 7:00AM–11:00PM,913 60 06 06,NO,NO
Brazilian Consulate,"Consulados, Embajadas",GOBIERNO,"Pasaje Comercial, Platea Madrid, Calle de Goya, 5-7, 2a Entreplanta, Salamanca, 28001 Madrid, Spain","3,7",386,—,Abierto,40.4259,-3.68906,https://maps.google.com/?cid=12709086014423950853,http://cgmadri.itamaraty.gov.br/,Monday: 9:00AM–1:00PM | Tuesday: 9:00AM–1:00PM | Wednesday: 9:00AM–1:00PM | Thursday: 9:00AM–1:00PM | Friday: 9:00AM–1:00PM | Saturday: Closed | Sunday: Closed,917 02 12 20,NO,SI
Intertropico Alimentos Latino para el Mundo,Supermercados,COMIDA Y BEBIDA,"C. de los Reyes, 17, Centro, 28015 Madrid, Spain","4,2",289,—,Abierto,40.4239,-3.7098,https://maps.google.com/?cid=997942383903338562,https://tiendaonlineintertropico.com/,"Monday: 9:30AM–3:00PM, 4:00–8:45PM | Tuesday: 9:30AM–3:00PM, 4:00–8:45PM | Wednesday: 9:30AM–3:00PM, 4:00–8:45PM | Thursday: 9:30AM–3:00PM, 4:00–8:45PM | Friday: 9:30AM–3:00PM, 4:00–8:45PM | Saturday: 10:00AM–3:00PM, 4:00–8:45PM | Sunday: Closed",654 92 43 50,NO,NO
Hotel Madrid II Castillas,"Albergues, Apartamentos turísticos, Campos de golf, Hostales, Hoteles, Templos budistas","ALOJAMIENTOS, ESPACIOS DEPORTIVOS, ESPACIOS RELIGIOSOS","C. de la Abada, 7, Centro, 28013 Madrid, Spain","4,3",1369,—,Abierto,40.4192,-3.70437,https://maps.google.com/?cid=8017393821551646266,http://www.hoteldoscastillas-madrid.com/,,915 24 97 50,NO,SI
General Optica - Visión y Audición,Clínicas,SALUD,"C. de Serrano, 54, Salamanca, 28001 Madrid, Spain","4,8",225,—,Abierto,40.4281,-3.68715,https://maps.google.com/?cid=16767543793573317606,https://www.generaloptica.es/es/?utm_source=gmb&utm_medium=organic&utm_campaign=Madrid&utm_term=1030,Monday: 10:00AM–9:00PM | Tuesday: 10:00AM–9:00PM | Wednesday: 10:00AM–9:00PM | Thursday: 10:00AM–9:00PM | Friday: 10:00AM–9:00PM | Saturday: 10:00AM–2:00PM | Sunday: Closed,914 35 08 13,NO,SI
OPTICALIA VISION DOOS,Clínicas,SALUD,"C. de Martín de Vargas, 2, Arganzuela, 28005 Madrid, Spain","4,4",5,—,Abierto,40.4045,-3.70333,https://maps.google.com/?cid=7945253881423170507,http://www.opticalia.es/,"Monday: 10:00AM–1:45PM, 5:00–8:30PM | Tuesday: 10:00AM–1:45PM, 5:00–8:30PM | Wednesday: 10:00AM–1:45PM, 5:00–8:30PM | Thursday: 10:00AM–1:45PM, 5:00–8:30PM | Friday: 10:00AM–1:45PM, 5:00–8:30PM | Saturday: 10:00AM–1:45PM | Sunday: Closed",914 73 21 27,NO,SI
Toni 2 Piano Bar,Discotecas,LOCALES DE OCIO NOCTURNO,"Calle del Almirante, 9, Centro, 28004 Madrid, Spain","4,2",2498,Moderado,Abierto,40.4226,-3.69476,https://maps.google.com/?cid=15121824103386491637,http://www.toni2.es/,Monday: 11:30PM–5:30AM | Tuesday: 11:30PM–5:30AM | Wednesday: 11:30PM–5:30AM | Thursday: 11:30PM–5:30AM | Friday: 10:00PM–6:00AM | Saturday: 10:00PM–6:00AM | Sunday: 11:30PM–5:30AM,915 32 00 11,NO,NO
Fundación Casa de México en España,"Cines, Teatros",CULTURA OCIO Y NATURALEZA,"C. de Alberto Aguilera, 20, Chamberí, 28015 Madrid, Spain","4,5",2113,—,Abierto,40.4301,-3.7093,https://maps.google.com/?cid=1163201794203299940,http://casademexico.es/,Monday: 10:00AM–7:00PM | Tuesday: 10:00AM–9:00PM | Wednesday: 10:00AM–9:00PM | Thursday: 10:00AM–9:00PM | Friday: 10:00AM–9:00PM | Saturday: 10:00AM–9:00PM | Sunday: 10:00AM–2:00PM,910 68 97 65,NO,SI
Atocha cercanias,Estaciones de tren,TRANSPORTE,"Atocha, Arganzuela, 28045 Madrid, Spain","4,1",7676,—,Abierto,40.4053,-3.68889,https://maps.google.com/?cid=5848430309791363951,,,,NO,SI
Twin Gallery,Galerías de arte,CULTURA OCIO Y NATURALEZA,"C. de San Hermenegildo, 28, Centro, 28015 Madrid, Spain","4,5",39,—,Abierto,40.4283,-3.70836,https://maps.google.com/?cid=9907738164732154406,http://twingallery.es/,Monday: Closed | Tuesday: Closed | Wednesday: 5:00–8:00PM | Thursday: 5:00–8:00PM | Friday: 5:00–8:00PM | Saturday: 11:30AM–2:00PM | Sunday: Closed,910 52 63 02,NO,NO
Casa de Asturias,"Restaurantes, Tapas, Vegano, Vegetariano",COMIDA Y BEBIDA,"C. de Argumosa, 4, Centro, 28012 Madrid, Spain","3,8",2544,Barato,Abierto,40.4081,-3.69981,https://maps.google.com/?cid=11185276113472318904,http://www.casadeasturias.com/,Monday: 9:30AM–12:00AM | Tuesday: 9:30AM–12:00AM | Wednesday: 9:30AM–12:00AM | Thursday: 9:30AM–12:00AM | Friday: 9:30AM–12:00AM | Saturday: 11:00AM–12:00AM | Sunday: Closed,915 27 27 63,SI,SI
Embassy of Azerbaijan in Spain,"Consulados, Embajadas",GOBIERNO,"Calle Velázquez, 43, 1 izq, Salamanca, 28001 Madrid, Spain","3,5",13,—,Abierto,40.4269,-3.68454,https://maps.google.com/?cid=3240096827297381065,https://madrid.mfa.gov.az/,Monday: 9:00AM–6:00PM | Tuesday: 9:00AM–6:00AM | Wednesday: 9:00AM–6:00PM | Thursday: 9:00AM–6:00PM | Friday: 9:00AM–6:00PM | Saturday: Closed | Sunday: Closed,917 48 97 76,NO,NO
Le Max Wellness Club,"Piscinas, Spas",ESPACIOS DEPORTIVOS,"Hotel Wellington, Calle Velázquez, 6, Salamanca, 28001 Madrid, Spain","4,5",205,—,Abierto,40.4218,-3.68417,https://maps.google.com/?cid=1988501772193683861,http://www.lemaxclub.com/,Monday: 6:30AM–10:00PM | Tuesday: 6:30AM–10:00PM | Wednesday: 6:30AM–10:00PM | Thursday: 6:30AM–10:00PM | Friday: 6:30AM–10:00PM | Saturday: 9:00AM–8:00PM | Sunday: 9:00AM–8:00PM,915 76 27 66,NO,SI
Barrio da chaca Lugo,"Jardines, Parques, Parques naturales",CULTURA OCIO Y NATURALEZA,"C. de Arrieta, 10, Centro, Centro, 28013 Madrid, Spain",0,0,—,Abierto,40.419,-3.71063,https://maps.google.com/?cid=2111424337042339427,,,,NO,NO
Fuente de los Galápagos,"Jardines, Parques, Parques naturales",CULTURA OCIO Y NATURALEZA,"Retiro, 28009 Madrid, Spain","4,6",486,—,Abierto,40.4186,-3.68547,https://maps.google.com/?cid=17021813865000941874,https://www.esmadrid.com/informacion-turistica/parque-del-retiro,Monday: 6:00AM–12:00AM | Tuesday: 6:00AM–12:00AM | Wednesday: 6:00AM–12:00AM | Thursday: 6:00AM–12:00AM | Friday: 6:00AM–12:00AM | Saturday: 6:00AM–12:00AM | Sunday: 6:00AM–12:00AM,,NO,SI
Tufts-Skidmore Spain,Universidades,EDUCACIÓN,"Calle de Fuencarral, 123, Chamberí, 28010 Madrid, Spain",5,1,—,Abierto,40.4306,-3.70338,https://maps.google.com/?cid=14865240170465888348,http://www.tufts-skidmore.es/,Monday: 11:00AM–8:00PM | Tuesday: 11:00AM–8:00PM | Wednesday: 11:00AM–8:00PM | Thursday: 11:00AM–8:00PM | Friday: 11:00AM–8:00PM | Saturday: 11:00AM–8:00PM | Sunday: 11:00AM–8:00PM,917 02 45 13,NO,SI
ArjunaProducciones,"Cines, Teatros",CULTURA OCIO Y NATURALEZA,"C. de Martín de Vargas, Arganzuela, 28005 Madrid, Spain",0,0,—,Abierto,40.4022,-3.70153,https://maps.google.com/?cid=11336242501852365952,,,699 59 17 50,NO,NO
Garaje Luna,Aparcamientos,GASOLINERAS Y APARCAMIENTOS,"C. de Pizarro, 7, Centro, Centro, 28004 Madrid, Spain","3,3",106,—,Abierto,40.4229,-3.7061,https://maps.google.com/?cid=15965863455690835445,,,915 31 43 30,NO,SI
Escuela de bailes salsa y bachata urbana,Colegios,EDUCACIÓN,"C. de Sta. Isabel, 5, Centro, 28012 Madrid, Spain","4,8",4,—,Abierto,40.4116,-3.69866,https://maps.google.com/?cid=6777048095977718762,http://www.salsaybachataurbana.com/,,628 86 07 66,NO,NO
Mas Que Café,Cafés,COMIDA Y BEBIDA,"C. de Sta. Isabel, 5, Centro, 28012 Madrid, Spain","3,8",4,—,Abierto,40.4116,-3.69865,https://maps.google.com/?cid=6632444657375550611,,Monday: 8:30AM–11:00PM | Tuesday: 8:30AM–11:00PM | Wednesday: 8:30AM–11:00PM | Thursday: 8:30AM–11:00PM | Friday: 8:30AM–11:00PM | Saturday: 8:30AM–11:00PM | Sunday: 9:00AM–11:30PM,,NO,NO
CARACOLA Antón Martín,Panaderías,COMIDA Y BEBIDA,"C. de Sta. Isabel, 5, Centro, 28012 Madrid, Spain","4,6",1765,—,Abierto,40.4114,-3.69879,https://maps.google.com/?cid=3953549142367180470,http://www.caracolamadrid.es/?utm_source=google&utm_medium=wix_google_business_profile&utm_campaign=17351038769366738848,Monday: 9:00AM–9:00PM | Tuesday: 9:00AM–9:00PM | Wednesday: 9:00AM–9:00PM | Thursday: 9:00AM–9:00PM | Friday: 10:00AM–9:00PM | Saturday: 10:00AM–9:00PM | Sunday: 10:00AM–9:00PM,912 37 42 39,NO,SI
Belen Artspace,Galerías de arte,CULTURA OCIO Y NATURALEZA,"Artspace , Calle Belen 5, Centro, 28004 Madrid, Spain",2,1,—,Abierto,40.4243,-3.69671,https://maps.google.com/?cid=5750632092412941711,http://belenartspace.com/,Monday: Closed | Tuesday: 4:30–11:00PM | Wednesday: 4:30–11:00PM | Thursday: 4:30–11:00PM | Friday: 3:30–11:00PM | Saturday: 3:30–11:00PM | Sunday: 4:00–10:00PM,915 23 34 57,NO,SI
Alex media grupo,"Cines, Teatros",CULTURA OCIO Y NATURALEZA,"Calle de la Princesa, 3bis, apto 819, Moncloa - Aravaca, 28008 Madrid, Spain",0,0,—,Abierto,40.425,-3.71344,https://maps.google.com/?cid=12459801024596010556,https://www.egeda.es/alexmediagrupo/AM_Productora.asp,Monday: 9:30AM–9:00PM | Tuesday: 9:30AM–9:30PM | Wednesday: 9:30AM–9:00PM | Thursday: 9:00AM–8:00PM | Friday: 9:00AM–8:00PM | Saturday: Closed | Sunday: Closed,919 28 61 79,NO,NO
eseOese,"Joyerías, Zapaterías",TIENDAS,"Calle de Fuencarral, 50, Centro, 28004 Madrid, Spain","4,2",179,—,Abierto,40.4234,-3.70059,https://maps.google.com/?cid=12850501997831385703,http://www.eseoese.com/,Monday: 10:00AM–9:00PM | Tuesday: 10:00AM–9:00PM | Wednesday: 10:00AM–9:00PM | Thursday: 10:00AM–9:00PM | Friday: 10:00AM–9:00PM | Saturday: 10:00AM–9:00PM | Sunday: Closed,917 52 84 62,NO,NO
ThunderCat Club,Discotecas,LOCALES DE OCIO NOCTURNO,"C. de Campoamor, 11, Centro, 28004 Madrid, Spain","4,2",840,Moderado,Abierto,40.4262,-3.69574,https://maps.google.com/?cid=14304983437095789058,https://thundercatclub.com/?utm_source=google_business_profile&utm_medium=gbp_view_webside,Monday: Closed | Tuesday: Closed | Wednesday: 10:00PM–3:00AM | Thursday: 10:00PM–5:00AM | Friday: 10:00PM–6:00AM | Saturday: 10:00PM–6:00AM | Sunday: Closed,654 51 14 57,SI,NO
Puerta de Toledo,Estaciones de metro,TRANSPORTE,"Centro, 28005 Madrid, Spain",4,131,—,Abierto,40.4068,-3.71086,https://maps.google.com/?cid=14465660299454825932,,,,NO,NO
Arco de Cuchilleros,"Montañas, Oficinas de turismo, Senderismo","CULTURA OCIO Y NATURALEZA, ESPACIOS DEPORTIVOS, OFICINAS DE TURISMO","C. de Cuchilleros, 7, Centro, 28005 Madrid, Spain","4,4",410,—,Abierto,40.4145,-3.70795,https://maps.google.com/?cid=12341046899355561746,http://www.tablaolaquimera.com/,Monday: Open 24 hours | Tuesday: Open 24 hours | Wednesday: 12:00–5:30AM | Thursday: 12:00–5:30AM | Friday: 12:00–5:30AM | Saturday: 12:00–5:30AM | Sunday: Open 24 hours,913 56 93 61,NO,NO
Hotel NH Madrid Atocha,"Albergues, Apartamentos turísticos, Hostales, Hoteles",ALOJAMIENTOS,"P.º de la Infanta Isabel, 9, Retiro, 28014 Madrid, Spain","4,2",1604,—,Abierto,40.4076,-3.68945,https://maps.google.com/?cid=1214211690985893397,https://www.nh-hotels.com/en/hotel/nh-madrid-atocha?utm_campaign=local-gmb&utm_medium=organic_search&utm_source=google_gmb,Monday: Open 24 hours | Tuesday: Open 24 hours | Wednesday: Open 24 hours | Thursday: Open 24 hours | Friday: Open 24 hours | Saturday: Open 24 hours | Sunday: Open 24 hours,915 39 94 00,NO,SI
AC Hotel Recoletos,"Albergues, Apartamentos turísticos, Hostales, Hoteles",ALOJAMIENTOS,"C. de Recoletos, 18, Salamanca, 28001 Madrid, Spain","4,5",594,—,Abierto,40.4214,-3.68955,https://maps.google.com/?cid=3850672401853355647,https://www.marriott.com/en-us/hotels/madrc-ac-hotel-recoletos/overview/?scid=f2ae0541-1279-4f24-b197-a979c79310b0,,914 36 13 82,NO,SI
Garden Concha Piquer,"Jardines, Parques, Parques naturales",CULTURA OCIO Y NATURALEZA,"P.º Imperial, 93, Arganzuela, 28005 Madrid, Spain","3,8",86,—,Abierto,40.402,-3.7145,https://maps.google.com/?cid=10494375737285178932,,Monday: Open 24 hours | Tuesday: Open 24 hours | Wednesday: Open 24 hours | Thursday: Open 24 hours | Friday: Open 24 hours | Saturday: Open 24 hours | Sunday: Open 24 hours,915 29 82 10,NO,SI
Embassy of Germany,"Consulados, Embajadas",GOBIERNO,"C. de Fortuny, 8, Chamberí, 28010 Madrid, Spain","3,3",222,—,Abierto,40.4298,-3.69066,https://maps.google.com/?cid=2472863096476958312,http://www.madrid.diplo.de/,Monday: 9:00AM–12:00PM | Tuesday: 9:00AM–12:00PM | Wednesday: 9:00AM–12:00PM | Thursday: 9:00AM–12:00PM | Friday: 9:00AM–12:00PM | Saturday: Closed | Sunday: Closed,915 57 90 00,NO,SI
HanSo Café,Cafés,COMIDA Y BEBIDA,"Corre. Baja de San Pablo, 51, Centro, 28004 Madrid, Spain","4,3",4399,Barato,Abierto,40.4235,-3.70263,https://maps.google.com/?cid=4863409570507183551,https://hansocafe.es/,Monday: 9:00AM–8:00PM | Tuesday: 9:00AM–8:00PM | Wednesday: 9:00AM–8:00PM | Thursday: 9:00AM–8:00PM | Friday: 9:00AM–8:00PM | Saturday: 10:00AM–8:00PM | Sunday: 10:00AM–8:00PM,911 37 54 29,NO,NO
Centro de Cultura Teologica Biblioteca Sacerdotal,Bibliotecas,EDUCACIÓN,"C. Mayor, 81, Centro, 28013 Madrid, Spain",5,3,—,Cerrado temporalmente,40.4149,-3.71386,https://maps.google.com/?cid=10375564438824095038,,,915 41 92 04,NO,SI
MovART Galería de Arte,Galerías de arte,CULTURA OCIO Y NATURALEZA,"C. del Conde Duque, 28, Centro, 28015 Madrid, Spain","3,9",7,—,Cerrado temporalmente,40.4276,-3.71024,https://maps.google.com/?cid=17895596815575396439,http://www.movart.es/,,915 41 02 11,NO,NO
Espacio Contemporánea,Galerías de arte,CULTURA OCIO Y NATURALEZA,"P.º del Marqués de Monistrol, 5, Latina, 28011 Madrid, Spain",5,15,—,Abierto,40.4154,-3.72423,https://maps.google.com/?cid=17641488335641548347,https://espaciocontemporanea.com/,"Monday: 10:00AM–2:00PM, 4:30–8:30PM | Tuesday: 10:00AM–2:00PM, 4:30–8:30PM | Wednesday: 10:00AM–2:00PM, 4:30–8:30PM | Thursday: 10:00AM–2:00PM, 4:30–8:30PM | Friday: 6:00–8:00PM | Saturday: Closed | Sunday: Closed",649 19 93 90,NO,NO
Hotel Príncipe 11,"Campos de golf, Templos budistas","ESPACIOS DEPORTIVOS, ESPACIOS RELIGIOSOS","C. del Príncipe, 11, Centro, 28012 Madrid, Spain","3,5",64,—,Abierto,40.4157,-3.70027,https://maps.google.com/?cid=3263799257943110294,,Monday: Open 24 hours | Tuesday: Open 24 hours | Wednesday: Open 24 hours | Thursday: Open 24 hours | Friday: Open 24 hours | Saturday: Open 24 hours | Sunday: Open 24 hours,914 29 44 70,NO,NO
El Corte Inglés Princesa (libros y electrónica),Centros comerciales,TIENDAS,"Calle de la Princesa, 47, Moncloa - Aravaca, 28008 Madrid, Spain","3,7",27,—,Abierto,40.4298,-3.71672,https://maps.google.com/?cid=13068033530517379818,https://www.elcorteingles.es/,Monday: 10:00AM–10:00PM | Tuesday: 10:00AM–10:00PM | Wednesday: 10:00AM–10:00PM | Thursday: 10:00AM–10:00PM | Friday: 10:00AM–10:00PM | Saturday: 10:00AM–10:00PM | Sunday: 11:00AM–9:00PM,914 54 60 00,NO,SI
ESTADIO bernaBEU,"Campos de fútbol, Pistas de tenis, Polideportivos",ESPACIOS DEPORTIVOS,"Gran Vía, 42, Centro, 28013 Madrid, Spain","4,3",87,—,Abierto,40.4205,-3.70517,https://maps.google.com/?cid=13085598310217227516,,,,NO,NO
Codere Salón de Juego Delicias,Casinos,LOCALES DE OCIO NOCTURNO,"Paseo de las Delicias, 47, Arganzuela, 28045 Madrid, Spain",2,4,—,Abierto,40.4027,-3.69354,https://maps.google.com/?cid=3570085212166144867,http://www.codere.es/,Monday: 10:00AM–12:00AM | Tuesday: 10:00AM–12:00AM | Wednesday: 10:00AM–12:00AM | Thursday: 10:00AM–12:00AM | Friday: 10:00AM–12:00AM | Saturday: 10:00AM–12:00AM | Sunday: 10:00AM–12:00AM,916 68 44 01,NO,NO
Cirugía Estética Plástica y Reparadora,Hospitales,SALUD,"2, Calle Velázquez, 15, Salamanca, 28001 Madrid, Spain",0,0,—,Abierto,40.4227,-3.68455,https://maps.google.com/?cid=10489516190972781686,,,902 78 72 25,NO,SI
"Óptica y Centro Auditivo Ulloa Óptico – Carmen, 12",Clínicas,SALUD,"C. del Carmen, 12, Centro, 28013 Madrid, Spain","4,5",165,—,Abierto,40.4184,-3.70433,https://maps.google.com/?cid=12123527693159418465,https://ulloaoptico.com/centros/opticas-ulloa-optico-en-madrid-centro/?utm_source=GOOGLE&utm_medium=My+Business&utm_campaign=Carmen12,Monday: 10:30AM–9:00PM | Tuesday: 10:30AM–9:00PM | Wednesday: 10:30AM–9:00PM | Thursday: 10:30AM–9:00PM | Friday: 10:30AM–9:00PM | Saturday: 10:30AM–9:00PM | Sunday: Closed,915 22 52 10,NO,SI
Casa de las Siete Chimeneas,"Montañas, Oficinas de turismo, Senderismo","CULTURA OCIO Y NATURALEZA, ESPACIOS DEPORTIVOS, OFICINAS DE TURISMO","Pl. del Rey, 1, Centro, 28004 Madrid, Spain","4,3",471,—,Abierto,40.4201,-3.69647,https://maps.google.com/?cid=13560964666796647922,http://esmadrid.com/,Monday: 9:00AM–6:00PM | Tuesday: 9:00AM–6:00PM | Wednesday: 9:00AM–6:00PM | Thursday: 9:00AM–6:00PM | Friday: 9:00AM–6:00PM | Saturday: Closed | Sunday: Closed,,NO,SI
Church of Our Lady of Montserrat,"Basílicas, Catedrales, Conventos, Ermitas, Iglesias, Monasterios",ESPACIOS RELIGIOSOS,"C. de San Bernardo, 79, Centro, 28015 Madrid, Spain","4,5",103,—,Abierto,40.4276,-3.70648,https://maps.google.com/?cid=16797652516661102633,https://www.archimadrid.org/,Monday: 11:00AM–1:00PM | Tuesday: 11:00AM–1:00PM | Wednesday: 11:00AM–1:00PM | Thursday: 11:00AM–1:00PM | Friday: 11:00AM–1:00PM | Saturday: 11:00AM–1:00PM | Sunday: 11:00AM–1:00PM,914 47 12 50,NO,SI
Marcial Pons Librero,Librerías,TIENDAS,"Pl. del Conde del Valle de Súchil, 8, Chamberí, 28015 Madrid, Spain","4,7",244,—,Abierto,40.4306,-3.70679,https://maps.google.com/?cid=8859887638724505401,https://www.marcialpons.es/libros/novedades/historia-y-ciencias-humanas/,Monday: 9:30AM–8:00PM | Tuesday: 9:30AM–8:00PM | Wednesday: 9:30AM–8:00PM | Thursday: 9:30AM–8:00PM | Friday: 9:30AM–8:00PM | Saturday: 10:00AM–2:00PM | Sunday: Closed,914 48 47 97,NO,SI
Joyería Finarte,Joyerías,TIENDAS,"C. Mayor, 25, Centro, 28013 Madrid, Spain","3,3",45,—,Abierto,40.4162,-3.70688,https://maps.google.com/?cid=5547732662075203339,https://joyeriafinarte.com/,"Monday: 10:00AM–2:00PM, 5:00–8:00PM | Tuesday: 10:00AM–2:00PM, 5:00–8:00PM | Wednesday: 10:00AM–2:00PM, 5:00–8:00PM | Thursday: 10:00AM–2:00PM, 5:00–8:00PM | Friday: 10:00AM–2:00PM, 5:00–8:00PM | Saturday: 10:00AM–2:00PM | Sunday: Closed",913 66 42 62,NO,SI
IED Madrid Gran Vía,Universidades,EDUCACIÓN,"Palacio de Altamira, C. de la Flor Alta, 8, Centro, 28004 Madrid, Spain","3,4",149,—,Abierto,40.4216,-3.70719,https://maps.google.com/?cid=821132892174033086,https://www.ied.es/madrid?activityId=701SX00000KZVey&utm_source=google&utm_medium=mybusiness&utm_campaign=organic_google_gruppo_spain_x&utm_content=postmadrid,Monday: 8:00AM–11:00PM | Tuesday: 8:00AM–11:00PM | Wednesday: 8:00AM–11:00PM | Thursday: 8:00AM–11:00PM | Friday: 8:00AM–11:00PM | Saturday: Closed | Sunday: Closed,914 48 04 44,NO,SI
La Finca de Susana,"Restaurantes, Tapas, Vegano, Vegetariano",COMIDA Y BEBIDA,"C. del Príncipe, 10, Centro, 28012 Madrid, Spain","4,1",6188,Barato,Abierto,40.416,-3.70047,https://maps.google.com/?cid=6202874210288909081,https://andilana.com/locales/la-finca-de-susana/,Monday: 1:00–11:00PM | Tuesday: 1:00–11:00PM | Wednesday: 1:00–11:00PM | Thursday: 1:00–11:00PM | Friday: 1:00–11:30PM | Saturday: 1:00–11:30PM | Sunday: 1:00–11:00PM,913 69 35 57,SI,NO
Shoko Madrid,Discotecas,LOCALES DE OCIO NOCTURNO,"C. de Toledo, 86, Centro, 28005 Madrid, Spain","3,5",5323,Moderado,Abierto,40.4087,-3.71063,https://maps.google.com/?cid=12978408518475505865,http://www.shokomadrid.com/,Monday: Closed | Tuesday: Closed | Wednesday: Closed | Thursday: 12:00–6:00AM | Friday: 12:00–6:00AM | Saturday: 12:00–6:00AM | Sunday: 12:00–6:00AM,913 54 16 80,SI,SI
Real Embajada de Noruega,"Consulados, Embajadas",GOBIERNO,"C. de Serrano, 26, 5ª Planta, Salamanca, 28001 Madrid, Spain","4,1",30,—,Abierto,40.4242,-3.68775,https://maps.google.com/?cid=12121462734939048387,https://www.norway.no/es/spain/,Monday: 9:00AM–3:00PM | Tuesday: 9:00AM–3:00PM | Wednesday: 9:00AM–3:00PM | Thursday: 9:00AM–3:00PM | Friday: 9:00AM–3:00PM | Saturday: Closed | Sunday: Closed,914 36 38 40,NO,SI
Comercio,"Centros culturales, Museos",CULTURA OCIO Y NATURALEZA,"Pl. del Callao, 1, Centro, 28013 Madrid, Spain",5,106,—,Abierto,40.4198,-3.7061,https://maps.google.com/?cid=17145172096427528934,,Monday: 10:00AM–10:00PM | Tuesday: 10:00AM–10:00PM | Wednesday: 10:00AM–10:00PM | Thursday: 10:00AM–10:00PM | Friday: 10:00AM–10:00PM | Saturday: 10:00AM–10:00PM | Sunday: 10:00AM–10:00PM,,NO,NO
Dental Clinic San Bernardo 15,Clínicas,SALUD,"C. de San Bernardo, 15, Centro, 28015 Madrid, Spain","4,5",47,—,Abierto,40.4221,-3.70792,https://maps.google.com/?cid=15220460563349239240,http://dentaldenche.com/,Monday: 10:00AM–6:00PM | Tuesday: 10:00AM–6:00PM | Wednesday: 10:00AM–6:00PM | Thursday: 10:00AM–6:00PM | Friday: 10:00AM–6:00PM | Saturday: Closed | Sunday: Closed,915 42 36 05,NO,SI
Saint James Church - Credential of the Santiago's Road,"Basílicas, Catedrales, Conventos, Ermitas, Iglesias, Monasterios",ESPACIOS RELIGIOSOS,"Pl. de Santiago, 24, Centro, 28013 Madrid, Spain","4,9",28,—,Abierto,40.4168,-3.71127,https://maps.google.com/?cid=10523966991194243276,https://www.santiagoysanjuan.org/camino-de-santiago,"Monday: 10:00AM–1:00PM, 6:00–8:00PM | Tuesday: 10:00AM–1:00PM, 6:00–8:00PM | Wednesday: 10:00AM–1:00PM, 6:00–8:00PM | Thursday: 10:00AM–1:00PM, 6:00–8:00PM | Friday: 10:00AM–1:00PM, 6:00–8:00PM | Saturday: 10:00AM–1:00PM, 6:00–8:00PM | Sunday: 11:00AM–1:00PM, 6:00–8:00PM",915 48 08 24,NO,SI
Monasterio de las Descalzas Reales,"Montañas, Oficinas de turismo, Senderismo","CULTURA OCIO Y NATURALEZA, ESPACIOS DEPORTIVOS, OFICINAS DE TURISMO","Pl. de las Descalzas, 3, Centro, 28013 Madrid, Spain","4,4",3152,—,Abierto,40.4183,-3.70647,https://maps.google.com/?cid=2445274633976791418,https://www.patrimonionacional.es/real-sitio/monasterio-de-las-descalzas-reales,"Monday: Closed | Tuesday: 10:00AM–2:00PM, 4:00–6:30PM | Wednesday: 10:00AM–2:00PM, 4:00–6:30PM | Thursday: 10:00AM–2:00PM, 4:00–6:30PM | Friday: 10:00AM–2:00PM, 4:00–6:30PM | Saturday: 10:00AM–2:00PM, 4:00–6:30PM | Sunday: 10:00AM–3:00PM",,NO,NO
Gaby Soule Clases de Guitarra (Online),Colegios,EDUCACIÓN,"C. de las Minas, 7, Centro, 28004 Madrid, Spain",5,41,—,Abierto,40.4246,-3.70609,https://maps.google.com/?cid=8127105758864190339,http://facebook.com/GabySouleGuitar,Monday: 10:00AM–10:00PM | Tuesday: 10:00AM–10:00PM | Wednesday: 10:00AM–10:00PM | Thursday: 10:00AM–10:00PM | Friday: 10:00AM–10:00PM | Saturday: 10:00AM–10:00PM | Sunday: Closed,603 59 87 48,NO,NO
Biblioteca UESD,Bibliotecas,EDUCACIÓN,"C. de San Buenaventura, 9, Centro, 28005 Madrid, Spain","4,9",9,—,Abierto,40.4121,-3.71583,https://maps.google.com/?cid=899108801262470192,https://www.sandamaso.es/biblioteca/,Monday: 8:30AM–8:30PM | Tuesday: 8:30AM–8:30PM | Wednesday: 8:30AM–8:30PM | Thursday: 8:30AM–8:30PM | Friday: 8:30AM–8:30PM | Saturday: Closed | Sunday: Closed,696 20 59 49,NO,SI
Biblioteca Nacional,Estaciones de autobús,TRANSPORTE,"Centro, 28004 Madrid, Spain","4,3",11,—,Abierto,40.424,-3.69095,https://maps.google.com/?cid=17270789277542051068,,,,NO,SI
APPA art gallery,Galerías de arte,CULTURA OCIO Y NATURALEZA,"C. de Concepción Jerónima, 21, Centro, 28012 Madrid, Spain","4,8",15,—,Cerrado temporalmente,40.4139,-3.70591,https://maps.google.com/?cid=12639498004801915372,http://appaartgallery.com/,,915 02 86 70,NO,NO
The Hole,"Cines, Teatros",CULTURA OCIO Y NATURALEZA,"Calle del Dr Cortezo, 1, Centro, 28012 Madrid, Spain","3,5",47,—,Abierto,40.4137,-3.70357,https://maps.google.com/?cid=6456639395575806900,,,,NO,NO
The Grassy Clock and Watch Museum,"Centros culturales, Museos",CULTURA OCIO Y NATURALEZA,"Gran Vía, 1, Centro, 28013 Madrid, Spain","4,3",40,—,Abierto,40.419,-3.69788,https://maps.google.com/?cid=18409334257929412442,https://www.hautehorlogerie.org/en/encyclopaedia/watchmaking-museums/s/the-grassy-clock-and-watch-museum/,Monday: 11:00AM–8:00PM | Tuesday: 11:00AM–8:00PM | Wednesday: 11:00AM–8:00PM | Thursday: 11:00AM–8:00PM | Friday: 11:00AM–8:00PM | Saturday: 11:00AM–2:30PM | Sunday: Closed,915 32 10 07,NO,SI
Cervantes Institute,Bibliotecas,EDUCACIÓN,"C. Alcalá, 49, Centro, 28014 Madrid, Spain","4,5",405,—,Abierto,40.4193,-3.69535,https://maps.google.com/?cid=9233262162617717485,https://cervantes.org/,Monday: 8:30AM–2:30PM | Tuesday: 8:30AM–2:30PM | Wednesday: 8:30AM–2:30PM | Thursday: 8:30AM–2:30PM | Friday: 8:30AM–2:30PM | Saturday: Closed | Sunday: Closed,914 36 76 00,NO,SI
Real Monasterio de la Encarnación,"Montañas, Oficinas de turismo, Senderismo","CULTURA OCIO Y NATURALEZA, ESPACIOS DEPORTIVOS, OFICINAS DE TURISMO","Pl. de la Encarnación, 1, Centro, 28013 Madrid, Spain","4,6",1556,—,Abierto,40.42,-3.71157,https://maps.google.com/?cid=6880771892865956822,https://www.patrimonionacional.es/real-sitio/real-monasterio-de-la-encarnacion,"Monday: Closed | Tuesday: 10:00AM–2:00PM, 4:00–6:30PM | Wednesday: 10:00AM–2:00PM, 4:00–6:30PM | Thursday: 10:00AM–2:00PM, 4:00–6:30PM | Friday: 10:00AM–2:00PM, 4:00–6:30PM | Saturday: 10:00AM–2:00PM, 4:00–6:30PM | Sunday: 10:00AM–3:00PM",914 54 88 00,NO,NO
Audifonos en Madrid | Centro Social del Audífono,Clínicas,SALUD,"P.º de las Acacias, 4, Arganzuela, 28005 Madrid, Spain","2,8",4,—,Abierto,40.4046,-3.70468,https://maps.google.com/?cid=14823839854942199969,http://www.centrosocialdelaudifono.es/,"Monday: 9:30AM–1:30PM, 4:30–8:00PM | Tuesday: 9:30AM–1:30PM, 4:30–8:00PM | Wednesday: 9:30AM–1:30PM, 4:30–8:00PM | Thursday: 9:30AM–1:30PM, 4:30–8:00PM | Friday: 9:30AM–1:30PM, 4:30–8:00PM | Saturday: Closed | Sunday: Closed",915 06 22 31,NO,SI
Embassy of Bosnia and Herzegovina,"Consulados, Embajadas",GOBIERNO,"Calle de Lagasca, 24, Salamanca, 28001 Madrid, Spain","3,4",21,—,Abierto,40.4227,-3.68555,https://maps.google.com/?cid=4591343624142686845,,,915 75 08 70,NO,SI
Ventura Rodríguez,Estaciones de metro,TRANSPORTE,"Moncloa - Aravaca, 28008 Madrid, Spain","4,1",68,—,Abierto,40.427,-3.71359,https://maps.google.com/?cid=17398715625653506935,,,,NO,SI
Public school Emilia Pardo Bazán,Colegios,EDUCACIÓN,"C. del Ventorrillo, 14, Centro, 28005 Madrid, Spain",0,0,—,Abierto,40.4065,-3.70594,https://maps.google.com/?cid=1640773610295127271,https://www.educa2.madrid.org/web/centro.cp.pardobazan.madrid,,915 30 60 59,NO,NO
La Fragua de Sebín,"Restaurantes, Tapas, Vegano, Vegetariano",COMIDA Y BEBIDA,"Calle del Divino Pastor, 21, Centro, 28004 Madrid, Spain","4,2",1619,Moderado,Abierto,40.4275,-3.70381,https://maps.google.com/?cid=5972388889844521732,https://www.fraguadesebin.es/,Monday: 1:00PM–1:00AM | Tuesday: 1:00PM–1:00AM | Wednesday: 1:00PM–1:00AM | Thursday: 1:00PM–1:00AM | Friday: 1:00PM–1:00AM | Saturday: 1:00PM–2:00AM | Sunday: 1:00PM–2:00AM,914 45 95 97,SI,NO
A Cuba,"Jardines, Parques, Parques naturales",CULTURA OCIO Y NATURALEZA,"Retiro, 28009 Madrid, Spain",0,0,—,—,40.4193,-3.68153,https://maps.google.com/?cid=16326588174211686183,,,,NO,NO
Plaza Fiesta,"Jardines, Parques, Parques naturales",CULTURA OCIO Y NATURALEZA,"C. del Almendro, 3, Centro, 28005 Madrid, Spain","4,4",42,—,Abierto,40.4128,-3.70908,https://maps.google.com/?cid=5585881999856740060,http://www.madrid.es/,Monday: 10:00AM–9:00PM | Tuesday: 10:00AM–9:00PM | Wednesday: 10:00AM–9:00PM | Thursday: 10:00AM–9:00PM | Friday: 10:00AM–9:00PM | Saturday: 12:00–8:00PM | Sunday: 12:00–8:00PM,,NO,SI
ORELLANA-5. Art Gallery,Galerías de arte,CULTURA OCIO Y NATURALEZA,"C. de Orellana, 5, Centro, 28004 Madrid, Spain","4,5",23,—,Abierto,40.4267,-3.69539,https://maps.google.com/?cid=14345159229252709820,http://www.arte-orellana.es/,"Monday: 11:00AM–2:00PM, 4:30–8:30PM | Tuesday: 11:00AM–2:00PM, 4:30–8:30PM | Wednesday: 11:00AM–2:00PM, 4:30–8:30PM | Thursday: 11:00AM–2:00PM, 4:30–8:30PM | Friday: 11:00AM–2:00PM, 4:30–8:30PM | Saturday: 11:00AM–2:00PM, 5:00–8:30PM | Sunday: Closed",914 26 68 29,NO,NO
La Roca iglesia cristiana,"Basílicas, Catedrales, Conventos, Ermitas, Iglesias, Monasterios",ESPACIOS RELIGIOSOS,"Calle de las Delicias, 28, Arganzuela, 28045 Madrid, Spain","4,6",16,—,Abierto,40.4039,-3.69177,https://maps.google.com/?cid=347943978540263727,http://larocaiglesiacristiana.com/,Monday: Closed | Tuesday: Closed | Wednesday: 7:30–9:00PM | Thursday: Closed | Friday: Closed | Saturday: Closed | Sunday: 6:30–8:00PM,,NO,SI
La Cartuja,Discotecas,LOCALES DE OCIO NOCTURNO,"C. de la Cruz, 10, Centro, 28012 Madrid, Spain","4,1",3051,Barato,Abierto,40.4159,-3.70136,https://maps.google.com/?cid=8703429277576431296,https://www.lacartujamadrid.com/,Monday: Closed | Tuesday: Closed | Wednesday: 10:00PM–5:00AM | Thursday: 10:00PM–5:30AM | Friday: 10:00PM–6:00AM | Saturday: 10:00PM–6:00AM | Sunday: 10:00PM–5:30AM,619 27 27 95,SI,NO
La Capilla De La Bolsa,"Restaurantes, Tapas, Vegano, Vegetariano",COMIDA Y BEBIDA,"Calle de la Bolsa, 12, Centro, 28012 Madrid, Spain","4,4",252,Moderado,Abierto,40.4151,-3.70498,https://maps.google.com/?cid=1140471540140338967,http://www.lacapilladelabolsa.com/,"Monday: Closed | Tuesday: 8:30–11:45PM | Wednesday: 1:30–3:45PM, 8:30–11:45PM | Thursday: 1:30–3:45PM, 8:30–11:45PM | Friday: 1:30–3:45PM, 8:30–11:45PM | Saturday: 12:00–3:45PM, 8:30–11:45PM | Sunday: 12:00–3:45PM, 8:30–11:45PM",915 21 86 23,SI,NO
Pastelería Celicioso,Panaderías,COMIDA Y BEBIDA,"C. del Barquillo, 19, Centro, 28004 Madrid, Spain","3,9",1012,Moderado,Abierto,40.4221,-3.69585,https://maps.google.com/?cid=18166171490724205104,http://www.celicioso.shop/,Monday: 9:00AM–5:00PM | Tuesday: 9:00AM–5:00PM | Wednesday: 9:00AM–5:00PM | Thursday: 9:00AM–5:00PM | Friday: 9:00AM–5:00PM | Saturday: 9:00AM–5:00PM | Sunday: 9:00AM–5:00PM,910 05 22 22,NO,SI
El Horno de San Onofre,Panaderías,COMIDA Y BEBIDA,"C. de San Onofre, 3, Centro, 28004 Madrid, Spain","3,9",968,Moderado,Abierto,40.4213,-3.7015,https://maps.google.com/?cid=7118596802741332555,https://pasteleriasanonofre.org/,Monday: 9:00AM–9:30PM | Tuesday: 9:00AM–9:30PM | Wednesday: 9:00AM–9:30PM | Thursday: 9:00AM–9:30PM | Friday: 9:00AM–9:30PM | Saturday: 9:00AM–9:30PM | Sunday: 9:00AM–9:00PM,915 22 85 44,NO,NO
Mezquita Baitul Mukarram Madrid,Mezquitas,ESPACIOS RELIGIOSOS,"C. Provisiones, 7, Centro, 28012 Madrid, Spain","4,8",66,—,Abierto,40.4073,-3.7018,https://maps.google.com/?cid=11209141419245054683,https://www.facebook.com/Comunidad-Musulmana-de-Madrid-Baitul-Mukarram-1150721614993420/?ref=page_internal,Monday: 12:45–8:00PM | Tuesday: 12:45–8:00PM | Wednesday: 12:45–8:00PM | Thursday: 12:45–9:00PM | Friday: 12:45–8:00PM | Saturday: 12:45–8:00PM | Sunday: 12:45–8:00PM,,NO,NO
Stardust,Discotecas,LOCALES DE OCIO NOCTURNO,"C. de Isabel la Católica, 6, Centro, 28013 Madrid, Spain",0,0,—,Abierto,40.4211,-3.70896,https://maps.google.com/?cid=8971290613837255695,http://www.stardustclub.es/,Monday: Closed | Tuesday: Closed | Wednesday: Closed | Thursday: Closed | Friday: 12:00–6:00AM | Saturday: 12:00–6:00AM | Sunday: Closed,,SI,NO
Librerías Deportivas Esteban Sanz,Librerías,TIENDAS,"C. de la Paz, 4, Centro, 28012 Madrid, Spain","4,8",183,—,Abierto,40.4154,-3.70433,https://maps.google.com/?cid=13345763128067906439,http://www.libreriadeportiva.com/,Monday: 10:00AM–2:00PM | Tuesday: 10:00AM–2:00PM | Wednesday: 10:00AM–2:00PM | Thursday: 10:00AM–2:00PM | Friday: 10:00AM–2:00PM | Saturday: Closed | Sunday: Closed,915 21 38 68,NO,SI
Patronato de Enfermos,Hospitales,SALUD,"Calle de Nicasio Gallego, 11, Chamberí, 28010 Madrid, Spain","4,7",3,—,Abierto,40.4295,-3.69664,https://maps.google.com/?cid=10091886634418042002,,,,NO,SI
Alcalá Subastas,Galerías de arte,CULTURA OCIO Y NATURALEZA,"Calle de Núñez de Balboa, 9, Salamanca, 28001 Madrid, Spain","4,2",92,—,Abierto,40.4226,-3.68307,https://maps.google.com/?cid=16327791997162954396,https://www.alcalasubastas.es/es,Monday: 10:30AM–6:00PM | Tuesday: 10:30AM–6:00PM | Wednesday: 10:30AM–6:00PM | Thursday: 10:30AM–6:00PM | Friday: 10:30AM–2:00PM | Saturday: Closed | Sunday: Closed,915 77 87 97,NO,NO
Zara,Tiendas de ropa,TIENDAS,"Gran Vía, 34, Centro, 28013 Madrid, Spain","4,1",8226,Moderado,Abierto,40.4203,-3.70413,https://maps.google.com/?cid=2586071588100476458,https://www.zara.com/es/es/stores-locator/zara-madrid-gran-via-s57,Monday: 10:00AM–10:00PM | Tuesday: 10:00AM–10:00PM | Wednesday: 10:00AM–10:00PM | Thursday: 10:00AM–10:00PM | Friday: 10:00AM–10:00PM | Saturday: 10:00AM–10:00PM | Sunday: 10:00AM–10:00PM,915 21 12 83,NO,SI
Clínica Estética Madrid Vicario,Hospitales,SALUD,"C. del Marqués del Riscal, 9, Planta Calle, Chamberí, 28010 Madrid, Spain",4,78,—,Cerrado temporalmente,40.4307,-3.69082,https://maps.google.com/?cid=5972137594489407257,https://clinicasvicario.es/,,913 10 25 12,NO,SI
Moulin Chocolat,Panaderías,COMIDA Y BEBIDA,"C. Alcalá, 77, Salamanca, 28001 Madrid, Spain","4,4",1418,Caro,Abierto,40.4205,-3.68692,https://maps.google.com/?cid=1354651621045173612,http://www.moulinchocolat.com/,Monday: Closed | Tuesday: 9:00AM–8:00PM | Wednesday: 9:00AM–8:00PM | Thursday: 9:00AM–8:00PM | Friday: 9:00AM–8:00PM | Saturday: 9:00AM–8:00PM | Sunday: 9:00AM–8:00PM,914 31 81 45,NO,NO
mk2 Sunset Cinema,"Cines, Teatros",CULTURA OCIO Y NATURALEZA,"Calle del Marqués de la Ensenada, 10, Centro, 28004 Madrid, Spain","4,6",16,—,Abierto,40.4245,-3.69234,https://maps.google.com/?cid=3063534531868886798,,Monday: Closed | Tuesday: Closed | Wednesday: Closed | Thursday: Closed | Friday: 4:45PM–12:00AM | Saturday: 4:45PM–12:00AM | Sunday: 4:45PM–12:00AM,,SI,NO
Bimba Y Lola,"Joyerías, Zapaterías",TIENDAS,"C. de Serrano, 22, Salamanca, 28001 Madrid, Spain",4,525,—,Abierto,40.4235,-3.68798,https://maps.google.com/?cid=16611412286037693569,https://www.bimbaylola.com/es_es/?utm_source=google&utm_medium=organic&utm_campaign=gmb&utm_term=web,Monday: 10:00AM–9:00PM | Tuesday: 10:00AM–9:00PM | Wednesday: 10:00AM–9:00PM | Thursday: 10:00AM–9:00PM | Friday: 10:00AM–9:00PM | Saturday: 10:00AM–9:00PM | Sunday: 12:00–8:00PM,915 76 11 03,NO,NO
Royal Church of Saint James and Saint John the Baptist,"Basílicas, Catedrales, Conventos, Ermitas, Iglesias, Monasterios",ESPACIOS RELIGIOSOS,"Calle de Santiago, 24, Centro, 28013 Madrid, Spain","4,5",1219,—,Abierto,40.4169,-3.71103,https://maps.google.com/?cid=9615350663475372031,http://www.santiagoysanjuan.org/,"Monday: 10:00AM–1:00PM, 6:00–8:00PM | Tuesday: 10:00AM–1:00PM, 6:00–8:00PM | Wednesday: 10:00AM–1:00PM, 6:00–8:00PM | Thursday: 10:00AM–1:00PM, 6:00–8:00PM | Friday: 10:00AM–1:00PM, 6:00–8:00PM | Saturday: 10:00AM–1:00PM, 6:00–8:00PM | Sunday: 11:00AM–1:00PM, 6:00–8:00PM",915 48 08 24,NO,SI
Museo del Romanticismo,"Centros culturales, Montañas, Museos, Oficinas de turismo, Senderismo","CULTURA OCIO Y NATURALEZA, ESPACIOS DEPORTIVOS, OFICINAS DE TURISMO","C. de San Mateo, 13, Centro, 28004 Madrid, Spain","4,5",8515,—,Abierto,40.4258,-3.69876,https://maps.google.com/?cid=2868032471295602021,http://www.museoromanticismo.es/,Monday: Closed | Tuesday: 9:30AM–8:30PM | Wednesday: 9:30AM–8:30PM | Thursday: 9:30AM–8:30PM | Friday: 10:00AM–3:00PM | Saturday: 9:30AM–8:30PM | Sunday: 10:00AM–3:00PM,914 48 10 45,NO,NO
Sección Centro Cuerpo de Agentes de Movilidad,Ayuntamientos,GOBIERNO,"P.º Viejo, Moncloa - Aravaca, 28011 Madrid, Spain",0,0,—,Abierto,40.4167,-3.72597,https://maps.google.com/?cid=9934091322689993077,,,,NO,NO
Centro Sefarad Israel,"Montañas, Oficinas de turismo, Senderismo","CULTURA OCIO Y NATURALEZA, ESPACIOS DEPORTIVOS, OFICINAS DE TURISMO","C. Mayor, 69, Centro, 28013 Madrid, Spain","4,5",485,—,Abierto,40.4153,-3.71119,https://maps.google.com/?cid=15562286995967310970,http://www.sefarad-israel.es/,Monday: 10:30AM–8:00PM | Tuesday: 10:30AM–8:00PM | Wednesday: 10:30AM–8:00PM | Thursday: 10:30AM–8:00PM | Friday: 10:30AM–8:00PM | Saturday: Closed | Sunday: Closed,913 91 10 02,NO,SI
Misión Evangélica Urbana,"Basílicas, Catedrales, Conventos, Ermitas, Iglesias, Monasterios",ESPACIOS RELIGIOSOS,"C. del Calvario, 12, Centro, 28012 Madrid, Spain",5,25,—,Abierto,40.4114,-3.70226,https://maps.google.com/?cid=3770122809841176359,http://www.misionurbana.org/,Monday: 10:00AM–1:00PM | Tuesday: 10:00AM–1:00PM | Wednesday: 10:00AM–1:00PM | Thursday: 10:00AM–1:00PM | Friday: Closed | Saturday: Closed | Sunday: Closed,640 60 93 67,NO,SI
Cañas y Tapas,"Bares, Cervecerías, Coctelerías","COMIDA Y BEBIDA, LOCALES DE OCIO NOCTURNO","Pl. de Celenque, 1, Centro, 28013 Madrid, Spain",4,4650,Barato,Abierto,40.4174,-3.70603,https://maps.google.com/?cid=6077134517822603800,https://canasytapas.es/?utm_source=google&utm_medium=organic&utm_campaign=google-my-business&utm_content=perfil-celenque,Monday: 10:00AM–11:30PM | Tuesday: 10:00AM–11:30PM | Wednesday: 10:00AM–11:30PM | Thursday: 10:00AM–11:30PM | Friday: 10:00AM–12:30AM | Saturday: 10:00AM–12:30AM | Sunday: 11:00AM–11:30PM,672 74 75 78,SI,SI
Zapaterias Marbella,Zapaterías,TIENDAS,"C. de Tetuán, 26, Centro, 28013 Madrid, Spain","4,7",63,—,Abierto,40.4179,-3.70328,https://maps.google.com/?cid=15771009544196370423,,Monday: 10:00AM–8:30PM | Tuesday: 10:00AM–8:30PM | Wednesday: 10:00AM–8:30PM | Thursday: 10:00AM–8:30PM | Friday: 10:00AM–8:30PM | Saturday: 10:00AM–8:30PM | Sunday: Closed,915 23 19 26,NO,NO
Motel One Madrid - Plaza de España,"Albergues, Apartamentos turísticos, Hostales, Hoteles",ALOJAMIENTOS,"C. del Tutor, 1, Moncloa - Aravaca, 28008 Madrid, Spain","4,3",1402,—,Abierto,40.4256,-3.71379,https://maps.google.com/?cid=17612125018816901137,https://www.motel-one.com/hotels/madrid/hotel-madrid-plaza-de-espana/,,915 41 98 80,NO,SI
Santa Eulalia,Panaderías,COMIDA Y BEBIDA,"C. del Espejo, 12, Centro, 28013 Madrid, Spain","4,4",2272,Moderado,Abierto,40.4171,-3.70967,https://maps.google.com/?cid=6911081624763881180,https://santaeulaliapatisserie.com/,Monday: Closed | Tuesday: 8:30AM–8:00PM | Wednesday: 8:30AM–8:00PM | Thursday: 8:30AM–8:00PM | Friday: 8:30AM–8:00PM | Saturday: 9:00AM–8:00PM | Sunday: 9:00AM–8:00PM,911 38 58 75,NO,SI
Centro De Información Y Asesoramiento Universitario (Ciau),Universidades,EDUCACIÓN,"C. Alcalá, 32, Centro, 28014 Madrid, Spain","4,2",47,—,Abierto,40.4181,-3.6978,https://maps.google.com/?cid=5194589922686573058,https://www.comunidad.madrid/servicios/educacion/servicios-centro-informacion-asesoramiento-universitario-ciau,Monday: 9:00AM–2:00PM | Tuesday: 9:00AM–2:00PM | Wednesday: 9:00AM–2:00PM | Thursday: 9:00AM–2:00PM | Friday: 9:00AM–2:00PM | Saturday: Closed | Sunday: Closed,,NO,SI
Mercado San Fernando,Estaciones de autobús,TRANSPORTE,"Centro, 28012 Madrid, Spain","4,8",32,—,Abierto,40.4076,-3.704,https://maps.google.com/?cid=16536852926817773101,,,,NO,SI
"Hotel Palacio Del Retiro, Autograph Collection","Albergues, Apartamentos turísticos, Hostales, Hoteles",ALOJAMIENTOS,"C. de Alfonso XII, 14, Retiro, 28014 Madrid, Spain","4,5",496,—,Abierto,40.4177,-3.68922,https://maps.google.com/?cid=17703177541002538463,https://www.marriott.com/en-us/hotels/madre-hotel-palacio-del-retiro-autograph-collection/overview/?scid=f2ae0541-1279-4f24-b197-a979c79310b0,,915 23 74 60,NO,SI
El Retiro Park,"Jardines, Montañas, Oficinas de turismo, Parques, Parques naturales, Senderismo","CULTURA OCIO Y NATURALEZA, ESPACIOS DEPORTIVOS, OFICINAS DE TURISMO","Retiro, 28009 Madrid, Spain","4,8",202407,—,Abierto,40.4152,-3.68346,https://maps.google.com/?cid=11415542133959205806,https://www.esmadrid.com/informacion-turistica/parque-del-retiro,Monday: 6:00AM–10:00PM | Tuesday: 6:00AM–10:00PM | Wednesday: 6:00AM–10:00PM | Thursday: 6:00AM–10:00PM | Friday: 6:00AM–10:00PM | Saturday: 6:00AM–10:00PM | Sunday: 6:00AM–10:00PM,,NO,SI
Museo Gran Vía 15,"Centros culturales, Museos",CULTURA OCIO Y NATURALEZA,"Gran Vía, 15, Local, Centro, 28013 Madrid, Spain","4,3",252,—,Cerrado temporalmente,40.4197,-3.70022,https://maps.google.com/?cid=11796528342388161249,https://www.museogranvia15.com/,,918 28 80 10,NO,NO
I.E.S. SAN ISIDRO,Colegios,EDUCACIÓN,"C. de Toledo, 39, Centro, 28005 Madrid, Spain","4,1",232,—,Abierto,40.4126,-3.70734,https://maps.google.com/?cid=10860773878887543319,https://site.educa.madrid.org/ies.sanisidro.madrid/,Monday: 8:15AM–8:30PM | Tuesday: 8:15AM–8:30PM | Wednesday: 8:15AM–8:30PM | Thursday: 8:15AM–8:30PM | Friday: 8:15AM–8:30PM | Saturday: Closed | Sunday: Closed,913 65 12 71,NO,SI
Church of San Andrés Apóstol,"Basílicas, Catedrales, Conventos, Ermitas, Iglesias, Monasterios, Montañas, Oficinas de turismo, Senderismo","CULTURA OCIO Y NATURALEZA, ESPACIOS DEPORTIVOS, ESPACIOS RELIGIOSOS, OFICINAS DE TURISMO","Pl. de San Andrés, 1, Centro, 28005 Madrid, Spain","4,6",688,—,Abierto,40.412,-3.71141,https://maps.google.com/?cid=2412711098269854983,https://www.archimadrid.org/index.php?Itemid=1146,Monday: 6:00–8:00PM | Tuesday: 6:00–8:00PM | Wednesday: 6:00–8:00PM | Thursday: 6:00–8:00PM | Friday: 6:00–8:00PM | Saturday: Closed | Sunday: Closed,913 65 48 71,NO,SI
Restaurante El Buey,"Restaurantes, Tapas, Vegano, Vegetariano",COMIDA Y BEBIDA,"Pl. de la Marina Española, 1, Centro, 28013 Madrid, Spain","4,5",1377,Moderado,Abierto,40.4206,-3.71118,https://maps.google.com/?cid=16614138014221994828,http://restauranteelbuey.com/,"Monday: 1:00–4:00PM, 9:00PM–12:00AM | Tuesday: 1:00–4:00PM, 9:00PM–12:00AM | Wednesday: 1:00–4:00PM, 9:00PM–12:00AM | Thursday: 1:00–4:00PM, 9:00PM–12:00AM | Friday: 1:00–4:00PM, 9:00PM–12:00AM | Saturday: 1:00–4:00PM, 9:00PM–12:00AM | Sunday: 1:00–4:00PM",915 41 30 41,SI,NO
Wonderland Comics,Librerías,TIENDAS,"C. de El Escorial, 3, Centro, 28004 Madrid, Spain","4,6",505,—,Abierto,40.4236,-3.70282,https://maps.google.com/?cid=10371255038079998141,http://www.wonderlandcomics.es/,"Monday: 5:00–8:00PM | Tuesday: 12:00–2:00PM, 5:00–8:00PM | Wednesday: 12:00–2:00PM, 5:00–8:00PM | Thursday: 5:00–8:00PM | Friday: 12:00–2:00PM, 5:00–8:00PM | Saturday: 12:00–2:00PM, 5:00–8:00PM | Sunday: 12:00–2:00PM, 5:00–8:00PM",,NO,NO
Museo del Seguro - Fundación MAPFRE,"Centros culturales, Museos",CULTURA OCIO Y NATURALEZA,"C/ de Bárbara de Braganza, 14, Centro, 28004 Madrid, Spain","4,5",79,—,Abierto,40.4232,-3.69227,https://maps.google.com/?cid=7122355941524708917,https://www.fundacionmapfre.org/fundacion/es_es/exposiciones/museo-del-seguro/,,,NO,SI
Farmacia Cervantes León,Farmacias,SALUD,"C. del León, 13, Centro, 28014 Madrid, Spain","4,7",35,—,Abierto,40.414,-3.69876,https://maps.google.com/?cid=2648742733713850495,http://www.farmaciacervantesleon.com/,Monday: 9:00AM–9:00PM | Tuesday: 9:00AM–9:00PM | Wednesday: 9:00AM–9:00PM | Thursday: 9:00AM–9:00PM | Friday: 9:00AM–9:00PM | Saturday: 9:00AM–2:00PM | Sunday: Closed,914 29 51 58,NO,SI
Príncipe Pío - Campo del Moro,Estaciones de autobús,TRANSPORTE,"Centro, 28013 Madrid, Spain","4,7",7,—,Abierto,40.4195,-3.71994,https://maps.google.com/?cid=7991950138333730089,,,,NO,SI
Rainer Open SchoolSchool,Colegios,EDUCACIÓN,"Gran Vía, 6, 4ª, Centro, 28013 Madrid, Spain",0,0,—,Abierto,40.4195,-3.69786,https://maps.google.com/?cid=3964253094037716691,http://raineropenschool.com/,,918 26 95 15,NO,NO
Gran Vía - Pedro Zerolo,Estaciones de autobús,TRANSPORTE,"Centro, 28013 Madrid, Spain","4,8",4,—,Abierto,40.4199,-3.69994,https://maps.google.com/?cid=9109967478287040820,,,,NO,SI
Integrated Dotacional Center Arganzuela,Gimnasios,ESPACIOS DEPORTIVOS,"C. de Palos de la Frontera, 40, Arganzuela, 28045 Madrid, Spain","3,9",1397,—,Cerrado temporalmente,40.4029,-3.6956,https://maps.google.com/?cid=14963414112845642049,http://www.madrid.es/portales/munimadrid/es/Inicio/Instalaciones/Centro-Cultural-Dotacional-Integrado-Arganzuela?vgnextfmt=default&vgnextoid=f9ea79262ef5d010VgnVCM1000000b205a0aRCRD&vgnextchannel=76f3efff228fe410VgnVCM2000000c205a0aRCRD,,915 27 39 38,NO,SI
el corte ingles,Centros comerciales,TIENDAS,"C. de Villanueva, 2, Salamanca, 28001 Madrid, Spain",0,0,—,Abierto,40.4227,-3.69003,https://maps.google.com/?cid=14051256811520009311,,,,NO,NO
Salón Nevada Quevedo,Casinos,LOCALES DE OCIO NOCTURNO,"C. de Arapiles, 5, Chamberí, 28015 Madrid, Spain","2,7",15,—,Abierto,40.4332,-3.70506,https://maps.google.com/?cid=2373355111027020432,,Monday: 10:00AM–8:00PM | Tuesday: 10:00AM–8:00PM | Wednesday: 10:00AM–8:00PM | Thursday: 10:00AM–8:00PM | Friday: 10:00AM–8:00PM | Saturday: 10:00AM–8:00PM | Sunday: Closed,914 45 93 52,NO,NO
Universidad Rey Juan Carlos: Sede Madrid-Argüelles,Universidades,EDUCACIÓN,"C. de Quintana, 21, Moncloa - Aravaca, 28008 Madrid, Spain","3,8",88,—,Abierto,40.4272,-3.71858,https://maps.google.com/?cid=2923353980036068266,http://www.urjc.es/,Monday: 8:00AM–9:00PM | Tuesday: 8:00AM–9:00PM | Wednesday: 8:00AM–9:00PM | Thursday: 8:00AM–9:00PM | Friday: 8:00AM–9:00PM | Saturday: Closed | Sunday: Closed,916 65 50 60,NO,SI
Cibeles de Cine,"Cines, Teatros",CULTURA OCIO Y NATURALEZA,"Plaza Cibeles, 1, Retiro, 28014 Madrid, Spain","4,5",402,—,Abierto,40.4189,-3.69215,https://maps.google.com/?cid=931764419614945041,https://www.cibelesdecine.com/es/,,,NO,SI
Parking La Latina,Aparcamientos,GASOLINERAS Y APARCAMIENTOS,"C. de Toledo, 88, Centro, 28005 Madrid, Spain","3,2",582,—,Abierto,40.4086,-3.71094,https://maps.google.com/?cid=277616039995293557,https://www.misparkings.com/parking-madrid/parking-la-latina,Monday: Open 24 hours | Tuesday: Open 24 hours | Wednesday: Open 24 hours | Thursday: Open 24 hours | Friday: Open 24 hours | Saturday: Open 24 hours | Sunday: Open 24 hours,910 88 11 40,NO,SI
La Venganza De Malinche | Restaurante Mexicano | Sol,"Restaurantes, Tapas, Vegano, Vegetariano",COMIDA Y BEBIDA,"C. de los Jardines, 5, Centro, 28013 Madrid, Spain","4,3",2714,Moderado,Abierto,40.4189,-3.70135,https://maps.google.com/?cid=10077180072351130018,http://www.venganzamalinche.com/,Monday: 1:00PM–12:00AM | Tuesday: 1:00PM–12:00AM | Wednesday: 1:00PM–12:00AM | Thursday: 1:00PM–12:00AM | Friday: 1:00PM–1:00AM | Saturday: 1:00PM–1:00AM | Sunday: 1:00PM–12:00AM,915 23 41 64,SI,NO
Joyería J.L. Ludeña,Joyerías,TIENDAS,"C. de Tetuán, 32, Centro, 28015 Madrid, Spain","4,3",9,—,Abierto,40.4181,-3.70315,https://maps.google.com/?cid=18277080552888880882,,"Monday: 10:30AM–2:00PM, 5:00–8:00PM | Tuesday: 10:30AM–2:00PM, 5:00–8:00PM | Wednesday: 10:30AM–2:00PM, 5:00–8:00PM | Thursday: 10:30AM–2:00PM, 5:00–8:00PM | Friday: 10:30AM–2:00PM, 5:00–8:00PM | Saturday: 10:30AM–2:00PM | Sunday: Closed",915 21 76 01,NO,NO
UNED Madrid Escuelas Pías,Colegios,EDUCACIÓN,"C. de Tribulete, 14, 3rd floor, Centro, 28012 Madrid, Spain",4,110,—,Abierto,40.4077,-3.70305,https://maps.google.com/?cid=4696985264676925126,http://www.unedmadrid.es/,Monday: 9:00AM–10:00PM | Tuesday: 9:00AM–10:00PM | Wednesday: 9:00AM–10:00PM | Thursday: 9:00AM–10:00PM | Friday: 9:00AM–10:00PM | Saturday: Closed | Sunday: Closed,914 67 58 71,NO,SI
El Pedrusco de Aldealcorvo,"Restaurantes, Tapas, Vegano, Vegetariano",COMIDA Y BEBIDA,"C. de Juan de Austria, 27, Chamberí, 28010 Madrid, Spain","4,6",815,Moderado,Cerrado temporalmente,40.4339,-3.70007,https://maps.google.com/?cid=17463553264992191630,http://elpedruscorestaurante.es/,,914 46 88 33,SI,NO
Escuela Oficial de Maestros Tatuadores,Colegios,EDUCACIÓN,"Calle de Fuencarral, 45, Centro, 28004 Madrid, Spain","4,7",103,—,Abierto,40.4233,-3.70081,https://maps.google.com/?cid=3303949185740147542,https://eomtp.com/,Monday: 9:00AM–2:00PM | Tuesday: 9:00AM–2:00PM | Wednesday: 9:00AM–2:00PM | Thursday: 9:00AM–2:00PM | Friday: 9:00AM–2:00PM | Saturday: Closed | Sunday: Closed,722 66 41 24,NO,SI
EL SÓTANO,Discotecas,LOCALES DE OCIO NOCTURNO,"C. de las Maldonadas, 6, Centro, 28005 Madrid, Spain",4,1144,—,Abierto,40.411,-3.70773,https://maps.google.com/?cid=10700859172409220486,https://www.salaelsotano.com/,Monday: Closed | Tuesday: Closed | Wednesday: 12:00–5:30AM | Thursday: 9:30PM–5:30AM | Friday: 8:30PM–6:00AM | Saturday: 8:30PM–6:00AM | Sunday: 11:00PM–5:30AM,,NO,SI
El Corte Inglés,Aparcamientos,GASOLINERAS Y APARCAMIENTOS,"C. del Maestro Victoria, 4, Centro, 28013 Madrid, Spain","4,3",8,—,Abierto,40.4178,-3.70523,https://maps.google.com/?cid=5246585293332817794,https://www.elcorteingles.es/,,913 79 80 00,NO,SI
Mercadona,Supermercados,COMIDA Y BEBIDA,"C. Villa de Arbancón, 4, Arganzuela, 28005 Madrid, Spain","4,2",3130,—,Abierto,40.4048,-3.70626,https://maps.google.com/?cid=2385827113809592937,https://www.mercadona.es/,Monday: 9:00AM–9:30PM | Tuesday: 9:00AM–9:30PM | Wednesday: 9:00AM–9:30PM | Thursday: 9:00AM–9:30PM | Friday: 9:00AM–9:30PM | Saturday: 9:00AM–9:30PM | Sunday: Closed,915 30 80 07,NO,SI
Plaza de los Cubos,"Centros comerciales, Cines, Teatros","CULTURA OCIO Y NATURALEZA, TIENDAS","Calle de la Princesa, 3, Moncloa - Aravaca, 28008 Madrid, Spain","3,9",6725,—,Abierto,40.4249,-3.71324,https://maps.google.com/?cid=16834003742208056239,https://www.merlinproperties.com/cubosmadrid/,Monday: Open 24 hours | Tuesday: Open 24 hours | Wednesday: Open 24 hours | Thursday: Open 24 hours | Friday: Open 24 hours | Saturday: Open 24 hours | Sunday: Open 24 hours,,NO,SI
Fundación Sexpol,Clínicas,SALUD,"Calle de Fuencarral, 18, 3ª planta, izquierda, Centro, 28004 Madrid, Spain",5,74,—,Abierto,40.4216,-3.70092,https://maps.google.com/?cid=11599530916561629310,http://www.sexpol.net/,,691 65 94 07,NO,NO
Sol,"Estaciones de metro, Estaciones de tren",TRANSPORTE,"Centro, 28013 Madrid, Spain","4,4",1728,—,Abierto,40.4168,-3.70292,https://maps.google.com/?cid=3712219127394990406,,,,NO,SI
Farmacia Carranza 9,Farmacias,SALUD,"C. de Carranza, 9, Centro, 28004 Madrid, Spain","4,2",35,—,Abierto,40.429,-3.70348,https://maps.google.com/?cid=1841510000429023175,https://farmaciacarranza9.com/,"Monday: 10:00AM–3:00PM, 4:00–8:30PM | Tuesday: 10:00AM–3:00PM, 4:00–8:30PM | Wednesday: 10:00AM–3:00PM, 4:00–8:30PM | Thursday: 10:00AM–3:00PM, 4:00–8:30PM | Friday: 10:00AM–3:00PM, 4:00–8:30PM | Saturday: 10:00AM–3:00PM, 4:00–8:30PM | Sunday: Closed",915 08 15 85,NO,SI
BULAN,Gimnasios,ESPACIOS DEPORTIVOS,"Corre. Baja de San Pablo, 2, Centro, 28004 Madrid, Spain","3,6",2580,—,Abierto,40.4214,-3.70488,https://maps.google.com/?cid=16138347674379083206,http://www.bulanfit.com/,Monday: 7:00AM–11:00PM | Tuesday: 7:00AM–11:00PM | Wednesday: 7:00AM–11:00PM | Thursday: 7:00AM–11:00PM | Friday: 7:00AM–11:00PM | Saturday: 10:00AM–9:00PM | Sunday: 10:00AM–8:00PM,620 25 07 30,NO,SI
Beer Station,"Bares, Cervecerías, Coctelerías","COMIDA Y BEBIDA, LOCALES DE OCIO NOCTURNO","Cuesta de Sto. Domingo, 22, Centro, 28013 Madrid, Spain","4,4",3970,Moderado,Abierto,40.4196,-3.70847,https://maps.google.com/?cid=10066421821586178848,http://www.beerstation.com/,Monday: 1:00PM–3:00AM | Tuesday: 1:00PM–3:00AM | Wednesday: 1:00PM–3:00AM | Thursday: 1:00PM–3:00AM | Friday: 1:00PM–3:30AM | Saturday: 3:00PM–3:30AM | Sunday: 3:00PM–3:00AM,915 47 27 48,SI,SI
Barri Twice - Ropa de mujer,Tiendas de ropa,TIENDAS,"Calle del General Arrando, 14, BAJO;LOCAL, Chamberí, 28010 Madrid, Spain","4,6",136,—,Abierto,40.4316,-3.69574,https://maps.google.com/?cid=14758962793610396724,http://www.barritwice.com/,Monday: 10:30AM–8:00PM | Tuesday: 10:30AM–8:00PM | Wednesday: 10:30AM–8:00PM | Thursday: 10:30AM–8:00PM | Friday: 10:30AM–8:00PM | Saturday: 10:30AM–2:00PM | Sunday: Closed,914 46 67 90,NO,NO
Hotel Vincci Centrum,"Campos de golf, Templos budistas","ESPACIOS DEPORTIVOS, ESPACIOS RELIGIOSOS","C. de Cedaceros, 4, Centro, 28014 Madrid, Spain","4,3",1438,—,Abierto,40.4175,-3.69859,https://maps.google.com/?cid=12609574520281017248,https://www.vinccicentrum.com/?utm_source=google&utm_medium=organic&utm_campaign=GoogleMyBusiness&partner=8221,,913 60 47 20,NO,SI
Plaza de España - Terminal,Estaciones de autobús,TRANSPORTE,"Centro, 28015 Madrid, Spain",2,2,—,Abierto,40.4236,-0.37103,https://maps.google.com/?cid=4770568635740233203,,,,NO,SI
La Esquina del Real,"Campos de golf, Restaurantes, Tapas, Templos budistas, Vegano, Vegetariano","COMIDA Y BEBIDA, ESPACIOS DEPORTIVOS, ESPACIOS RELIGIOSOS","C. de la Amnistía, 4, Centro, 28013 Madrid, Spain","4,6",986,Moderado,Abierto,40.4173,-3.71035,https://maps.google.com/?cid=585411687455748825,http://www.laesquinadelreal.com/,"Monday: Closed | Tuesday: 2:00–3:45PM, 9:00PM–11:45AM | Wednesday: 2:00–3:45PM, 9:00PM–11:45AM | Thursday: 2:00–3:45PM, 9:00PM–11:45AM | Friday: 2:00–3:45PM, 9:00PM–11:45AM | Saturday: 2:00–3:45PM, 9:00PM–11:45AM | Sunday: Closed",915 59 43 09,SI,NO
Escuela de Música Creativa,Colegios,EDUCACIÓN,"C. de la Palma, 35, Centro, 28004 Madrid, Spain","4,3",87,—,Abierto,40.4263,-3.70447,https://maps.google.com/?cid=13072268792542246666,https://www.musicacreativa.com/,Monday: 9:30AM–10:00PM | Tuesday: 9:30AM–10:00PM | Wednesday: 9:30AM–10:00PM | Thursday: 9:30AM–10:00PM | Friday: 9:30AM–10:00PM | Saturday: 10:00AM–2:30PM | Sunday: Closed,915 21 11 56,NO,NO
Rizoma Galería @macarratattoo,Galerías de arte,CULTURA OCIO Y NATURALEZA,"C. de Lavapiés, 22, Centro, 28012 Madrid, Spain","4,7",23,—,Cerrado temporalmente,40.4109,-3.70281,https://maps.google.com/?cid=16169973890822569399,https://m.facebook.com/RizomaGaleria/,,611 29 48 06,NO,NO
???? ??????,"Jardines, Parques, Parques naturales",CULTURA OCIO Y NATURALEZA,"C. de Toledo, 63, Centro, 28005 Madrid, Spain",5,1,—,Abierto,40.4111,-3.70783,https://maps.google.com/?cid=10444497284898801627,,,,NO,NO
Cathedral Church of the Armed Forces,"Basílicas, Catedrales, Conventos, Ermitas, Iglesias, Monasterios, Montañas, Oficinas de turismo, Senderismo","CULTURA OCIO Y NATURALEZA, ESPACIOS DEPORTIVOS, ESPACIOS RELIGIOSOS, OFICINAS DE TURISMO","C. del Sacramento, 11, Centro, 28005 Madrid, Spain","4,6",1610,—,Abierto,40.4146,-3.71219,https://maps.google.com/?cid=11873126048836040995,https://www.arzobispadocastrense.com/index.php/arzobispado/iglesia-catedral-de-las-fas,"Monday: 8:00AM–2:00PM, 4:00–9:00PM | Tuesday: 8:00AM–2:00PM, 4:00–9:00PM | Wednesday: 8:00AM–2:00PM, 4:00–9:00PM | Thursday: 8:00AM–2:00PM, 4:00–9:00PM | Friday: 8:00AM–2:00PM, 4:00–9:00PM | Saturday: Closed | Sunday: Closed",918 18 89 91,NO,SI
Parque de Perro,"Jardines, Parques, Parques naturales",CULTURA OCIO Y NATURALEZA,"C. de Requena, 7, Centro, Centro, 28013 Madrid, Spain",5,1,—,Abierto,40.4173,-3.7127,https://maps.google.com/?cid=7509792903025237183,,Monday: Open 24 hours | Tuesday: Open 24 hours | Wednesday: Open 24 hours | Thursday: Open 24 hours | Friday: Open 24 hours | Saturday: Open 24 hours | Sunday: Open 24 hours,,NO,SI
Brita Prinz Arte SA,Galerías de arte,CULTURA OCIO Y NATURALEZA,"C. de Gravina, 27, 1d, Centro, 28004 Madrid, Spain",5,2,—,Abierto,40.4226,-3.69597,https://maps.google.com/?cid=16061629416897864630,http://www.britaprinzarte.com/,Monday: 10:00AM–2:00PM | Tuesday: 10:00AM–2:00PM | Wednesday: 10:00AM–2:00PM | Thursday: 10:00AM–2:00PM | Friday: 10:00AM–2:00PM | Saturday: Closed | Sunday: Closed,915 22 18 21,NO,NO
Lidl,Supermercados,COMIDA Y BEBIDA,"Pl. de Tirso de Molina, 16, Centro, 28012 Madrid, Spain",4,4616,—,Abierto,40.4126,-3.70458,https://maps.google.com/?cid=3677910536199252402,https://www.lidl.es/,Monday: 9:00AM–11:00PM | Tuesday: 9:00AM–11:00PM | Wednesday: 9:00AM–11:00PM | Thursday: 9:00AM–11:00PM | Friday: 9:00AM–11:00PM | Saturday: 9:00AM–11:00PM | Sunday: 9:00AM–11:00PM,900 958 311,NO,SI
Lidl,Supermercados,COMIDA Y BEBIDA,"C/ del Áncora, 3, Arganzuela, 28045 Madrid, Spain",4,2535,—,Abierto,40.403,-3.69301,https://maps.google.com/?cid=17675573229821631438,https://www.lidl.es/,Monday: 9:00AM–10:00PM | Tuesday: 9:00AM–10:00PM | Wednesday: 9:00AM–10:00PM | Thursday: 9:00AM–10:00PM | Friday: 9:00AM–10:00PM | Saturday: 9:00AM–10:00PM | Sunday: 9:00AM–10:00PM,900 958 311,NO,SI
Trixi Bike Rental & Tour,"Montañas, Oficinas de turismo, Senderismo","CULTURA OCIO Y NATURALEZA, ESPACIOS DEPORTIVOS, OFICINAS DE TURISMO","C. de los Jardines, 12, Centro, 28013 Madrid, Spain","4,9",744,—,Abierto,40.4188,-3.70124,https://maps.google.com/?cid=3137176212955894735,https://www.trixi.com/,Monday: 10:00AM–6:00PM | Tuesday: 10:00AM–6:00PM | Wednesday: 10:00AM–6:00PM | Thursday: 10:00AM–6:00PM | Friday: 10:00AM–6:00PM | Saturday: 10:00AM–8:00PM | Sunday: 10:00AM–8:00PM,915 23 15 47,NO,SI
La Embajada de la Republica Stavshult,"Consulados, Embajadas",GOBIERNO,"C. de Don Pedro, 20, Centro, 28005 Madrid, Spain",0,0,—,Abierto,40.4119,-3.71453,https://maps.google.com/?cid=4328308604871877439,,,,NO,NO
Fundación Universitaria San Pablo CEU,Universidades,EDUCACIÓN,"C. del Tutor, 35, Moncloa - Aravaca, 28008 Madrid, Spain","4,3",18,—,Abierto,40.4288,-3.71639,https://maps.google.com/?cid=4060632994245883680,http://www.ceu.es/,,914 56 63 00,NO,SI
Petit Palace Triball,"Albergues, Apartamentos turísticos, Campos de golf, Hostales, Hoteles, Templos budistas","ALOJAMIENTOS, ESPACIOS DEPORTIVOS, ESPACIOS RELIGIOSOS","C. Gonzalo Jiménez de Quesada, 2, Centro, 28004 Madrid, Spain","4,5",1760,—,Abierto,40.4205,-3.7029,https://maps.google.com/?cid=590749671207595845,https://www.petitpalacetriball.com/en/?utm_source=google&utm_medium=organic&utm_campaign=MyBusiness&utm_content=ITA&origin_source=google&origin_medium=organic&origin_campaign=MyBusiness,,915 22 47 90,NO,SI
Psicotécnicos Fernando el Católico 3,Hospitales,SALUD,"C. de Fernando el Católico, 3, 3 izquierda, Chamberí, 28015 Madrid, Spain","4,6",116,—,Abierto,40.4336,-3.70618,https://maps.google.com/?cid=12405808813838919615,https://calendly.com/certificadosmedicosfernandoelcatolico3,"Monday: 9:00AM–1:00PM, 6:00–8:00PM | Tuesday: 9:00AM–1:00PM, 6:00–8:00PM | Wednesday: 11:00AM–1:00PM, 6:00–8:00PM | Thursday: 9:00AM–1:00PM, 6:00–8:00PM | Friday: 9:00AM–1:00PM, 6:00–8:00PM | Saturday: Closed | Sunday: Closed",914 48 35 39,NO,NO
Buen-Suceso Church,"Basílicas, Catedrales, Conventos, Ermitas, Iglesias, Monasterios",ESPACIOS RELIGIOSOS,"Calle de la Princesa, 43, 2, Moncloa - Aravaca, 28008 Madrid, Spain","4,6",1045,—,Abierto,40.4293,-3.71593,https://maps.google.com/?cid=11778435803235926492,https://parroquiabuensuceso.es/,"Monday: 8:30AM–2:00PM, 6:00–9:00PM | Tuesday: 8:30AM–2:00PM, 6:00–9:00PM | Wednesday: 8:30AM–2:00PM, 6:00–9:00PM | Thursday: 8:30AM–9:00PM | Friday: 8:30AM–2:00PM, 6:00–9:00PM | Saturday: 8:30AM–2:00PM, 6:00–9:00PM | Sunday: 9:00AM–8:30PM",915 48 22 45,NO,SI
Calzados Alejandro,Zapaterías,TIENDAS,"Paseo de las Delicias, 45, Arganzuela, 28045 Madrid, Spain","4,4",5,—,Abierto,40.4032,-3.69336,https://maps.google.com/?cid=12358684874357969181,,"Monday: 10:00AM–3:00PM, 5:00–9:00PM | Tuesday: 10:00AM–3:00PM, 5:00–9:00PM | Wednesday: 10:00AM–3:00PM, 5:00–9:00PM | Thursday: 10:00AM–3:00PM, 5:00–9:00PM | Friday: 10:00AM–3:00PM, 5:00–9:00PM | Saturday: 10:00AM–3:00PM, 5:00–9:00PM | Sunday: 10:00AM–3:00PM, 5:00–9:00PM",915 06 41 93,NO,SI
Basic-Fit,Gimnasios,ESPACIOS DEPORTIVOS,"C. de Atocha, 24, Centro, 28012 Madrid, Spain","3,4",1431,—,Abierto,40.4136,-3.70241,https://maps.google.com/?cid=5202579727475924332,https://www.basic-fit.com/es-es/clubs/basic-fit-madrid-calle-atocha-10de0995d7994dcc871a043efadec876.html?utm_medium=yext&utm_source=gmb,Monday: 7:00AM–10:30PM | Tuesday: 7:00AM–10:30PM | Wednesday: 7:00AM–10:30PM | Thursday: 7:00AM–10:30PM | Friday: 7:00AM–10:30PM | Saturday: 8:00AM–9:00PM | Sunday: 8:00AM–9:00PM,851 96 04 67,NO,NO
Black & White,Discotecas,LOCALES DE OCIO NOCTURNO,"C. de la Libertad, 34, Centro, 28004 Madrid, Spain","4,1",1566,—,Abierto,40.4226,-3.69675,https://maps.google.com/?cid=13965533682271774518,http://www.instagram.com/blackwhitemadrid,Monday: 12:00–5:30AM | Tuesday: 12:00–5:30AM | Wednesday: 12:00–5:30AM | Thursday: 12:00–5:30AM | Friday: 8:30PM–6:00AM | Saturday: 8:30PM–6:00AM | Sunday: Closed,665 63 34 89,NO,SI
Garaje Fermar,Aparcamientos,GASOLINERAS Y APARCAMIENTOS,"C. de la Escalinata, 1, Centro, 28013 Madrid, Spain","3,5",90,—,Abierto,40.4167,-3.70937,https://maps.google.com/?cid=14291816651188191461,https://www.garajefermar.madrid/,Monday: 8:00AM–12:00AM | Tuesday: 8:00AM–12:00AM | Wednesday: 8:00AM–12:00AM | Thursday: 8:00AM–12:00AM | Friday: 8:00AM–12:00AM | Saturday: 8:00AM–12:00AM | Sunday: 8:00AM–12:00AM,915 41 36 00,NO,SI
Parking VOT Madrid Central - Promoparc,Aparcamientos,GASOLINERAS Y APARCAMIENTOS,"Calle de la Ventosa, 26, Centro, 28005 Madrid, Spain","3,6",340,—,Abierto,40.4086,-3.71477,https://maps.google.com/?cid=8623671639167508325,https://www.reservas.promoparc.es/parking-madrid/parking-vot-promoparc-madrid-central,Monday: Open 24 hours | Tuesday: Open 24 hours | Wednesday: Open 24 hours | Thursday: Open 24 hours | Friday: Open 24 hours | Saturday: Open 24 hours | Sunday: Open 24 hours,913 65 88 17,NO,SI
Hotel Urban,"Albergues, Apartamentos turísticos, Campos de golf, Hostales, Hoteles, Templos budistas","ALOJAMIENTOS, ESPACIOS DEPORTIVOS, ESPACIOS RELIGIOSOS","Cra de S. Jerónimo, 34, Centro, 28014 Madrid, Spain","4,5",1985,—,Abierto,40.4164,-3.6986,https://maps.google.com/?cid=5071702397368184727,https://www.hotelurban.com/,Monday: Open 24 hours | Tuesday: Open 24 hours | Wednesday: Open 24 hours | Thursday: Open 24 hours | Friday: Open 24 hours | Saturday: Open 24 hours | Sunday: Open 24 hours,917 87 77 70,NO,SI
Librería Desnivel,"Librerías, Mercados, Perfumerías, Tiendas","COMIDA Y BEBIDA, TIENDAS","Pl. de Matute, 6, Centro, 28012 Madrid, Spain","4,8",1932,—,Abierto,40.4132,-3.69971,https://maps.google.com/?cid=5036317515591613524,http://www.libreriadesnivel.com/,Monday: 10:00AM–8:30PM | Tuesday: 10:00AM–8:30PM | Wednesday: 10:00AM–8:30PM | Thursday: 10:00AM–8:30PM | Friday: 10:00AM–8:30PM | Saturday: 11:00AM–8:00PM | Sunday: Closed,913 69 42 90,NO,SI
SKECHERS,Zapaterías,TIENDAS,"C. del Arenal, 16, Centro, 28013 Madrid, Spain","4,3",1301,Moderado,Abierto,40.4173,-3.70656,https://maps.google.com/?cid=2323307877416280095,https://www.skechers.com/es-es,Monday: 10:00AM–10:00PM | Tuesday: 10:00AM–10:00PM | Wednesday: 9:00AM–9:30PM | Thursday: 10:00AM–10:00PM | Friday: 10:00AM–10:00PM | Saturday: 10:00AM–10:00PM | Sunday: 11:00AM–9:00PM,915 31 78 85,NO,SI
Librería jurídica Lex Nova,"Bibliotecas, Librerías","EDUCACIÓN, TIENDAS","Calle del Marqués de la Ensenada, 4, Centro, 28004 Madrid, Spain","4,6",53,—,Abierto,40.4238,-3.69263,https://maps.google.com/?cid=814455685744255305,http://www.librerialexnova.com/,Monday: 9:00AM–8:00PM | Tuesday: 9:00AM–8:00PM | Wednesday: 9:00AM–8:00PM | Thursday: 9:00AM–8:00PM | Friday: 9:00AM–8:00PM | Saturday: 10:00AM–2:00PM | Sunday: Closed,913 19 56 10,NO,SI
Madrid,"Campos de golf, Templos budistas","ESPACIOS DEPORTIVOS, ESPACIOS RELIGIOSOS","Madrid, Spain",0,0,—,—,40.4167,-3.70329,https://maps.google.com/?cid=14138733002322879081,,,,NO,NO
EMUI_ EuroMed University,Universidades,EDUCACIÓN,"C. de San Bernardo, 49, Centro, 28015 Madrid, Spain",5,1,—,Abierto,40.425,-3.70771,https://maps.google.com/?cid=11842503420966403586,,,913 94 55 23,NO,SI
"adidas Shop-in-Shop Madrid, ECI",Zapaterías,TIENDAS,"Prta del Sol, 10, ECI, Centro, 28013 Madrid, Spain","4,1",326,—,Abierto,40.417,-3.70436,https://maps.google.com/?cid=14640081250152205568,https://go.adidas.com/ihha/11c0ab86,Monday: 10:00AM–10:00PM | Tuesday: 10:00AM–10:00PM | Wednesday: 10:00AM–10:00PM | Thursday: 10:00AM–10:00PM | Friday: 10:00AM–10:00PM | Saturday: 10:00AM–10:00PM | Sunday: Closed,918 36 88 67,NO,SI
Tous,Joyerías,TIENDAS,"Gran Vía, 38, Centro, 28013 Madrid, Spain","4,2",314,—,Abierto,40.4204,-3.70454,https://maps.google.com/?cid=11477586948248961101,https://www.tous.com/es-es/,Monday: 10:00AM–10:00PM | Tuesday: 10:00AM–10:00PM | Wednesday: 10:00AM–10:00PM | Thursday: 10:00AM–10:00PM | Friday: 10:00AM–10:00PM | Saturday: 10:00AM–10:00PM | Sunday: 11:00AM–9:00PM,636 35 96 17,NO,SI
Palomeque,Tiendas de ropa,TIENDAS,"C. del Duque de Alba, 5, Centro, 28012 Madrid, Spain","2,9",444,—,Abierto,40.4118,-3.70571,https://maps.google.com/?cid=780625327835330949,http://palomeque.eu/,"Monday: 10:00AM–2:00PM, 5:00–8:15PM | Tuesday: 10:00AM–2:00PM, 5:00–8:15PM | Wednesday: 10:00AM–2:00PM, 5:00–8:15PM | Thursday: 10:00AM–2:00PM, 5:00–8:15PM | Friday: 10:00AM–2:00PM | Saturday: Closed | Sunday: Closed",913 69 11 61,NO,SI
Oratorio del Caballero de Gracia,"Basílicas, Catedrales, Conventos, Ermitas, Iglesias, Monasterios",ESPACIOS RELIGIOSOS,"C. del Caballero de Gracia, 5, Centro, 28013 Madrid, Spain","4,8",1097,—,Abierto,40.4197,-3.70063,https://maps.google.com/?cid=8191465256948114946,http://caballerodegracia.org/,"Monday: 10:00AM–1:45PM, 5:00–8:45PM | Tuesday: 10:00AM–1:45PM, 5:00–8:45PM | Wednesday: 10:00AM–1:45PM, 5:00–8:45PM | Thursday: 10:00AM–1:45PM, 5:00–8:45PM | Friday: 10:00AM–1:45PM, 5:00–8:45PM | Saturday: 10:00AM–1:45PM, 5:00–8:45PM | Sunday: 10:00AM–1:45PM, 5:00–8:45PM",915 32 69 37,NO,NO
Garaje REIM,Aparcamientos,GASOLINERAS Y APARCAMIENTOS,"C. de San Bernardino, 4, Centro, 28015 Madrid, Spain","3,4",152,—,Abierto,40.4248,-3.7097,https://maps.google.com/?cid=9898048605235287590,,Monday: 7:00AM–11:00PM | Tuesday: 7:00AM–12:00AM | Wednesday: 7:00AM–3:00AM | Thursday: 7:00AM–12:00AM | Friday: Open 24 hours | Saturday: Open 24 hours | Sunday: Open 24 hours,915 59 62 40,NO,NO
OTOTECH - Centro Terapéutico de Audición,Hospitales,SALUD,"C. del Conde de Aranda, 15, Salamanca, 28001 Madrid, Spain","2,4",14,—,Abierto,40.4218,-3.6862,https://maps.google.com/?cid=17950270700913189966,http://www.ototech.es/,,911 47 00 47,NO,SI
San Bernardo Medical Center,"Clínicas, Hospitales",SALUD,"Calle de Jerónimo de la Quintana, 8, Chamberí, 28010 Madrid, Spain",3,47,—,Abierto,40.4314,-3.70455,https://maps.google.com/?cid=8750506722799405554,http://www.cmsb.es/,"Monday: 9:30AM–1:30PM, 4:30–8:30PM | Tuesday: 9:30AM–1:30PM, 4:30–8:30PM | Wednesday: 9:30AM–1:30PM, 4:30–8:30PM | Thursday: 9:30AM–1:30PM, 4:30–8:30PM | Friday: 9:30AM–1:30PM, 4:30–8:30PM | Saturday: 10:00AM–2:00PM | Sunday: Closed",914 48 11 07,NO,SI
Cines Renoir Plaza de España,"Cines, Teatros",CULTURA OCIO Y NATURALEZA,"C. de Martín de los Heros, 12, Moncloa - Aravaca, 28008 Madrid, Spain","4,2",858,—,Abierto,40.4243,-3.71338,https://maps.google.com/?cid=5506942628332559590,https://www.cinesrenoir.com/cine/renoir-plaza-de-espana/cartelera/,Monday: 4:00PM–1:00AM | Tuesday: 4:00PM–1:00AM | Wednesday: 4:00PM–1:00AM | Thursday: 4:00PM–1:00AM | Friday: 4:00PM–1:00AM | Saturday: 4:00PM–1:00AM | Sunday: 4:00PM–1:00AM,913 34 21 77,NO,SI
Rosi La Loca,Discotecas,LOCALES DE OCIO NOCTURNO,"C. de Cádiz, 4, Centro, 28012 Madrid, Spain","4,7",19109,Barato,Abierto,40.4158,-3.70298,https://maps.google.com/?cid=7112650868937611535,http://www.rosilaloca.com/,Monday: 12:30PM–1:30AM | Tuesday: 12:30PM–1:30AM | Wednesday: 12:30PM–1:30AM | Thursday: 12:30PM–1:30AM | Friday: 12:30PM–1:30AM | Saturday: 12:00PM–1:30AM | Sunday: 12:00PM–1:30AM,915 32 66 81,SI,NO
ASOCIACIÓN MADRILEÑA DE AGORAFOBIA,Clínicas,SALUD,"C. de Isabel la Católica, 12, Centro, 28013 Madrid, Spain","4,9",431,—,Abierto,40.4216,-3.70923,https://maps.google.com/?cid=5353994340067923650,http://www.amadag.com/,Monday: 9:00AM–9:00PM | Tuesday: 9:00AM–9:00PM | Wednesday: 9:00AM–9:00PM | Thursday: 9:00AM–9:00PM | Friday: 9:00AM–9:00PM | Saturday: Closed | Sunday: Closed,911 19 81 57,NO,NO
International Dermatology Clinic,Clínicas,SALUD,"C. del Marqués de Villamagna, 8, Salamanca, 28001 Madrid, Spain","4,5",301,—,Abierto,40.4292,-3.68802,https://maps.google.com/?cid=16097449256020507878,https://www.clinicadermatologicainternacional.com/,Monday: 10:00AM–6:00PM | Tuesday: 10:00AM–6:00PM | Wednesday: 10:00AM–6:00PM | Thursday: 10:00AM–6:00PM | Friday: 10:00AM–6:00PM | Saturday: Closed | Sunday: Closed,914 44 97 97,NO,SI
Callao,Estaciones de autobús,TRANSPORTE,"Centro, 28013 Madrid, Spain","3,4",5,—,Abierto,40.4208,-3.70832,https://maps.google.com/?cid=18199237419645606706,,,,NO,SI
Springfield,Zapaterías,TIENDAS,"Gran Vía, 40, Centro, 28013 Madrid, Spain",4,938,—,Abierto,40.4204,-3.7049,https://maps.google.com/?cid=17487416118809700511,https://myspringfield.com/es/es,Monday: 10:00AM–9:30PM | Tuesday: 10:00AM–9:30PM | Wednesday: 10:00AM–9:30PM | Thursday: 10:00AM–9:30PM | Friday: 10:00AM–9:30PM | Saturday: 10:00AM–9:30PM | Sunday: 11:00AM–9:00PM,915 21 37 63,NO,SI
Joyería Unión Suiza Vendrell,Joyerías,TIENDAS,"Gran Vía, 26, Centro, 28013 Madrid, Spain","4,4",40,—,Abierto,40.4201,-3.70154,https://maps.google.com/?cid=15584719999786143619,http://www.unionsuiza.com/,Monday: 10:30AM–8:00PM | Tuesday: 10:30AM–8:00PM | Wednesday: 10:30AM–8:00PM | Thursday: 10:30AM–8:00PM | Friday: 10:30AM–8:00PM | Saturday: Closed | Sunday: Closed,915 22 15 58,NO,SI
Wedding rings collection- Pepe Dry Joyería Artesanal,Joyerías,TIENDAS,"Imprescindible Cita Previa, C. Mayor, 4, 2º 10, Centro, 28013 Madrid, Spain","4,9",110,—,Abierto,40.4166,-3.70528,https://maps.google.com/?cid=16966283389034854205,https://www.pepedry.com/,"Monday: 9:00AM–2:00PM, 5:00–8:00PM | Tuesday: 9:00AM–2:00PM, 5:00–8:00PM | Wednesday: 9:00AM–2:00PM, 5:00–8:00PM | Thursday: 9:00AM–2:00PM, 5:00–8:00PM | Friday: 9:00AM–2:00PM, 5:00–8:00PM | Saturday: 10:00AM–1:00PM | Sunday: Closed",914 91 14 55,NO,SI
Starbucks,"Cafés, Panaderías",COMIDA Y BEBIDA,"C. de Preciados, 27, Centro, 28013 Madrid, Spain","3,9",749,Moderado,Abierto,40.4195,-3.7063,https://maps.google.com/?cid=15746218471330436612,http://www.starbucks.es/,Monday: 7:30AM–10:00PM | Tuesday: 7:30AM–10:00PM | Wednesday: 7:30AM–10:00PM | Thursday: 7:30AM–10:00PM | Friday: 7:30AM–10:00PM | Saturday: 8:00AM–10:30PM | Sunday: 8:00AM–10:00PM,910 50 89 08,NO,SI
Sagaretxe,"Bares, Cervecerías, Coctelerías, Restaurantes, Tapas, Vegano, Vegetariano","COMIDA Y BEBIDA, LOCALES DE OCIO NOCTURNO","C. de Eloy Gonzalo, 26, Chamberí, 28010 Madrid, Spain",4,3900,Moderado,Abierto,40.4342,-3.701,https://maps.google.com/?cid=7912598871521807812,https://sagaretxe.net/,"Monday: 12:30–5:00PM, 7:30PM–12:00AM | Tuesday: 12:30–5:00PM, 7:30PM–12:00AM | Wednesday: 12:30–5:00PM, 7:30PM–12:00AM | Thursday: 12:30–5:00PM, 7:30PM–12:00AM | Friday: 12:30–5:00PM, 7:30PM–12:00AM | Saturday: 12:30–5:00PM, 7:30PM–12:00AM | Sunday: 12:30–5:00PM, 7:30PM–12:00AM",914 46 25 88,SI,NO
Parroquia de San Lorenzo,"Basílicas, Catedrales, Conventos, Ermitas, Iglesias, Monasterios",ESPACIOS RELIGIOSOS,"Metro Lavapies, Calle del Dr. Piga, 2, Centro, 28012 Madrid, Spain","4,6",679,—,Abierto,40.4087,-3.69903,https://maps.google.com/?cid=10635888511751774046,,"Monday: 10:00AM–1:00PM, 6:00–8:00PM | Tuesday: 10:00AM–1:00PM, 6:00–8:00PM | Wednesday: 10:00AM–1:00PM, 6:00–8:00PM | Thursday: 10:00AM–1:00PM, 6:00–8:00PM | Friday: 10:00AM–1:00PM, 6:00–8:00PM | Saturday: 10:00AM–8:00PM | Sunday: 9:00AM–5:00PM",915 27 34 61,NO,NO
EVENTOS CHANGO CLUB,Discotecas,LOCALES DE OCIO NOCTURNO,"Calle de Covarrubias, 42, Chamberí, 28010 Madrid, Spain","3,9",1513,Moderado,Abierto,40.4316,-3.69813,https://maps.google.com/?cid=10379516650335675488,http://changomadrid.com/,Monday: Closed | Tuesday: Closed | Wednesday: 11:30PM–5:30AM | Thursday: 11:30PM–5:30AM | Friday: 11:30PM–6:00AM | Saturday: 11:30PM–6:00AM | Sunday: Closed,673 29 88 70,SI,NO
Dejar de fumar con acupuntura,Hospitales,SALUD,"P.º de la Infanta Isabel, 29, 1ro Dcha, Retiro, 28014 Madrid, Spain",0,0,—,Abierto,40.4066,-3.68565,https://maps.google.com/?cid=13682541452737039928,http://www.dejardefumarconacupuntura.es/,Monday: 8:00AM–10:00PM | Tuesday: 8:00AM–10:00PM | Wednesday: 8:00AM–10:00PM | Thursday: 8:00AM–10:00PM | Friday: 8:00AM–10:00PM | Saturday: 9:00AM–5:00PM | Sunday: Closed,644 11 14 44,NO,SI
Secret Rooftop Garden,Cafés,COMIDA Y BEBIDA,"C. de la Montera, 37, Planta 3, Centro, 28013 Madrid, Spain","4,4",1109,—,Abierto,40.419,-3.70221,https://maps.google.com/?cid=16330791759054382723,http://www.salvadorbachiller.com/,Monday: 11:30AM–10:30PM | Tuesday: 11:00AM–11:00PM | Wednesday: 11:30AM–10:30PM | Thursday: 11:30AM–10:30PM | Friday: 11:30AM–10:30PM | Saturday: 11:30AM–10:30PM | Sunday: 11:30AM–10:30PM,,SI,NO
Gym AltaFit Puerta de Toledo,Gimnasios,ESPACIOS DEPORTIVOS,"C. de las Cigarreras, 3, Arganzuela, 28005 Madrid, Spain","4,2",389,—,Abierto,40.4051,-3.70766,https://maps.google.com/?cid=3607040664945992273,https://altafitgymclub.com/gimnasios/madrid-puertadetoledo/,Monday: 7:00AM–11:00PM | Tuesday: 7:00AM–11:00PM | Wednesday: 7:00AM–11:00PM | Thursday: 7:00AM–11:00PM | Friday: 7:00AM–11:00PM | Saturday: 9:00AM–8:00PM | Sunday: 9:00AM–3:00PM,,NO,SI
Mimoki,Tiendas de ropa,TIENDAS,"C. del Conde de Aranda, 8, Salamanca, 28001 Madrid, Spain","4,2",161,—,Abierto,40.4217,-3.68763,https://maps.google.com/?cid=17566601002420650737,http://www.mimoki.es/,Monday: 11:00AM–8:30PM | Tuesday: 11:00AM–8:30PM | Wednesday: 11:00AM–8:30PM | Thursday: 11:00AM–8:30PM | Friday: 11:00AM–8:30PM | Saturday: 11:00AM–2:30PM | Sunday: Closed,911 82 51 31,NO,NO
The Ebru Lab,Universidades,EDUCACIÓN,"C. del Duque de Alba, 15, Centro, 28012 Madrid, Spain",0,0,—,Abierto,40.4115,-3.70666,https://maps.google.com/?cid=16721350602417094421,,,601 30 44 54,NO,SI
11 Nudos Madrid,"Bares, Cervecerías, Coctelerías","COMIDA Y BEBIDA, LOCALES DE OCIO NOCTURNO","Terraza Mercado de San Antón, C. de Augusto Figueroa, 24, 3ª planta, Centro, 28004 Madrid, Spain","4,1",3976,Caro,Abierto,40.422,-3.69755,https://maps.google.com/?cid=4684091705908314090,https://www.osborne.es/es/restaurante-11-nudos-terraza-nordes,Monday: 12:00PM–12:00AM | Tuesday: 12:00PM–12:00AM | Wednesday: 12:00PM–12:00AM | Thursday: 12:00PM–12:00AM | Friday: 12:00PM–12:30AM | Saturday: 12:00PM–12:30AM | Sunday: 12:00PM–12:00AM,913 30 02 94,SI,SI
Peluquería y estética Roal,"Piscinas, Spas",ESPACIOS DEPORTIVOS,"C. del Laurel, 3, Arganzuela, 28005 Madrid, Spain","4,8",92,—,Abierto,40.4038,-3.70534,https://maps.google.com/?cid=9516271575901782583,https://peluqueriayesteticaroal.com/,Monday: 10:00AM–8:00PM | Tuesday: 10:00AM–8:00PM | Wednesday: 3:00–8:00PM | Thursday: 10:00AM–8:00PM | Friday: 10:00AM–8:00PM | Saturday: 10:00AM–2:00PM | Sunday: Closed,914 73 20 16,NO,SI
Institut français Madrid,"Bibliotecas, Consulados, Embajadas","EDUCACIÓN, GOBIERNO","Calle del Marqués de la Ensenada, 12, Local 1, Centro, 28004 Madrid, Spain","4,2",256,—,Cerrado temporalmente,40.4247,-3.69238,https://maps.google.com/?cid=7178656935972648940,https://www.institutfrancais.es/madrid/,,917 00 48 00,NO,SI
Graduate School Camilo José Cela University,Universidades,EDUCACIÓN,"C. de Almagro, 5, Chamberí, 28010 Madrid, Spain","4,1",47,—,Abierto,40.4286,-3.69515,https://maps.google.com/?cid=13045976226116700379,http://www.ucjc.edu/,Monday: 9:30AM–5:30PM | Tuesday: 9:30AM–5:30PM | Wednesday: 9:30AM–5:30PM | Thursday: 9:30AM–5:30PM | Friday: 9:30AM–5:30PM | Saturday: Closed | Sunday: Closed,900 999 129,NO,SI
ISPE,Universidades,EDUCACIÓN,"C. de Quintana, 21, Moncloa - Aravaca, 28008 Madrid, Spain",0,0,—,Cerrado temporalmente,40.4272,-3.71864,https://maps.google.com/?cid=9364291492499200550,,,915 15 33 14,NO,NO
Instituto Universitario de Estudios sobre Migraciones (IUEM),Universidades,EDUCACIÓN,"C. de Alberto Aguilera, 23, Centro, 28008 Madrid, Spain",0,0,—,Abierto,40.4295,-3.71141,https://maps.google.com/?cid=13143908088099418246,https://www.comillas.edu/iuem/,Monday: 9:00AM–5:00PM | Tuesday: 9:00AM–5:00PM | Wednesday: 9:00AM–5:00PM | Thursday: 9:00AM–5:00PM | Friday: 9:00AM–5:00PM | Saturday: Closed | Sunday: Closed,915 48 44 40,NO,SI
Casa Hernanz,Zapaterías,TIENDAS,"C. de Toledo, 18, BAJO(LOCAL, Centro, 28005 Madrid, Spain","4,3",828,—,Abierto,40.4142,-3.70763,https://maps.google.com/?cid=17464590132735572138,https://www.casahernanz.es/,"Monday: 9:30AM–1:30PM, 4:30–8:00PM | Tuesday: 9:30AM–1:30PM, 4:30–8:00PM | Wednesday: 9:30AM–1:30PM, 4:30–8:00PM | Thursday: 9:30AM–1:30PM, 4:30–8:00PM | Friday: 9:30AM–1:30PM, 4:30–8:00PM | Saturday: 10:00AM–2:00PM | Sunday: Closed",913 66 54 50,NO,NO
VANS Store Madrid Calle Montera,Tiendas de ropa,TIENDAS,"C. de la Montera, 43, Centro, 28013 Madrid, Spain","4,4",739,Moderado,Abierto,40.4193,-3.7021,https://maps.google.com/?cid=10290764052578864814,https://www.vans.es/,Monday: 10:00AM–9:00PM | Tuesday: 10:00AM–9:00PM | Wednesday: 10:00AM–9:00PM | Thursday: 10:00AM–9:00PM | Friday: 10:00AM–9:00PM | Saturday: 10:00AM–9:00PM | Sunday: 12:00–8:00PM,915 32 39 41,NO,NO
Neptuno,Estaciones de autobús,TRANSPORTE,"Retiro, 28014 Madrid, Spain",4,10,—,Abierto,40.4155,-3.69335,https://maps.google.com/?cid=15650344423341987031,,,,NO,NO
La Tahona de San Isidro,Panaderías,COMIDA Y BEBIDA,"C. de San Isidro Labrador, 13, Centro, 28005 Madrid, Spain","4,7",53,—,Abierto,40.4111,-3.71338,https://maps.google.com/?cid=14553473320099388155,https://www.elpajarraco.com/,Monday: 9:00AM–8:30PM | Tuesday: 9:00AM–8:30PM | Wednesday: 9:00AM–8:30PM | Thursday: 9:00AM–8:30PM | Friday: 9:00AM–8:30PM | Saturday: 9:00AM–3:30PM | Sunday: 9:00AM–3:30PM,913 65 76 55,NO,NO
Autoservicio,Supermercados,COMIDA Y BEBIDA,"5, C. de Recoletos, 15, Salamanca, 28001 Madrid, Spain","4,1",26,—,Abierto,40.4216,-3.68953,https://maps.google.com/?cid=13802206531079536977,,Monday: 9:30AM–10:30PM | Tuesday: 9:30AM–10:30PM | Wednesday: 9:30AM–10:30PM | Thursday: 9:30AM–10:30PM | Friday: 9:30AM–10:30PM | Saturday: 11:00AM–12:00AM | Sunday: 3:30–9:00PM,,NO,SI
Yves Rocher,"Piscinas, Spas, Tiendas de ropa","ESPACIOS DEPORTIVOS, TIENDAS","Gran Vía, 29, Centro, 28013 Madrid, Spain","4,1",380,—,Abierto,40.4199,-3.70312,https://maps.google.com/?cid=11016039914274228283,http://www.yves-rocher.es/,Monday: 10:00AM–9:00PM | Tuesday: 10:00AM–9:00PM | Wednesday: 10:00AM–9:00PM | Thursday: 10:00AM–9:00PM | Friday: 10:00AM–9:00PM | Saturday: 10:00AM–9:00PM | Sunday: 12:00–8:30PM,915 22 63 04,NO,SI
Hotel Vincci Soho,"Campos de golf, Templos budistas","ESPACIOS DEPORTIVOS, ESPACIOS RELIGIOSOS","C. del Prado, 18, Centro, 28014 Madrid, Spain","4,4",3344,—,Abierto,40.4148,-3.6984,https://maps.google.com/?cid=12875885884808274349,https://www.vinccisoho.com/?utm_source=google&utm_medium=organic&utm_campaign=GoogleMyBusiness&partner=8221,,911 41 41 00,NO,SI
Cibeles,Estaciones de autobús,TRANSPORTE,"Centro, 28004 Madrid, Spain","4,2",17,—,Abierto,40.4201,-3.6928,https://maps.google.com/?cid=2799990854869444667,,,,NO,SI
Casa Alberto,"Bares, Cervecerías, Coctelerías","COMIDA Y BEBIDA, LOCALES DE OCIO NOCTURNO","C. de las Huertas, 18, Centro, 28012 Madrid, Spain","4,4",4651,Moderado,Abierto,40.4137,-3.70015,https://maps.google.com/?cid=5012004565998211204,https://www.casaalberto.es/,Monday: Closed | Tuesday: 12:00–11:00PM | Wednesday: 12:00–11:00PM | Thursday: 12:00–11:00PM | Friday: 12:00–11:00PM | Saturday: 12:00–11:00PM | Sunday: 12:00–4:00PM,914 29 93 56,NO,NO
Neptune Fountain,"Jardines, Parques, Parques naturales",CULTURA OCIO Y NATURALEZA,"Pl. Canovas del Castillo, s/n, Centro, 28014 Madrid, Spain","4,6",15178,—,Abierto,40.4152,-3.69415,https://maps.google.com/?cid=12316573488129470112,https://patrimonioypaisaje.madrid.es/portales/monumenta/es/Monumentos-y-Edificios-Singulares/Monumentos/Neptuno/?vgnextfmt=default&vgnextoid=c758091d1b9c4510091d1b9c45102e085a0aRCRD&vgnextchannel=8fac3cb702aa4510VgnVCM1000008a4a900aRCRD,Monday: Open 24 hours | Tuesday: Open 24 hours | Wednesday: Open 24 hours | Thursday: Open 24 hours | Friday: Open 24 hours | Saturday: Open 24 hours | Sunday: Open 24 hours,,NO,NO
C.E.P. Argüelles,Hospitales,SALUD,"C. de Quintana, 11, Moncloa - Aravaca, 28008 Madrid, Spain","2,9",357,—,Abierto,40.4278,-3.71725,https://maps.google.com/?cid=18020580512611015042,https://www.fjd.es/cep_arguelles,Monday: 8:00AM–9:00PM | Tuesday: 8:00AM–9:00PM | Wednesday: 8:00AM–9:00PM | Thursday: 8:00AM–9:00PM | Friday: 8:00AM–9:00PM | Saturday: Closed | Sunday: Closed,913 44 50 22,NO,SI
Tipos Infames. Libros y vinos,"Cafés, Librerías","COMIDA Y BEBIDA, TIENDAS","C. de San Joaquín, 3, Centro, 28004 Madrid, Spain","4,7",391,—,Abierto,40.4246,-3.70111,https://maps.google.com/?cid=6950799554210779803,http://www.tiposinfames.com/,"Monday: 11:00AM–3:00PM, 6:00–10:00PM | Tuesday: 11:00AM–3:00PM, 6:00–10:00PM | Wednesday: 11:00AM–3:00PM, 6:00–10:00PM | Thursday: 11:00AM–3:00PM, 6:00–10:00PM | Friday: 11:00AM–3:00PM, 6:00–10:00PM | Saturday: 11:00AM–3:00PM, 6:00–10:00PM | Sunday: Closed",915 22 89 39,NO,SI
Hotel Cortezo,"Campos de golf, Templos budistas","ESPACIOS DEPORTIVOS, ESPACIOS RELIGIOSOS","Calle del Dr Cortezo, 3, Centro, 28012 Madrid, Spain","4,1",1876,—,Abierto,40.4136,-3.70357,https://maps.google.com/?cid=11528073052750983794,https://www.hotelcortezo.com/,,913 69 01 01,NO,SI
Deliart,"Piscinas, Spas",ESPACIOS DEPORTIVOS,"Calle del Dr. Fourquet, 35, Centro, 28012 Madrid, Spain","4,5",126,—,Abierto,40.4069,-3.6992,https://maps.google.com/?cid=5510667655345617107,,Monday: 9:30AM–7:30PM | Tuesday: 9:30AM–7:30PM | Wednesday: 9:30AM–7:30PM | Thursday: 9:30AM–7:30PM | Friday: 9:30AM–7:30PM | Saturday: 9:30AM–2:00PM | Sunday: Closed,914 67 71 80,NO,SI
Taberna El Sur,"Bares, Cervecerías, Coctelerías","COMIDA Y BEBIDA, LOCALES DE OCIO NOCTURNO","C. de la Torrecilla del Leal, 12, Centro, 28012 Madrid, Spain","4,5",7729,Barato,Abierto,40.411,-3.69953,https://maps.google.com/?cid=8164552979639975244,https://tabernaelsur.shop/,Monday: 12:00PM–12:00AM | Tuesday: 12:00PM–12:00AM | Wednesday: 12:00PM–12:00AM | Thursday: 12:00PM–12:00AM | Friday: 12:00PM–12:00AM | Saturday: 12:00PM–12:00AM | Sunday: 12:00PM–12:00AM,915 27 83 40,SI,NO
Salón de Juegos Madrid JP Juegos,Casinos,LOCALES DE OCIO NOCTURNO,"C. de Espoz y Mina, 2, Centro, 28012 Madrid, Spain",0,0,—,Abierto,40.4165,-3.70237,https://maps.google.com/?cid=15590218528117077158,http://www.madridjpjuegos.es/,Monday: 10:00AM–12:30AM | Tuesday: 10:00AM–12:30AM | Wednesday: 10:00AM–12:30AM | Thursday: 10:00AM–12:30AM | Friday: 10:00AM–12:30AM | Saturday: 10:00AM–12:30AM | Sunday: 10:00AM–12:30AM,,NO,SI
Noviciado,Estaciones de metro,TRANSPORTE,"Centro, 28042 Madrid, Spain","3,9",70,—,Abierto,40.4248,-3.70742,https://maps.google.com/?cid=16777256875667750429,,,,NO,NO
Church of Saint Joseph,"Basílicas, Catedrales, Conventos, Ermitas, Iglesias, Monasterios, Montañas, Oficinas de turismo, Senderismo","CULTURA OCIO Y NATURALEZA, ESPACIOS DEPORTIVOS, ESPACIOS RELIGIOSOS, OFICINAS DE TURISMO","C. Alcalá, 43, Centro, 28014 Madrid, Spain","4,7",943,—,Abierto,40.419,-3.69663,https://maps.google.com/?cid=1501193481575339249,http://www.misas.org/p/parroquia-de-san-jose-madrid,"Monday: 7:00AM–12:30PM, 6:00–8:00PM | Tuesday: 7:00AM–12:30PM, 6:00–8:00PM | Wednesday: 7:00AM–12:30PM, 6:00–8:00PM | Thursday: 7:00AM–12:30PM, 6:00–8:00PM | Friday: 7:00AM–12:30PM, 6:00–8:00PM | Saturday: 10:00AM–12:30PM | Sunday: 9:30AM–12:30PM, 6:30–8:30PM",915 22 67 84,NO,SI
Real Jardín Botánico,"Jardines, Montañas, Oficinas de turismo, Parques, Parques naturales, Senderismo","CULTURA OCIO Y NATURALEZA, ESPACIOS DEPORTIVOS, OFICINAS DE TURISMO","Pl. Murillo, 2, Retiro, 28014 Madrid, Spain","4,4",35100,—,Abierto,40.4111,-3.69112,https://maps.google.com/?cid=2988562595207627051,http://www.rjb.csic.es/,Monday: 10:00AM–9:00PM | Tuesday: 10:00AM–9:00PM | Wednesday: 10:00AM–9:00PM | Thursday: 10:00AM–9:00PM | Friday: 10:00AM–9:00PM | Saturday: 10:00AM–9:00PM | Sunday: 10:00AM–9:00PM,914 20 30 17,NO,SI
Basic-Fit,Gimnasios,ESPACIOS DEPORTIVOS,"Calle de Fuencarral, 126, Chamberí, 28010 Madrid, Spain","3,7",1550,—,Abierto,40.4304,-3.70274,https://maps.google.com/?cid=17227016537536839661,https://www.basic-fit.com/es-es/clubs/basic-fit-madrid-calle-fuencarral-40f0c873cc16411fb5142ea3d9aa33a9.html?utm_medium=yext&utm_source=gmb,Monday: 7:00AM–10:30PM | Tuesday: 7:00AM–10:30PM | Wednesday: 7:00AM–10:30PM | Thursday: 7:00AM–10:30PM | Friday: 7:00AM–10:30PM | Saturday: 8:00AM–9:00PM | Sunday: 8:00AM–9:00PM,851 96 04 67,NO,NO
Italian Cultural Institute Madrid,"Montañas, Oficinas de turismo, Senderismo","CULTURA OCIO Y NATURALEZA, ESPACIOS DEPORTIVOS, OFICINAS DE TURISMO","C. Mayor, 86, Centro, 28013 Madrid, Spain","4,4",177,—,Abierto,40.4152,-3.7127,https://maps.google.com/?cid=4236318360939494485,https://iicmadrid.esteri.it/es/,Monday: 8:00AM–8:00PM | Tuesday: 8:00AM–8:00PM | Wednesday: 8:00AM–8:00PM | Thursday: 9:00AM–8:00PM | Friday: 9:00AM–8:00PM | Saturday: 9:00AM–8:00PM | Sunday: Closed,915 47 52 05,NO,NO
Max Estrella,Galerías de arte,CULTURA OCIO Y NATURALEZA,"Patio, C. de Santo Tomé, 6, Patio interior, Centro, 28004 Madrid, Spain","4,5",55,—,Abierto,40.4235,-3.69502,https://maps.google.com/?cid=6592707820773906249,http://www.maxestrella.com/,Monday: 10:30AM–7:30PM | Tuesday: 10:30AM–7:30PM | Wednesday: 10:30AM–7:30PM | Thursday: 10:30AM–7:30PM | Friday: 10:30AM–7:30PM | Saturday: 11:00AM–2:00PM | Sunday: Closed,913 19 55 17,NO,SI
Tirso de Molina,Estaciones de autobús,TRANSPORTE,"Centro, 28012 Madrid, Spain","3,4",5,—,Abierto,40.4124,-3.70465,https://maps.google.com/?cid=7218243993835255852,,,,NO,NO
Supermercados Dia,"Panaderías, Supermercados",COMIDA Y BEBIDA,"C. de San Bernardo, 35, Centro, 28015 Madrid, Spain","3,7",340,—,Abierto,40.4232,-3.70763,https://maps.google.com/?cid=6276208663363988238,http://www.dia.es/compra-online/,Monday: 8:30AM–10:00PM | Tuesday: 8:30AM–10:00PM | Wednesday: 8:30AM–10:00PM | Thursday: 8:30AM–10:00PM | Friday: 8:30AM–10:00PM | Saturday: 8:30AM–10:00PM | Sunday: 10:00AM–10:00PM,912 17 04 53,NO,SI
SIERVOSCAS,"Basílicas, Catedrales, Conventos, Ermitas, Iglesias, Monasterios",ESPACIOS RELIGIOSOS,"Calle de Sta Engracia, 20, Chamberí, 28010 Madrid, Spain",0,0,—,Abierto,40.4304,-3.69653,https://maps.google.com/?cid=2295283153324305716,http://www.siervoscas.com/2015/05/seminario-sobre-el-crecimiento.html,,914 48 78 35,NO,NO
Hazen,"Mercados, Perfumerías, Tiendas","COMIDA Y BEBIDA, TIENDAS","C. de Arrieta, 8, Centro, 28013 Madrid, Spain","4,5",671,—,Abierto,40.419,-3.71038,https://maps.google.com/?cid=5340450531296775240,http://www.hazen.es/,"Monday: 10:00AM–2:00PM, 4:30–8:00PM | Tuesday: 10:00AM–2:00PM, 4:30–8:00PM | Wednesday: 10:00AM–2:00PM, 4:30–8:00PM | Thursday: 10:00AM–2:00PM, 4:30–8:00PM | Friday: 10:00AM–2:00PM, 4:30–8:00PM | Saturday: 10:00AM–1:30PM | Sunday: Closed",915 59 45 54,NO,SI
Piamonte,Aparcamientos,GASOLINERAS Y APARCAMIENTOS,"C. de Piamonte, 16, Centro, 28004 Madrid, Spain","2,9",111,—,Abierto,40.423,-3.69466,https://maps.google.com/?cid=11838323418452992711,,Monday: Open 24 hours | Tuesday: Open 24 hours | Wednesday: Open 24 hours | Thursday: Open 24 hours | Friday: Open 24 hours | Saturday: Open 24 hours | Sunday: Open 24 hours,,NO,NO
UOC Sede de Madrid,Universidades,EDUCACIÓN,"C. de Luchana, 23, planta 6ª, Chamberí, 28010 Madrid, Spain","2,4",136,—,Abierto,40.4311,-3.69993,https://maps.google.com/?cid=12242841676989780758,https://www.uoc.edu/portal/es/universitat/contacte-seus/on-som/madrid/index.html,,,NO,SI
Spanish Catholic Action,"Basílicas, Catedrales, Conventos, Ermitas, Iglesias, Monasterios",ESPACIOS RELIGIOSOS,"C. de Alfonso XI, 4, Retiro, 28014 Madrid, Spain",4,4,—,Abierto,40.4191,-3.69062,https://maps.google.com/?cid=8630177604994808253,https://www.accioncatolicageneral.es/,Monday: 8:00AM–3:30PM | Tuesday: 8:00AM–3:30PM | Wednesday: Closed | Thursday: 8:00AM–3:30PM | Friday: 8:00AM–3:30PM | Saturday: Closed | Sunday: Closed,915 31 13 23,NO,SI
Clínica Baviera,Clínicas,SALUD,"P.º de la Castellana, 20, Salamanca, 28046 Madrid, Spain","4,5",1112,—,Abierto,40.4292,-3.68885,https://maps.google.com/?cid=128060654852083855,https://www.clinicabaviera.com/clinica-oftalmologica/madrid,Monday: 9:00AM–8:00PM | Tuesday: 9:00AM–8:00PM | Wednesday: 9:00AM–8:00PM | Thursday: 9:00AM–8:00PM | Friday: 9:00AM–8:00PM | Saturday: 9:00AM–2:00PM | Sunday: Closed,917 82 03 60,NO,SI
Mundiplus | Agencia de Viajes del Camino de Santiago,"Jardines, Parques, Parques naturales",CULTURA OCIO Y NATURALEZA,"C. de Juan Duque, 42, Arganzuela, 28005 Madrid, Spain","4,9",313,—,Abierto,40.4093,-3.71972,https://maps.google.com/?cid=18135513661436088541,https://mundiplus.com/,"Monday: 10:00AM–2:30PM, 4:00–8:30PM | Tuesday: 10:00AM–2:30PM, 4:00–8:30PM | Wednesday: 10:00AM–2:30PM, 4:00–8:30PM | Thursday: 10:00AM–2:30PM, 4:00–8:30PM | Friday: 10:00AM–2:30PM, 4:00–8:30PM | Saturday: 10:00AM–2:00PM | Sunday: Closed",912 21 74 85,NO,NO
Curtidos Villaverde S.A.,"Mercados, Perfumerías, Tiendas","COMIDA Y BEBIDA, TIENDAS","Calle de la Colegiata, 14, Centro, 28012 Madrid, Spain","4,4",416,—,Abierto,40.4132,-3.70692,https://maps.google.com/?cid=8773953223298993317,http://www.curtidosvillaverde.com/,Monday: 9:00AM–2:00PM | Tuesday: 9:00AM–2:00PM | Wednesday: 9:00AM–2:00PM | Thursday: 9:00AM–2:00PM | Friday: 9:00AM–2:00PM | Saturday: Closed | Sunday: Closed,913 65 16 41,NO,NO
etnisk ung,"Consulados, Embajadas",GOBIERNO,"C. de Serrano, 26 - 7º, Salamanca, 28001 Madrid, Spain",0,0,—,Abierto,40.425,-3.68771,https://maps.google.com/?cid=16582720468415320311,http://www.etniskung.dk/For-unge/Genopdragelsesrejse/Kontakt-til-ambassader/,,914 31 84 45,NO,NO
Margarita library of God,Galerías de arte,CULTURA OCIO Y NATURALEZA,"C. del Conde de Aranda, 9, Salamanca, 28001 Madrid, Spain","4,5",20,—,Cerrado temporalmente,40.4218,-3.68691,https://maps.google.com/?cid=7454002143886944653,http://www.margaritadedios.com/,,640 60 66 63,NO,SI
"Marta, Cariño! Madrid",Discotecas,LOCALES DE OCIO NOCTURNO,"Calle de Silva, 4, Centro, 28013 Madrid, Spain","3,8",2352,Moderado,Abierto,40.4206,-3.70773,https://maps.google.com/?cid=233969070219727927,http://www.martacarinomadrid.com/,Monday: 8:00PM–1:00AM | Tuesday: 8:00PM–1:00AM | Wednesday: 8:00PM–1:00AM | Thursday: 8:00PM–1:00AM | Friday: 8:00PM–6:00AM | Saturday: 8:00PM–6:00AM | Sunday: 8:00PM–1:00AM,644 74 77 76,SI,NO
Bar El Brillante,"Bares, Cervecerías, Coctelerías, Restaurantes, Tapas, Vegano, Vegetariano","COMIDA Y BEBIDA, LOCALES DE OCIO NOCTURNO","Pl. del Emperador Carlos V, 8, Centro, 28012 Madrid, Spain","3,6",24464,Moderado,Abierto,40.4086,-3.69284,https://maps.google.com/?cid=14719286351646956514,http://www.barelbrillante.es/,Monday: 8:00AM–11:30PM | Tuesday: Closed | Wednesday: 8:00AM–11:30PM | Thursday: 8:00AM–11:30PM | Friday: 8:00AM–12:30AM | Saturday: 8:00AM–12:30AM | Sunday: 8:00AM–11:30PM,915 28 26 30,NO,SI
Mediodía Hotel,"Albergues, Apartamentos turísticos, Hostales, Hoteles",ALOJAMIENTOS,"Pl. del Emperador Carlos V, 8, Centro, 28012 Madrid, Spain","4,2",3526,—,Abierto,40.4085,-3.69286,https://maps.google.com/?cid=2713215902739979381,http://www.mediodiahotel.com/,,915 27 30 60,NO,SI
Inés Alonso Joyería Artesana y Alianzas de Bodas. CITA PREVIA,Joyerías,TIENDAS,"C. Mayor, 4, Centro, 28013 Madrid, Spain","4,8",19,—,Abierto,40.4166,-3.7051,https://maps.google.com/?cid=5795417231778388221,http://www.inesalonso.es/,Monday: 11:00AM–8:00PM | Tuesday: 11:00AM–8:00PM | Wednesday: 11:00AM–8:00PM | Thursday: 11:00AM–8:00PM | Friday: 11:00AM–8:00PM | Saturday: 11:00AM–2:00PM | Sunday: Closed,650 69 82 49,NO,NO
FUNCTIONAL TRAINING STUDIO FEEL,Gimnasios,ESPACIOS DEPORTIVOS,"C. de Pérez Galdós, 5, Centro, 28004 Madrid, Spain","4,5",66,—,Abierto,40.4224,-3.70022,https://maps.google.com/?cid=4593412227898445635,http://www.functionalfeel.com/,Monday: 7:00AM–10:00PM | Tuesday: 7:00AM–10:00PM | Wednesday: 7:00AM–10:00PM | Thursday: 7:00AM–10:00PM | Friday: 7:00AM–10:00PM | Saturday: 9:00AM–2:00PM | Sunday: 9:00AM–2:00PM,917 02 71 92,NO,NO
Paulete Lapidarios,Joyerías,TIENDAS,"C. de la Montera, 34, Centro, 28013 Madrid, Spain",0,0,—,Abierto,40.4198,-3.70663,https://maps.google.com/?cid=1548952908004464258,,"Monday: 10:00AM–2:00PM, 5:00–8:00PM | Tuesday: 10:00AM–2:00PM, 5:00–8:00PM | Wednesday: 10:00AM–2:00PM, 5:00–8:00PM | Thursday: 10:00AM–2:00PM, 5:00–8:00PM | Friday: 10:00AM–2:00PM, 5:00–8:00PM | Saturday: 10:00AM–2:00PM | Sunday: Closed",914 75 62 32,NO,NO
Tata Quintana. Clases de canto en Madrid,Colegios,EDUCACIÓN,"C. de la Montera, 24, Centro, 28013 Madrid, Spain",5,30,—,Abierto,40.4184,-3.70202,https://maps.google.com/?cid=18206926592166270216,http://www.tataquintana.com/,,,NO,NO
C.E.P. Pontones,"Clínicas, Hospitales",SALUD,"Ronda de Segovia, 52, Arganzuela, 28005 Madrid, Spain","3,5",574,—,Abierto,40.4068,-3.71271,https://maps.google.com/?cid=1656056650204471962,https://www.fjd.es/cep_pontones/es/,Monday: 7:00AM–12:00AM | Tuesday: 7:00AM–12:00AM | Wednesday: 7:00AM–12:00AM | Thursday: 7:00AM–12:00AM | Friday: 7:00AM–12:00AM | Saturday: 7:00AM–12:00AM | Sunday: 7:00AM–12:00AM,914 18 29 88,NO,SI
Teatro Circo Price,Estaciones de autobús,TRANSPORTE,"Arganzuela, 28012 Madrid, Spain","4,3",3,—,Abierto,40.4059,-3.69888,https://maps.google.com/?cid=5065889389827229819,,,,NO,SI
Lola 09,"Bares, Cervecerías, Coctelerías","COMIDA Y BEBIDA, LOCALES DE OCIO NOCTURNO","C. de San Mateo, 28, Centro, 28004 Madrid, Spain","4,2",1959,Moderado,Abierto,40.426,-3.6981,https://maps.google.com/?cid=10344954060113751704,http://www.lola09.com/,Monday: Closed | Tuesday: Closed | Wednesday: 6:00PM–2:00AM | Thursday: 6:00PM–2:00AM | Friday: 6:00PM–2:30AM | Saturday: 6:00PM–2:30AM | Sunday: Closed,913 10 66 95,SI,SI
Church of the Holy Christ of Faith,"Basílicas, Catedrales, Conventos, Ermitas, Iglesias, Monasterios",ESPACIOS RELIGIOSOS,"C. de Atocha, 87, Centro, 28012 Madrid, Spain","4,6",50,—,Abierto,40.4115,-3.69692,https://maps.google.com/?cid=15195417681368719447,https://www.esmadrid.com/informacion-turistica/iglesia-santisimo-cristo-fe,,919 48 50 68,NO,SI
CMM Experience,Universidades,EDUCACIÓN,"C. del Duque de Alba, 15, Centro, 28012 Madrid, Spain",0,0,—,Abierto,40.4115,-3.70666,https://maps.google.com/?cid=8022341027113454113,,Monday: 9:00AM–2:00PM | Tuesday: 9:00AM–2:00PM | Wednesday: 9:00AM–2:00PM | Thursday: 9:00AM–2:00PM | Friday: 9:00AM–2:00PM | Saturday: Closed | Sunday: Closed,667 31 79 18,NO,SI
Parking Cuesta de San Vicente,Aparcamientos,GASOLINERAS Y APARCAMIENTOS,"Cta. de San Vicente, 14, 16, Moncloa - Aravaca, 28008 Madrid, Spain","3,7",121,—,Abierto,40.421,-3.71478,https://maps.google.com/?cid=5162780031605044101,http://www.parkingmadridcentro.es/,Monday: Open 24 hours | Tuesday: Open 24 hours | Wednesday: Open 24 hours | Thursday: Open 24 hours | Friday: Open 24 hours | Saturday: Open 24 hours | Sunday: Open 24 hours,915 42 61 69,NO,NO
Rodilla,Cafés,COMIDA Y BEBIDA,"Prta del Sol, 13, Centro, 28013 Madrid, Spain","4,1",4868,Barato,Abierto,40.4173,-3.70273,https://maps.google.com/?cid=6314676928553759361,https://www.rodilla.es/?utm-medium=organic&utm_campaign=google-local_CLR-TP0004&utm_source=google,Monday: 7:00AM–11:30PM | Tuesday: 7:00AM–11:30PM | Wednesday: 7:00AM–11:30PM | Thursday: 7:00AM–11:30PM | Friday: 7:00AM–12:00AM | Saturday: 8:00AM–12:00AM | Sunday: 8:00AM–11:30PM,915 21 14 62,NO,SI
Interparking Velázquez - Jorge Juan,Aparcamientos,GASOLINERAS Y APARCAMIENTOS,"Calle Velázquez, 14, 16, Salamanca, 28001 Madrid, Spain","3,7",310,—,Cerrado temporalmente,40.4229,-3.68409,https://maps.google.com/?cid=11423248404016218548,http://www.interparking.es/es-ES/find-parking/VelazquezJorgeJuan/?utm_source=MyBusiness&utm_medium=sitio%20web&utm_content=JorgeJuan&utm_campaign=posicionamiento,,915 75 21 11,NO,SI
Miguel Moreno Mateos / / ROOT/ /Art Studio,Galerías de arte,CULTURA OCIO Y NATURALEZA,"C. de Angosta de los Mancebos, 4, bajo D, Centro, 28005 Madrid, Spain","3,7",3,—,Abierto,40.4128,-3.71341,https://maps.google.com/?cid=7264504151237638825,http://www.miguelmorenomateos.com/,,,NO,NO
IES Isabel la Católica,Colegios,EDUCACIÓN,"C. de Alfonso XII, 3-5, Retiro, 28014 Madrid, Spain",0,0,—,Abierto,40.4084,-3.68556,https://maps.google.com/?cid=8159384664511691475,https://www.educa2.madrid.org/web/centro.ies.isabellacatolica.madrid,,915 27 78 78,NO,SI
Royal Observatory of Madrid,"Centros culturales, Montañas, Museos, Oficinas de turismo, Senderismo","CULTURA OCIO Y NATURALEZA, ESPACIOS DEPORTIVOS, OFICINAS DE TURISMO","C. de Alfonso XII, 3, Retiro, 28014 Madrid, Spain","4,7",739,—,Abierto,40.4084,-3.68761,https://maps.google.com/?cid=17780185276848455770,http://www.ign.es/rom/visitas/index.html,Monday: Closed | Tuesday: Closed | Wednesday: Closed | Thursday: Closed | Friday: Closed | Saturday: 10:00AM–2:30PM | Sunday: 10:00AM–2:30PM,915 97 95 64,NO,SI
Hotel Eurostars Plaza Mayor,"Campos de golf, Templos budistas","ESPACIOS DEPORTIVOS, ESPACIOS RELIGIOSOS","Calle del Dr Cortezo, 10, Centro, 28012 Madrid, Spain","4,2",1682,—,Abierto,40.413,-3.70398,https://maps.google.com/?cid=2691039480112605762,http://www.eurostarshotels.com/eurostars-plaza-mayor.html?referer_code=lb0gg00yx&utm_source=google&utm_medium=business&utm_campaign=lb0gg00yx,,913 30 86 60,NO,SI
Hotel Anaco,"Campos de golf, Templos budistas","ESPACIOS DEPORTIVOS, ESPACIOS RELIGIOSOS","C. de las Tres Cruces, 3, Centro, 28013 Madrid, Spain","3,2",939,—,Abierto,40.4193,-3.70309,https://maps.google.com/?cid=3827746226387386939,http://www.anacohotel.com/,,915 22 46 04,NO,NO
7 Islas Hotel,"Campos de golf, Templos budistas","ESPACIOS DEPORTIVOS, ESPACIOS RELIGIOSOS","C. de Valverde, 14, Centro, 28004 Madrid, Spain","4,5",1361,—,Abierto,40.4212,-3.70183,https://maps.google.com/?cid=3960801894784524600,https://www.7islashotel.com/,Monday: Open 24 hours | Tuesday: Open 24 hours | Wednesday: Open 24 hours | Thursday: Open 24 hours | Friday: Open 24 hours | Saturday: Open 24 hours | Sunday: Open 24 hours,915 23 46 88,NO,SI
Tablao Flamenco 1911,"Bares, Cervecerías, Coctelerías","COMIDA Y BEBIDA, LOCALES DE OCIO NOCTURNO","Pl. de Sta. Ana, 15, Centro, 28012 Madrid, Spain","4,6",3248,Moderado,Abierto,40.4149,-3.70142,https://maps.google.com/?cid=18131905444007019992,https://tablaoflamenco1911.com/?utm_source=google&utm_medium=organic&utm_campaign=gmb_profile&utm_content=profile_button,Monday: 10:00AM–12:00AM | Tuesday: 10:00AM–12:00AM | Wednesday: 10:00AM–12:00AM | Thursday: 10:00AM–12:00AM | Friday: 10:00AM–12:00AM | Saturday: 10:00AM–12:00AM | Sunday: 10:00AM–12:00AM,914 91 50 56,SI,SI
Embajada de Bélgica,"Consulados, Embajadas",GOBIERNO,"C. de Alfonso XI, 7, Retiro, 28014 Madrid, Spain",0,0,—,Abierto,40.4183,-3.69029,https://maps.google.com/?cid=2986315196878687406,,,915 21 45 68,NO,NO
Nautimar Centro de Enseñanzas Nauticas,Colegios,EDUCACIÓN,"P.º del Rey, 10, Moncloa - Aravaca, 28008 Madrid, Spain","4,9",123,—,Abierto,40.4213,-3.71805,https://maps.google.com/?cid=8423052701351304935,http://www.nautimar.es/,,915 48 21 10,NO,NO
Sabor a España,"Mercados, Perfumerías, Tiendas","COMIDA Y BEBIDA, TIENDAS","C. Mayor, 4, Centro, 28013 Madrid, Spain",5,6,—,Abierto,40.4166,-3.70528,https://maps.google.com/?cid=14100341068456376064,https://sabor-espana.com/,Monday: 10:00AM–10:30PM | Tuesday: 10:00AM–10:30PM | Wednesday: 10:00AM–10:30PM | Thursday: 10:00AM–10:30PM | Friday: 10:00AM–10:30PM | Saturday: 10:00AM–10:30PM | Sunday: 10:00AM–10:30PM,647 58 06 41,NO,NO
L'Altro Bar,"Bares, Cervecerías, Coctelerías","COMIDA Y BEBIDA, LOCALES DE OCIO NOCTURNO","C. de Bailén, 35, Centro, 28005 Madrid, Spain",0,0,—,Cerrado temporalmente,40.4125,-3.71365,https://maps.google.com/?cid=11011609146544863290,,,,NO,NO
Clínica Dental Milenium Ferrocarril - Sanitas,Clínicas,SALUD,"C. del Ferrocarril, 16, Arganzuela, 28045 Madrid, Spain","4,1",100,—,Abierto,40.401,-3.69549,https://maps.google.com/?cid=11103900822922853537,https://www.sanitas.es/dental/clinicas-dentales-milenium/madrid/madrid/madrid-arganzuela?gmb=gmb%3Af-google%3Am-link%3Anc-clinica%3Ap-dental,Monday: 9:00AM–8:00PM | Tuesday: 9:00AM–8:00PM | Wednesday: 9:00AM–8:00PM | Thursday: 9:00AM–8:00PM | Friday: 9:00AM–8:00PM | Saturday: Closed | Sunday: Closed,915 39 25 90,NO,SI
FREMAP Ronda de Valencia (Madrid),Clínicas,SALUD,"Rda. de Valencia, 8, Centro, 28012 Madrid, Spain","3,1",640,—,Abierto,40.4056,-3.70083,https://maps.google.com/?cid=4799369927454695360,https://www.fremap.es/Conocenos/CentrosInstalaciones/Paginas/DetalleCentro.aspx?idCentro=182,Monday: 8:00AM–8:00PM | Tuesday: 8:00AM–8:00PM | Wednesday: 8:00AM–8:00PM | Thursday: 8:00AM–8:00PM | Friday: 8:00AM–8:00PM | Saturday: Closed | Sunday: Closed,915 06 49 70,NO,SI
La Japonesa,Tiendas de ropa,TIENDAS,"C. de Claudio Coello, 15, Salamanca, 28001 Madrid, Spain","4,6",36,—,Cerrado temporalmente,40.4219,-3.68715,https://maps.google.com/?cid=238636936170768728,https://m.facebook.com/Mercer%C3%ADas-La-Japonesa-250774971629189/,,914 31 03 00,NO,NO
East 47 Restaurant-Bar,Cafés,COMIDA Y BEBIDA,"Pl. de las Cortes, 10, Centro, 28014 Madrid, Spain","4,5",472,Moderado,Abierto,40.4155,-3.69705,https://maps.google.com/?cid=16735156096744459038,https://www.hotelvillareal.com/,Monday: 11:00AM–12:00AM | Tuesday: 11:00AM–12:00AM | Wednesday: 11:00AM–12:00AM | Thursday: 11:00AM–12:00AM | Friday: 11:00AM–12:00AM | Saturday: 11:00AM–12:00AM | Sunday: 11:00AM–12:00AM,914 20 37 67,SI,NO
Church of Saint Sebastian,"Basílicas, Catedrales, Conventos, Ermitas, Iglesias, Monasterios, Montañas, Oficinas de turismo, Senderismo","CULTURA OCIO Y NATURALEZA, ESPACIOS DEPORTIVOS, ESPACIOS RELIGIOSOS, OFICINAS DE TURISMO","C. de Atocha, 39, Centro, Centro, 28012 Madrid, Spain","4,5",649,—,Abierto,40.4137,-3.70139,https://maps.google.com/?cid=7831827974057990985,http://www.parroquiadesansebastian.org/,"Monday: 9:30AM–1:00PM, 6:00–8:30PM | Tuesday: 9:30AM–1:00PM, 6:00–8:30PM | Wednesday: 9:30AM–1:00PM, 6:00–8:30PM | Thursday: 9:30AM–1:00PM, 6:00–8:30PM | Friday: 9:30AM–3:30PM, 6:00–8:30PM | Saturday: 9:30AM–1:00PM, 6:00–8:30PM | Sunday: 9:30AM–1:45PM, 6:00–8:30PM",911 71 14 98,NO,SI
CLAREL Senses,"Panaderías, Supermercados",COMIDA Y BEBIDA,"C. del Duque de Alba, 9, Centro, 28012 Madrid, Spain","3,9",95,—,Abierto,40.4117,-3.70603,https://maps.google.com/?cid=12393377125075352766,https://www.clarel.es/,Monday: 9:00AM–9:00PM | Tuesday: 9:00AM–9:00PM | Wednesday: 9:00AM–9:00PM | Thursday: 9:00AM–9:00PM | Friday: 9:00AM–9:00PM | Saturday: 9:00AM–9:00PM | Sunday: 10:00AM–8:00PM,912 17 04 53,NO,SI
Unisa,Zapaterías,TIENDAS,"C. de Claudio Coello, 65, Salamanca, 28001 Madrid, Spain","4,5",87,—,Abierto,40.4282,-3.68626,https://maps.google.com/?cid=15334357144229935651,https://www.unisa-europa.com/es-ES/tiendas/unisa-madrid-coello/?utm_source=google&utm_medium=gmb&utm_campaign=m.ccoello/,"Monday: 10:00AM–2:00PM, 5:00–8:30PM | Tuesday: 10:00AM–2:00PM, 5:00–8:30PM | Wednesday: 10:00AM–2:00PM, 5:00–8:30PM | Thursday: 10:00AM–2:00PM, 5:00–8:30PM | Friday: 10:00AM–2:00PM, 5:00–8:30PM | Saturday: 10:00AM–2:00PM | Sunday: Closed",915 76 06 85,NO,SI
Metro Colón,Estaciones de autobús,TRANSPORTE,"Chamberí, 28004 Madrid, Spain",5,2,—,Abierto,40.4258,-3.69196,https://maps.google.com/?cid=18277922986342191933,,,,NO,NO
correa productions,"Cines, Teatros",CULTURA OCIO Y NATURALEZA,"Gran Vía, Centro, 28013 Madrid, Spain",0,0,—,Cerrado temporalmente,40.4202,-3.70483,https://maps.google.com/?cid=2679520520120265280,,,682 52 59 48,NO,NO
Estación de servicio Cepsa,Gasolineras,GASOLINERAS Y APARCAMIENTOS,"C. de Segovia, S/N, Arganzuela, 28005 Madrid, Spain","3,5",125,—,Abierto,40.4137,-3.72147,https://maps.google.com/?cid=3355823246008531468,https://www.moeve.es/es/cerca-de-ti/gasolineras/madrid/madrid-puente-segovia?utm_campaign=ficha-cerca-de-ti_eess__&utm_content=gmb_cepsa-com_tra_na-segmentation_eess_04455P_puente-segovia_madrid_madrid_28005_es_sitio-web_na-iab-format_na-size_na-trafficking_na-pricing_&utm_medium=organic&utm_source=gmb&utm_term=hbrs,Monday: 7:00AM–10:00PM | Tuesday: 7:00AM–10:00PM | Wednesday: 7:00AM–10:00PM | Thursday: 7:00AM–10:00PM | Friday: 7:00AM–10:00PM | Saturday: 8:00AM–10:00PM | Sunday: 9:00AM–9:00PM,910 32 54 69,NO,SI
Plaza de San Millán,"Jardines, Parques, Parques naturales",CULTURA OCIO Y NATURALEZA,"C. de San Millán, Centro, 28005 Madrid, Spain",0,0,—,Abierto,40.4112,-3.70817,https://maps.google.com/?cid=4583170808663271958,,,,NO,NO
Carranza,Estaciones de autobús,TRANSPORTE,"Chamberí, 28004 Madrid, Spain",5,1,—,Abierto,40.4295,-3.70495,https://maps.google.com/?cid=14223404685560262137,,,,NO,NO
Thai Massage Center,"Piscinas, Spas",ESPACIOS DEPORTIVOS,"C. de Orellana, 9, Centro, 28004 Madrid, Spain","2,5",6,—,Abierto,40.4265,-3.69498,https://maps.google.com/?cid=10441742095722422041,,Monday: 10:00AM–10:00PM | Tuesday: 10:00AM–10:00PM | Wednesday: 10:00AM–10:00PM | Thursday: 10:00AM–10:00PM | Friday: 10:00AM–10:00PM | Saturday: 10:00AM–10:00PM | Sunday: 10:00AM–10:00PM,,NO,NO
La Embajada de Chipre,"Consulados, Embajadas",GOBIERNO,"C. de Serrano, 27, 4o Izquierda, Salamanca, 28001 Madrid, Spain","3,3",7,—,Abierto,40.4269,-3.68779,https://maps.google.com/?cid=11351322080811531230,http://www.mfa.gov.cy/mfa/Embassies/Embassy_Madrid.nsf/index_al/index_al?OpenDocument,Monday: 9:00AM–4:30PM | Tuesday: 9:00AM–4:30PM | Wednesday: 9:00AM–4:30PM | Thursday: 9:00AM–4:30PM | Friday: 9:00AM–4:30PM | Saturday: Closed | Sunday: Closed,915 78 31 14,NO,NO
Cine Doré,"Cines, Teatros",CULTURA OCIO Y NATURALEZA,"C. de Sta. Isabel, 3, Centro, 28012 Madrid, Spain","4,6",2948,—,Abierto,40.4116,-3.69899,https://maps.google.com/?cid=1855751946898243572,http://www.culturaydeporte.gob.es/cultura/areas/cine/mc/fe/cine-dore/programacion.html,,913 69 32 25,NO,SI
RIBS ABADA,"Restaurantes, Tapas, Vegano, Vegetariano",COMIDA Y BEBIDA,"C. de la Abada, 8, Centro, 28013 Madrid, Spain","4,7",21257,Moderado,Abierto,40.4193,-3.70411,https://maps.google.com/?cid=4025265716216999397,http://www.ribs.es/,Monday: 1:00–11:00PM | Tuesday: 1:00–11:00PM | Wednesday: 1:00–11:00PM | Thursday: 1:00–11:00PM | Friday: 1:00–11:00PM | Saturday: 1:00–11:00PM | Sunday: 1:00–11:00PM,667 16 59 59,SI,SI
Benavente,Estaciones de autobús,TRANSPORTE,"Centro, 28012 Madrid, Spain","3,2",10,—,Abierto,40.4143,-3.70372,https://maps.google.com/?cid=2748243714354408117,,,,NO,SI
Café Berlín,Discotecas,LOCALES DE OCIO NOCTURNO,"C, Cost.ª de los Ángeles, 20, Centro, 28013 Madrid, Spain","4,4",4540,—,Abierto,40.4195,-3.70794,https://maps.google.com/?cid=12332182221600128626,http://www.berlincafe.es/,Monday: Closed | Tuesday: Closed | Wednesday: 7:30PM–1:00AM | Thursday: 7:30PM–5:00AM | Friday: 7:30PM–6:00AM | Saturday: 7:30PM–6:00AM | Sunday: 6:30–11:30PM,915 59 74 29,NO,NO
Librería Yorick,Librerías,TIENDAS,"C. de Valencia, 21, Centro, 28012 Madrid, Spain","4,7",148,—,Abierto,40.4064,-3.69959,https://maps.google.com/?cid=13819538837773652260,http://www.libreriayorick.com/,"Monday: Closed | Tuesday: 10:00AM–2:00PM, 5:00–8:00PM | Wednesday: 10:00AM–2:00PM, 5:00–8:00PM | Thursday: 10:00AM–2:00PM, 5:00–8:00PM | Friday: Closed | Saturday: Closed | Sunday: Closed",659 60 84 41,NO,SI
Farmacia Norte,Farmacias,SALUD,"P.º de la Florida, 8, Moncloa - Aravaca, 28008 Madrid, Spain","2,3",108,—,Abierto,40.4221,-3.72152,https://maps.google.com/?cid=7870643983227540644,https://farmaciaprincipepio.com/,Monday: 9:30AM–9:30PM | Tuesday: 9:30AM–9:30PM | Wednesday: 9:30AM–9:30PM | Thursday: 9:30AM–9:30PM | Friday: 9:30AM–9:30PM | Saturday: 9:30AM–9:30PM | Sunday: 9:30AM–9:30PM,915 47 79 33,NO,SI
Cervecería Alemana,"Bares, Cervecerías, Coctelerías","COMIDA Y BEBIDA, LOCALES DE OCIO NOCTURNO","Pl. de Sta. Ana, 6, Centro, 28012 Madrid, Spain","3,9",3073,Moderado,Abierto,40.4144,-3.70034,https://maps.google.com/?cid=3499370470244140753,http://www.cerveceriaalemana.com/,Monday: 8:00AM–12:00AM | Tuesday: 8:00AM–12:00AM | Wednesday: 8:00AM–12:00AM | Thursday: 8:00AM–12:00AM | Friday: 8:00AM–1:00AM | Saturday: 8:00AM–1:00AM | Sunday: 8:00AM–12:00AM,914 29 70 33,SI,NO
Colegio Internacional SEK Santa Isabel,Colegios,EDUCACIÓN,"Calle de San Ildefonso, 18, Centro, 28012 Madrid, Spain",0,0,—,Abierto,40.4104,-3.69644,https://maps.google.com/?cid=12297511117053297745,https://santaisabel.sek.es/,Monday: 7:30AM–6:15PM | Tuesday: 7:30AM–6:15PM | Wednesday: 7:30AM–6:15PM | Thursday: 7:30AM–6:15PM | Friday: 7:30AM–6:15PM | Saturday: Closed | Sunday: Closed,915 27 90 94,NO,NO
Terraza Garden Conde Duque,"Cines, Teatros",CULTURA OCIO Y NATURALEZA,"Cuartel del Conde-Duque, C. del Conde Duque, 11, Centro, 28015 Madrid, Spain",0,0,—,Abierto,40.4278,-3.7108,https://maps.google.com/?cid=17452730908410289363,https://www.condeduquemadrid.es/actividades/terraza-cine-garden-conde-duque,,913 18 44 50,NO,SI
Camilo Jose Cela University,Universidades,EDUCACIÓN,"C. del Marqués del Riscal, 11, Chamberí, 28010 Madrid, Spain",4,6,—,Abierto,40.4306,-3.69045,https://maps.google.com/?cid=1526578211591253331,,,918 15 31 31,NO,SI
Alpargatus,Zapaterías,TIENDAS,"C. de Postas, 20, Centro, 28012 Madrid, Spain","3,9",51,—,Abierto,40.4158,-3.70621,https://maps.google.com/?cid=7680102224717687537,https://alpargatus.com/es/,Monday: 10:00AM–10:00PM | Tuesday: 10:00AM–10:00PM | Wednesday: 10:00AM–10:00PM | Thursday: 10:00AM–10:00PM | Friday: 10:00AM–11:00PM | Saturday: 10:00AM–11:00PM | Sunday: 10:00AM–10:00PM,657 64 09 80,NO,NO
HOTEL MIAU,"Campos de golf, Templos budistas","ESPACIOS DEPORTIVOS, ESPACIOS RELIGIOSOS","C. del Príncipe, 26, Centro, 28012 Madrid, Spain","4,3",302,—,Abierto,40.4143,-3.70019,https://maps.google.com/?cid=15449760743413009249,https://hotelmiau.com/,Monday: Open 24 hours | Tuesday: Open 24 hours | Wednesday: Open 24 hours | Thursday: Open 24 hours | Friday: Open 24 hours | Saturday: Open 24 hours | Sunday: Open 24 hours,913 69 71 20,NO,NO
Museo de los Caños del Peral,"Centros culturales, Museos",CULTURA OCIO Y NATURALEZA,"Metro Ópera, Pl. de Isabel II, 8, Centro, 28013 Madrid, Spain","4,7",375,—,Cerrado temporalmente,40.4181,-3.70929,https://maps.google.com/?cid=17563686246304351833,https://museosmetromadrid.es/museos/los-canos-del-peral/,,644 16 95 31,NO,SI
RAGTIME LIBROS,Librerías,TIENDAS,"Entre Atocha y el Retiro, C. Claudio Moyano, 16, Retiro, 28014 Madrid, Spain","4,1",12,—,Abierto,40.4094,-3.69022,https://maps.google.com/?cid=15722451959608340590,http://ragtimelibros.com/,,657 96 41 15,NO,SI
Paradís Madrid,"Restaurantes, Tapas, Vegano, Vegetariano",COMIDA Y BEBIDA,"C. del Marqués de Cubas, 14, Centro, 28014 Madrid, Spain","4,1",712,Caro,Cerrado temporalmente,40.4166,-3.69573,https://maps.google.com/?cid=255673247158868460,,,,SI,SI
El Prado Psicólogos Madrid,Clínicas,SALUD,"C. de Espalter, 3, Retiro, 28014 Retiro, Madrid, Spain","4,8",266,—,Abierto,40.4129,-3.69098,https://maps.google.com/?cid=5723310691959291960,http://www.elpradopsicologos.es/,Monday: 9:00AM–9:00PM | Tuesday: 9:00AM–9:00PM | Wednesday: 9:00AM–9:00PM | Thursday: 9:00AM–9:00PM | Friday: 9:00AM–9:00PM | Saturday: Closed | Sunday: Closed,914 29 93 13,NO,SI
THEMARKET | Films,"Cines, Teatros",CULTURA OCIO Y NATURALEZA,"Rda. de Atocha, Arganzuela, 28012 Madrid, Spain",5,22,—,Abierto,40.4066,-3.69616,https://maps.google.com/?cid=18101766739514846264,http://www.themarketfilms.es/,Monday: 10:00AM–8:30PM | Tuesday: 10:00AM–8:30PM | Wednesday: 10:00AM–8:30PM | Thursday: 10:00AM–8:30PM | Friday: 10:00AM–8:30PM | Saturday: 10:00AM–2:00PM | Sunday: Closed,,NO,SI
Bol Mode,Tiendas de ropa,TIENDAS,"C. Alcalá, 39, Centro, 28014 Madrid, Spain",3,1,—,Abierto,40.4187,-3.69744,https://maps.google.com/?cid=16195970639074351723,,"Monday: 10:00AM–8:30PM | Tuesday: 10:00AM–8:30PM | Wednesday: 10:00AM–8:30PM | Thursday: 10:00AM–8:30PM | Friday: 10:00AM–8:30PM | Saturday: 11:00AM–2:00PM, 5:00–8:30PM | Sunday: Closed",915 21 78 70,NO,NO
Angata Arte Africano,Galerías de arte,CULTURA OCIO Y NATURALEZA,"Calle del Dr. Piga, 17, Centro, 28012 Madrid, Spain","4,8",74,—,Abierto,40.4082,-3.69779,https://maps.google.com/?cid=16851659765348678034,http://angata.net/,Monday: 10:30AM–8:30PM | Tuesday: 10:30AM–8:30PM | Wednesday: 10:30AM–8:30PM | Thursday: 10:30AM–8:30PM | Friday: 10:30AM–8:30PM | Saturday: 10:30AM–8:30PM | Sunday: 12:00–6:00PM,915 30 92 84,NO,NO
"Calle Maestro Victoria, 9 Garage",Aparcamientos,GASOLINERAS Y APARCAMIENTOS,"C. del Maestro Victoria, 9, Centro, 28013 Madrid, Spain","3,8",6,—,Abierto,40.4176,-3.70494,https://maps.google.com/?cid=31982127152739683,,Monday: Open 24 hours | Tuesday: Open 24 hours | Wednesday: Open 24 hours | Thursday: Open 24 hours | Friday: Open 24 hours | Saturday: Open 24 hours | Sunday: Open 24 hours,,NO,SI
Galería Cx13 - JavierMadrid,Galerías de arte,CULTURA OCIO Y NATURALEZA,"C. del Conde de Xiquena, 13, Centro, 28004 Madrid, Spain","4,9",22,—,Abierto,40.4233,-3.69427,https://maps.google.com/?cid=15875687684151646919,https://www.javiermadrid.com/,"Monday: Closed | Tuesday: 11:00AM–2:00PM, 5:00–7:00PM | Wednesday: 11:00AM–2:00PM, 5:00–7:00PM | Thursday: 11:00AM–2:00PM, 5:00–7:00PM | Friday: 11:00AM–2:00PM, 5:00–7:00PM | Saturday: 11:00AM–2:00PM | Sunday: Closed",690 85 90 70,NO,NO
Gallardo Dance SL,Zapaterías,TIENDAS,"C. de los Cabestreros, 10, Centro, 28012 Madrid, Spain","4,3",60,—,Abierto,40.4092,-3.70471,https://maps.google.com/?cid=1970064717187451219,http://www.gallardodance.com/,"Monday: 10:00AM–2:00PM, 4:00–7:30PM | Tuesday: 10:00AM–2:00PM, 4:00–7:30PM | Wednesday: 10:00AM–2:00PM, 4:00–7:30PM | Thursday: 10:00AM–2:00PM, 4:00–7:30PM | Friday: 10:00AM–2:00PM, 4:00–7:00PM | Saturday: Closed | Sunday: Closed",915 27 01 00,NO,NO
Arrebato Libros,"Librerías, Mercados, Perfumerías, Tiendas","COMIDA Y BEBIDA, TIENDAS","C. de la Palma, 21, Centro, 28004 Madrid, Spain","4,6",174,—,Abierto,40.4261,-3.70316,https://maps.google.com/?cid=13637799519905769674,https://arrebatolibros.com/,"Monday: 10:00AM–2:00PM, 4:30–8:30PM | Tuesday: 10:00AM–2:00PM, 4:30–8:30PM | Wednesday: 10:00AM–2:00PM, 4:30–8:30PM | Thursday: 10:00AM–2:00PM, 4:30–8:30PM | Friday: 10:00AM–2:00PM, 4:30–8:30PM | Saturday: 10:30AM–2:30PM, 4:30–8:30PM | Sunday: Closed",912 82 11 11,NO,NO
Recoletos,Estaciones de tren,TRANSPORTE,"Salamanca, 28001 Madrid, Spain","3,5",227,—,Abierto,40.4233,-3.69095,https://maps.google.com/?cid=12008645356103539221,,,,NO,SI
Embajada de Hungría,"Consulados, Embajadas",GOBIERNO,"C. de Fortuny, 6, Chamberí, 28010 Madrid, Spain","4,3",16,—,Abierto,40.429,-3.69094,https://maps.google.com/?cid=15995017232178160595,,Monday: 9:00AM–3:00PM | Tuesday: 9:00AM–3:00PM | Wednesday: 9:00AM–3:00PM | Thursday: 9:00AM–3:00PM | Friday: 9:00AM–3:00PM | Saturday: Closed | Sunday: Closed,914 13 70 11,NO,SI
Mutua Montañesa Madrid,Hospitales,SALUD,"P.º del Prado, 16, Centro, 28014 Madrid, Spain","3,9",51,—,Abierto,40.414,-3.69414,https://maps.google.com/?cid=11382519539184268974,https://www.mutuamontanesa.es/mutua-montanesa/centros/mutua-montanesa-madrid,Monday: 8:00AM–3:00PM | Tuesday: 8:00AM–3:00PM | Wednesday: 8:00AM–3:00PM | Thursday: 8:00AM–3:00PM | Friday: 8:00AM–3:00PM | Saturday: Closed | Sunday: Closed,914 20 19 78,NO,NO
Pastry shop Plaza Mayor,Panaderías,COMIDA Y BEBIDA,"C. de Zaragoza, 3, Centro, 28012 Madrid, Spain","4,3",184,—,Abierto,40.4152,-3.70611,https://maps.google.com/?cid=16317840765458266490,http://pasteleriaplazamayor.es/,Monday: 10:00AM–8:00PM | Tuesday: 10:00AM–8:00PM | Wednesday: 10:00AM–8:00PM | Thursday: 10:00AM–8:00PM | Friday: 10:00AM–8:00PM | Saturday: 10:00AM–8:00PM | Sunday: 10:00AM–8:00PM,915 24 97 92,NO,NO
Carrefour Market,Supermercados,COMIDA Y BEBIDA,"Calle de Fuencarral, 158, Chamberí, 28010 Madrid, Spain",4,3723,—,Abierto,40.4331,-3.70394,https://maps.google.com/?cid=6599132589776385979,https://www.carrefour.es/tiendas-carrefour/supermercados/carrefour-market/quevedo_-_s.aspx,Monday: 7:00AM–1:00AM | Tuesday: 7:00AM–1:00AM | Wednesday: 7:00AM–1:00AM | Thursday: 7:00AM–1:00AM | Friday: 7:00AM–1:00AM | Saturday: 7:00AM–1:00AM | Sunday: 7:00AM–1:00AM,609 03 17 92,NO,SI
Supermercados Dia,Supermercados,COMIDA Y BEBIDA,"C. de San Bernardo, 83, Centro, 28015 Madrid, Spain","3,6",272,—,Abierto,40.4282,-3.70649,https://maps.google.com/?cid=16649477943247680325,http://www.dia.es/compra-online/,Monday: 9:00AM–10:00PM | Tuesday: 9:00AM–10:00PM | Wednesday: 9:00AM–10:00PM | Thursday: 9:00AM–10:00PM | Friday: 9:00AM–10:00PM | Saturday: 9:00AM–10:00PM | Sunday: 9:00AM–10:00PM,912 17 04 53,NO,NO
Galería Odalys,Galerías de arte,CULTURA OCIO Y NATURALEZA,"C. de Orfila, 5, Chamberí, 28010 Madrid, Spain","4,2",97,—,Abierto,40.4274,-3.69279,https://maps.google.com/?cid=16227470108895774808,http://www.odalys.com/,"Monday: Closed | Tuesday: 10:00AM–2:00PM, 3:00–7:00PM | Wednesday: 10:00AM–2:00PM, 3:00–7:00PM | Thursday: 10:00AM–2:00PM, 3:00–7:00PM | Friday: 10:00AM–2:00PM, 3:00–7:00PM | Saturday: 10:00AM–2:00PM, 3:00–7:00PM | Sunday: Closed",913 19 40 11,NO,SI
Palos de La Frontera,Estaciones de metro,TRANSPORTE,"Arganzuela, 28045 Madrid, Spain","4,1",122,—,Abierto,40.4029,-3.69395,https://maps.google.com/?cid=14071291000206015537,http://www.metromadrid.es/,,,NO,SI
Cheers Karaoke,Discotecas,LOCALES DE OCIO NOCTURNO,"C. de las Huertas, 50, Centro, 28014 Madrid, Spain",4,3443,Barato,Abierto,40.4132,-3.69695,https://maps.google.com/?cid=6384420070584061397,http://www.cherskaraoke.com/,Monday: 7:00PM–3:00AM | Tuesday: 7:00PM–3:00AM | Wednesday: 7:00PM–3:00AM | Thursday: 6:00PM–3:00AM | Friday: 6:00PM–3:30AM | Saturday: 5:00PM–3:30AM | Sunday: 5:00PM–3:00AM,650 09 43 82,NO,SI
Aparcamiento para bicicletas,Aparcamientos,GASOLINERAS Y APARCAMIENTOS,"C. del Carmen, 11, Centro, 28013 Madrid, Spain",0,0,—,Abierto,40.418,-3.70401,https://maps.google.com/?cid=1558994402657997623,,Monday: Open 24 hours | Tuesday: Open 24 hours | Wednesday: Open 24 hours | Thursday: Open 24 hours | Friday: Open 24 hours | Saturday: Open 24 hours | Sunday: Open 24 hours,,NO,NO
General Council of Colleges of Economists of Spain,Universidades,EDUCACIÓN,"Calle de Nicasio Gallego, 8, Chamberí, 28010 Madrid, Spain",5,5,—,Abierto,40.4293,-3.69943,https://maps.google.com/?cid=1144246198177147246,https://economistas.es/,"Monday: 9:00AM–2:00PM, 3:00–5:00PM | Tuesday: 9:00AM–2:00PM, 3:00–5:00PM | Wednesday: 9:00AM–2:00PM, 3:00–5:00PM | Thursday: 9:00AM–2:00PM, 3:00–5:00PM | Friday: 8:00AM–3:00PM | Saturday: Closed | Sunday: Closed",914 32 26 70,NO,SI
Hotel Avenida Gran Via,"Campos de golf, Templos budistas","ESPACIOS DEPORTIVOS, ESPACIOS RELIGIOSOS","C. de Mesonero Romanos, 14, Centro, 28013 Madrid, Spain","3,7",844,—,Abierto,40.4197,-3.70407,https://maps.google.com/?cid=9941068410038715580,https://www.hotelavenidagranvia.com/?utm_source=google&utm_medium=business&utm_campaign=Maps,,915 32 71 07,NO,SI
Ana Orantes Garden,"Jardines, Parques, Parques naturales",CULTURA OCIO Y NATURALEZA,"C. del Conde, 7, Centro, Centro, 28005 Madrid, Spain",0,0,—,Abierto,40.4138,-3.71108,https://maps.google.com/?cid=15566611936357729158,,Monday: Open 24 hours | Tuesday: Open 24 hours | Wednesday: Open 24 hours | Thursday: Open 24 hours | Friday: Open 24 hours | Saturday: Open 24 hours | Sunday: Open 24 hours,,NO,NO
Ópera,Estaciones de metro,TRANSPORTE,"Centro, 28013 Madrid, Spain","4,5",781,—,Abierto,40.4182,-3.70934,https://maps.google.com/?cid=1465750589249917668,,,,NO,SI
Calzados Lobo - Alpargateria Zapatería,"Mercados, Perfumerías, Tiendas, Zapaterías","COMIDA Y BEBIDA, TIENDAS","Calle de Toledo, 30, Esq. Plaza Segovia, Nueva, 1, Centro, 28005 Madrid, Spain","4,6",840,—,Abierto,40.4132,-3.70755,https://maps.google.com/?cid=16321432747093352541,https://www.calzadoslobo.com/,"Monday: 9:30AM–2:00PM, 4:30–8:00PM | Tuesday: 9:30AM–2:00PM, 4:30–8:00PM | Wednesday: 9:30AM–2:00PM, 4:30–8:00PM | Thursday: 9:30AM–2:00PM, 4:30–8:00PM | Friday: 9:30AM–2:00PM, 4:30–8:00PM | Saturday: 10:00AM–2:00PM | Sunday: Closed",913 66 40 17,NO,NO
Plaza Mayor,Estaciones de autobús,TRANSPORTE,"Centro, 28012 Madrid, Spain",5,10,—,Abierto,40.4148,-3.70551,https://maps.google.com/?cid=1945908695156564081,,,,NO,SI
Fnac,Librerías,TIENDAS,"C. de Preciados, 28, Centro, 28013 Madrid, Spain","4,2",37951,—,Cerrado temporalmente,40.4191,-3.70519,https://maps.google.com/?cid=4324197759138045535,https://www.fnac.es/?origin=SEO_MB_01_CALLAO,,,NO,NO
Garaje Centro,Aparcamientos,GASOLINERAS Y APARCAMIENTOS,"C. de los Relatores, 11, BAJO, Centro, 28012 Madrid, Spain","3,1",374,—,Abierto,40.413,-3.70318,https://maps.google.com/?cid=13654214667774795259,,Monday: Open 24 hours | Tuesday: Open 24 hours | Wednesday: Open 24 hours | Thursday: Open 24 hours | Friday: Open 24 hours | Saturday: Open 24 hours | Sunday: Open 24 hours,913 69 17 65,NO,SI
Gioelia Cremería Madrid,Panaderías,COMIDA Y BEBIDA,"C. de Atocha, 42, Centro, 28012 Madrid, Spain","4,7",2299,Barato,Abierto,40.4127,-3.69999,https://maps.google.com/?cid=16004106769673031477,https://gioeliacremeria.com/inicio,Monday: 12:00PM–12:00AM | Tuesday: 12:00PM–12:00AM | Wednesday: 12:00PM–12:00AM | Thursday: 12:00PM–12:00AM | Friday: 12:00PM–12:50AM | Saturday: 12:00PM–12:50AM | Sunday: 12:00PM–12:00AM,911 25 60 50,NO,SI
Museo del Prado - Jardín Botánico,Estaciones de autobús,TRANSPORTE,"Retiro, 28014 Madrid, Spain","4,7",10,—,Abierto,40.4131,-3.69288,https://maps.google.com/?cid=4545294207632005858,,,,NO,SI
Jardín de tulipanes,"Jardines, Parques, Parques naturales",CULTURA OCIO Y NATURALEZA,"C. de Lepanto, 2, Centro, Centro, 28013 Madrid, Spain",4,7,—,Abierto,40.4178,-3.71196,https://maps.google.com/?cid=18420627088497157438,,,,NO,NO
Farmacia Fucar,Farmacias,SALUD,"C. de Fúcar, 10, Centro, 28014 Madrid, Spain","4,7",75,—,Abierto,40.4117,-3.69567,https://maps.google.com/?cid=12217074173244840227,http://farmaciafucar.es/,Monday: 9:00AM–9:30PM | Tuesday: 9:00AM–9:30PM | Wednesday: 9:00AM–9:30PM | Thursday: 9:00AM–9:30PM | Friday: 9:00AM–9:30PM | Saturday: 10:00AM–9:00PM | Sunday: Closed,914 29 02 97,NO,SI
Jack´s Library,Bibliotecas,EDUCACIÓN,"C. de Santo Tomé, 6, Centro, 28004 Madrid, Spain","4,8",520,—,Abierto,40.4235,-3.69502,https://maps.google.com/?cid=4864609698756457347,http://www.jackslibrary.com/,Monday: 7:00PM–2:00AM | Tuesday: 7:00PM–2:00AM | Wednesday: 7:00PM–2:00AM | Thursday: 7:00PM–2:00AM | Friday: 7:00PM–2:30AM | Saturday: 6:00PM–2:30AM | Sunday: 6:00PM–1:00AM,,SI,NO
Official College of Pharmacists of Madrid,Colegios,EDUCACIÓN,"Calle de Sta Engracia, 31, Chamberí, 28010 Madrid, Spain","3,4",85,—,Abierto,40.4312,-3.69734,https://maps.google.com/?cid=6580890297134206074,http://www.cofm.es/,Monday: 8:30AM–2:30PM | Tuesday: 8:30AM–2:30PM | Wednesday: 8:30AM–2:30PM | Thursday: 8:30AM–2:30PM | Friday: 8:30AM–2:30PM | Saturday: Closed | Sunday: Closed,914 06 84 00,NO,SI
Centro de Estética Carmen Navarro M. Esquinza,"Piscinas, Spas",ESPACIOS DEPORTIVOS,"C. del Monte Esquinza, 11, Chamberí, 28010 Madrid, Spain","4,9",210,—,Abierto,40.4268,-3.69237,https://maps.google.com/?cid=2410288799220888570,https://carmennavarro.com/,Monday: 10:00AM–8:00PM | Tuesday: 10:00AM–8:00PM | Wednesday: 10:00AM–8:00PM | Thursday: 10:00AM–8:00PM | Friday: 10:00AM–8:00PM | Saturday: Closed | Sunday: Closed,914 49 55 28,NO,SI
CaixaForum Madrid,"Centros culturales, Museos",CULTURA OCIO Y NATURALEZA,"P.º del Prado, 36, Centro, 28014 Madrid, Spain","4,5",22858,—,Abierto,40.4111,-3.69357,https://maps.google.com/?cid=3797332495257453802,https://caixaforum.es/es/madrid/home,Monday: 10:00AM–8:00PM | Tuesday: 10:00AM–8:00PM | Wednesday: 10:00AM–8:00PM | Thursday: 10:00AM–8:00PM | Friday: 10:00AM–8:00PM | Saturday: 10:00AM–8:00PM | Sunday: 10:00AM–8:00PM,913 30 73 00,NO,SI
Mezquita Al-huda,Mezquitas,ESPACIOS RELIGIOSOS,"C. del Oso, 4, Centro, 28012 Madrid, Spain","4,7",35,—,Abierto,40.4099,-3.70445,https://maps.google.com/?cid=4254544558601550949,,Monday: Open 24 hours | Tuesday: Open 24 hours | Wednesday: Open 24 hours | Thursday: Open 24 hours | Friday: Open 24 hours | Saturday: Open 24 hours | Sunday: Open 24 hours,,NO,NO
Garaje Toledo 90,Aparcamientos,GASOLINERAS Y APARCAMIENTOS,"C. de Toledo, 90, Centro, 28005 Madrid, Spain",2,6,—,Abierto,40.4086,-3.71079,https://maps.google.com/?cid=14125166782412133662,,,,NO,NO
Espacio Chueca,"Piscinas, Spas",ESPACIOS DEPORTIVOS,"C. de Pelayo, 7, Centro, 28004 Madrid, Spain","4,3",204,—,Abierto,40.4221,-3.69901,https://maps.google.com/?cid=909203388772121434,,Monday: Closed | Tuesday: 11:00AM–9:00PM | Wednesday: 12:00–9:00PM | Thursday: 12:00–9:00PM | Friday: 11:00AM–9:00PM | Saturday: 10:00AM–4:00PM | Sunday: Closed,915 32 46 34,NO,SI
Brooksfield,Tiendas de ropa,TIENDAS,"C. de Claudio Coello, 27, Salamanca, 28001 Madrid, Spain",0,0,—,Cerrado temporalmente,40.4237,-3.68688,https://maps.google.com/?cid=4581237340344226257,,,,NO,NO
Supermercados Dia,Supermercados,COMIDA Y BEBIDA,"Rda. de Valencia, 9, Arganzuela, 28012 Madrid, Spain","3,6",618,—,Abierto,40.4051,-3.70143,https://maps.google.com/?cid=11538242207703161548,http://www.dia.es/compra-online/,Monday: 8:30AM–10:00PM | Tuesday: 8:30AM–10:00PM | Wednesday: 8:30AM–10:00PM | Thursday: 8:30AM–10:00PM | Friday: 8:30AM–10:00PM | Saturday: 8:30AM–10:00PM | Sunday: 10:00AM–9:30PM,912 17 04 53,NO,SI
Clínica Germán Bayón,"Clínicas, Hospitales",SALUD,"C. de Andrés Mellado, 10, 1 º A, Chamberí, 28015 Madrid, Spain","4,8",61,—,Cerrado temporalmente,40.4313,-3.71449,https://maps.google.com/?cid=12166718384757816187,https://clinicagermanbayon.com/,,915 44 01 59,NO,SI
Funcional Fun Training,Gimnasios,ESPACIOS DEPORTIVOS,"C. de Sta. Cruz de Marcenado, 8, Centro, 28015 Madrid, Spain","4,9",28,—,Abierto,40.4288,-3.70831,https://maps.google.com/?cid=1878710783969715365,http://www.funcionalfuntraining.com/,"Monday: 6:00AM–2:00PM, 6:00–10:00PM | Tuesday: 6:00AM–2:00PM, 6:00–10:00PM | Wednesday: 6:00AM–2:00PM, 6:00–10:00PM | Thursday: 6:00AM–2:00PM, 6:00–10:00PM | Friday: 7:00AM–2:00PM, 7:00–8:00PM | Saturday: 8:00AM–12:00PM | Sunday: Closed",665 60 59 80,NO,NO
Ta Tung Universal,Supermercados,COMIDA Y BEBIDA,"C. de Mozart, 5, Moncloa - Aravaca, 28008 Madrid, Spain","4,7",335,—,Abierto,40.4223,-3.72134,https://maps.google.com/?cid=2960821823624255758,,"Monday: 10:00AM–3:00PM, 4:30–9:00PM | Tuesday: 10:00AM–3:00PM, 4:30–9:00PM | Wednesday: 10:00AM–3:00PM, 4:30–9:00PM | Thursday: 10:00AM–3:00PM, 4:30–9:00PM | Friday: 10:00AM–3:00PM, 4:30–9:00PM | Saturday: 10:00AM–9:00PM | Sunday: 11:00AM–2:30PM, 5:00–9:00PM",915 41 72 10,NO,NO
Farmacia Goya 12,Farmacias,SALUD,"1º, Calle de Goya, 12, Salamanca, 28001 Madrid, Spain","2,6",28,—,Abierto,40.425,-3.68515,https://maps.google.com/?cid=11880179199173401274,,Monday: 9:30AM–9:30PM | Tuesday: 9:30AM–9:30PM | Wednesday: 9:30AM–9:30PM | Thursday: 9:30AM–9:30PM | Friday: 9:30AM–9:30PM | Saturday: 9:30AM–9:30PM | Sunday: 9:30AM–9:30PM,914 26 04 78,NO,SI
"MAXIMUM PARRA, S.L.",Joyerías,TIENDAS,"C. del Duque de Rivas, 3, Local derecha, Centro, 28012 Madrid, Spain",5,22,—,Abierto,40.4133,-3.70635,https://maps.google.com/?cid=8093526211785931980,http://www.maximoparra.es/,Monday: 8:00AM–3:00PM | Tuesday: 8:00AM–3:00PM | Wednesday: 8:00AM–3:00PM | Thursday: 8:00AM–3:00PM | Friday: 8:00AM–3:00PM | Saturday: Closed | Sunday: Closed,913 69 06 99,NO,SI
Moharaj,"Restaurantes, Tapas, Vegano, Vegetariano",COMIDA Y BEBIDA,"C. del Ave María, 18, Centro, 28012 Madrid, Spain","4,5",2295,Barato,Abierto,40.4109,-3.70067,https://maps.google.com/?cid=3332046715506908032,http://www.moharaj.com/,"Monday: 1:00–5:00PM, 7:00PM–12:00AM | Tuesday: 1:00–5:00PM, 7:00PM–12:00AM | Wednesday: 1:00–5:00PM, 7:00PM–12:00AM | Thursday: 1:00–5:00PM, 7:00PM–12:00AM | Friday: 1:00PM–12:00AM | Saturday: 1:00PM–12:00AM | Sunday: 1:00PM–12:00AM",915 27 17 87,SI,SI
Farmacia Malasaña,Farmacias,SALUD,"Pl. de San Ildefonso, 4, Centro, 28004 Madrid, Spain",4,170,—,Abierto,40.4241,-3.70224,https://maps.google.com/?cid=12729372811977302579,https://farmaciamalasana.es/,Monday: 9:00AM–9:30PM | Tuesday: 9:00AM–9:30PM | Wednesday: 9:00AM–9:30PM | Thursday: 9:00AM–9:30PM | Friday: 9:00AM–9:30PM | Saturday: 9:30AM–9:30PM | Sunday: 9:30AM–9:30PM,915 21 20 67,NO,SI
Palacio de Cristal,"Centros culturales, Montañas, Museos, Oficinas de turismo, Senderismo","CULTURA OCIO Y NATURALEZA, ESPACIOS DEPORTIVOS, OFICINAS DE TURISMO","P.º de Cuba, 4, Retiro, 28009 Madrid, Spain","4,6",46747,—,Cerrado temporalmente,40.4136,-3.68199,https://maps.google.com/?cid=8767359853343406681,https://www.museoreinasofia.es/,,915 74 56 17,NO,NO
Ya'sta Club,Discotecas,LOCALES DE OCIO NOCTURNO,"C. de Valverde, 10, Centro, 28004 Madrid, Spain","3,8",693,—,Abierto,40.4211,-3.70199,https://maps.google.com/?cid=1233174842570306795,http://www.yastaclub.es/,Monday: Closed | Tuesday: Closed | Wednesday: Closed | Thursday: Closed | Friday: 7:00PM–6:00AM | Saturday: 7:00PM–6:00AM | Sunday: Closed,,NO,NO
El Escondite de Villanueva l Restaurante Barrio Salamanca,"Bares, Cervecerías, Coctelerías, Mercados, Perfumerías, Restaurantes, Tapas, Tiendas, Vegano, Vegetariano","COMIDA Y BEBIDA, LOCALES DE OCIO NOCTURNO, TIENDAS","C. de Villanueva, 26, Salamanca, 28001 Madrid, Spain","4,1",2554,Moderado,Abierto,40.4223,-3.68597,https://maps.google.com/?cid=1069283035418375748,https://www.elesconditedevillanueva.com/?utm_source=gmb&utm_medium=gmb&utm_campaign=web,Monday: 9:00AM–1:00AM | Tuesday: 9:00AM–1:00AM | Wednesday: 9:00AM–1:00AM | Thursday: 9:00AM–1:00AM | Friday: 9:00AM–2:00AM | Saturday: 11:00AM–2:00AM | Sunday: 11:00AM–12:00AM,914 31 33 49,SI,NO
Café El Despertar JAZZ EN VIVO desde 1981- Volvemos en septiembre!,Discotecas,LOCALES DE OCIO NOCTURNO,"C. de la Torrecilla del Leal, 18, Centro, 28012 Madrid, Spain","4,3",324,Barato,Abierto,40.4108,-3.69953,https://maps.google.com/?cid=7674721782737154183,http://www.cafeeldespertar.com/,Monday: Closed | Tuesday: Closed | Wednesday: Closed | Thursday: 7:30PM–12:00AM | Friday: 7:30PM–2:30AM | Saturday: 7:30PM–2:30AM | Sunday: 7:30PM–12:00AM,915 30 80 95,SI,NO
School of Legal Practice,Colegios,EDUCACIÓN,"C. de Amaniel, 2, Centro, 28015 Madrid, Spain","4,4",43,—,Abierto,40.4252,-3.70882,https://maps.google.com/?cid=10729149585332322010,https://www.epj.es/,,915 32 73 91,NO,SI
Contemporary Sculpture Collection Renfe,"Centros culturales, Museos",CULTURA OCIO Y NATURALEZA,"C. de Sta. Isabel, 44, Centro, 28012 Madrid, Spain",5,2,—,Abierto,40.4098,-3.69693,https://maps.google.com/?cid=12665119367133898132,,,915 27 11 81,NO,SI
Dia,Supermercados,COMIDA Y BEBIDA,"C. de Sagasta, 18, Centro, 28004 Madrid, Spain",4,236,—,Abierto,40.4281,-3.69869,https://maps.google.com/?cid=573807077088314815,http://www.dia.es/compra-online/,Monday: 8:30AM–10:00PM | Tuesday: 8:30AM–10:00PM | Wednesday: 8:30AM–10:00PM | Thursday: 8:30AM–10:00PM | Friday: 8:30AM–10:00PM | Saturday: 8:30AM–10:00PM | Sunday: Closed,912 17 04 53,NO,SI
Farmacia Europa Princesa,Farmacias,SALUD,"Calle de la Princesa, 30, Centro, 28008 Madrid, Spain",4,153,—,Abierto,40.4279,-3.71406,https://maps.google.com/?cid=2831662639110406337,http://www.farmaciaeuropa.es/,Monday: 9:00AM–10:00PM | Tuesday: 9:00AM–10:00PM | Wednesday: 9:00AM–10:00PM | Thursday: 9:00AM–10:00PM | Friday: 9:00AM–10:00PM | Saturday: 9:30AM–10:00PM | Sunday: 9:30AM–10:00PM,915 42 33 88,NO,SI
Hotel Madrid Atocha Affiliated by Meliá,"Albergues, Apartamentos turísticos, Campos de golf, Hostales, Hoteles, Templos budistas","ALOJAMIENTOS, ESPACIOS DEPORTIVOS, ESPACIOS RELIGIOSOS","C. de Atocha, 83, Centro, 28012 Madrid, Spain","4,1",1885,—,Abierto,40.4116,-3.69778,https://maps.google.com/?cid=11999190900802504539,,,,NO,SI
ABONAVIDA,Cafés,COMIDA Y BEBIDA,"C. de las Navas de Tolosa, 3, Centro, 28013 Madrid, Spain","4,3",1528,Moderado,Abierto,40.4191,-3.70673,https://maps.google.com/?cid=12972524516353802483,http://www.abonavida.com/,Monday: 9:30AM–1:00AM | Tuesday: 9:30AM–1:00AM | Wednesday: 9:30AM–1:00AM | Thursday: 9:30AM–1:00AM | Friday: 9:30AM–2:30AM | Saturday: 10:00AM–2:30AM | Sunday: 10:00AM–1:00AM,915 22 98 60,SI,NO
La sagrada familia,"Jardines, Parques, Parques naturales",CULTURA OCIO Y NATURALEZA,"Centro, 28012 Madrid, Spain",0,0,—,Abierto,40.4156,-3.70381,https://maps.google.com/?cid=1502100502315235841,,,,NO,NO
Consulado General de Colombia,"Consulados, Embajadas",GOBIERNO,"C. de los Madrazo, 8, Centro, 28014 Madrid, Spain","3,2",1679,—,Abierto,40.4174,-3.69794,https://maps.google.com/?cid=17637504116394038815,http://madrid.consulado.gov.co/,Monday: 8:30AM–2:30PM | Tuesday: 8:30AM–2:30PM | Wednesday: 8:30AM–2:30PM | Thursday: 8:30AM–2:30PM | Friday: 8:30AM–2:30PM | Saturday: Closed | Sunday: Closed,917 45 25 90,NO,SI
Los amigos,"Bares, Cervecerías, Coctelerías","COMIDA Y BEBIDA, LOCALES DE OCIO NOCTURNO","C. de las Conchas, 6, Centro, 28013 Madrid, Spain",4,1259,Barato,Abierto,40.4189,-3.70777,https://maps.google.com/?cid=12659759960206772453,https://los-amigos-ii.eatbu.com/,Monday: Closed | Tuesday: 1:00PM–12:00AM | Wednesday: 1:00PM–12:00AM | Thursday: 1:00PM–12:00AM | Friday: 1:00PM–12:00AM | Saturday: 1:00PM–1:30AM | Sunday: 1:00PM–1:30AM,915 59 47 06,SI,SI
Academia Arganzuela,Colegios,EDUCACIÓN,"C. de Ercilla, 6, Arganzuela, 28005 Madrid, Spain","4,8",44,—,Cerrado temporalmente,40.4039,-3.70385,https://maps.google.com/?cid=11227812058459267905,https://academiaarganzuela.com/,,615 46 66 23,NO,NO
Pharmacy Segovia Round 44,Farmacias,SALUD,"Ronda de Segovia, 44, Arganzuela, 28005 Madrid, Spain",5,13,—,Abierto,40.4074,-3.71425,https://maps.google.com/?cid=5813425211135534526,,Monday: 9:00AM–9:30PM | Tuesday: 9:00AM–9:30PM | Wednesday: 9:00AM–9:30PM | Thursday: 9:00AM–9:30PM | Friday: 9:00AM–9:30PM | Saturday: 10:00AM–2:30PM | Sunday: Closed,913 64 23 42,NO,SI
Libros para un Mundo Mejor,Librerías,TIENDAS,"C. del Espíritu Santo, 13, Centro, 28004 Madrid, Spain","4,6",501,—,Abierto,40.4252,-3.70341,https://maps.google.com/?cid=15333054895853414068,http://www.librosparaunmundomejor.es/,"Monday: 11:00AM–4:00PM, 5:00–9:00PM | Tuesday: 11:00AM–4:00PM, 5:00–9:00PM | Wednesday: 11:00AM–4:00PM, 5:00–9:00PM | Thursday: 11:00AM–4:00PM, 5:00–9:00PM | Friday: 11:00AM–4:00PM, 5:00–9:00PM | Saturday: 11:00AM–9:00PM | Sunday: 12:00–8:00PM",915 93 46 74,NO,NO
MEDICAL CENTER ATOCHA,Hospitales,SALUD,"Calle del Gral. Lacy, 12, Arganzuela, 28045 Madrid, Spain","4,8",415,—,Abierto,40.4041,-3.69084,https://maps.google.com/?cid=654619029309265365,http://www.centromedicoatocha.es/,"Monday: 10:00AM–1:30PM, 5:00–8:00PM | Tuesday: 10:00AM–1:30PM, 5:00–8:00PM | Wednesday: 10:00AM–1:30PM, 5:00–8:00PM | Thursday: 10:00AM–1:30PM, 5:00–8:00PM | Friday: 10:00AM–1:30PM, 5:00–8:00PM | Saturday: Closed | Sunday: Closed",910 11 92 72,NO,SI
Biblioteca del Campus Madrid Puerta de Toledo UC3M,Bibliotecas,EDUCACIÓN,"Ronda de Toledo, 1, Centro, 28005 Madrid, Spain",4,13,—,Abierto,40.4067,-3.71099,https://maps.google.com/?cid=15456850117671654151,http://biblioteca.uc3m.es/,Monday: 9:00AM–9:00PM | Tuesday: 9:00AM–9:00PM | Wednesday: 9:00AM–9:00PM | Thursday: 9:00AM–9:00PM | Friday: 9:00AM–9:00PM | Saturday: Closed | Sunday: Closed,916 24 57 01,NO,SI
Príncipe Pío,"Estaciones de metro, Estaciones de tren",TRANSPORTE,"Moncloa - Aravaca, 28008 Madrid, Spain","4,2",1837,—,Abierto,40.4214,-3.71899,https://maps.google.com/?cid=13345726200449067136,https://www.crtm.es/tu-transporte-publico/intercambiadores/grandes-intercambiadores/90_18.aspx,,,NO,SI
Escuela Superior de Canto de Madrid,Colegios,EDUCACIÓN,"C. de San Bernardo, 44, Centro, 28015 Madrid, Spain","4,7",70,—,Abierto,40.4245,-3.70725,https://maps.google.com/?cid=4210432998708023345,http://www.escm.es/,Monday: 8:00AM–10:00PM | Tuesday: 8:00AM–10:00PM | Wednesday: 8:00AM–10:00PM | Thursday: 8:00AM–10:00PM | Friday: 8:00AM–10:00PM | Saturday: 10:00AM–3:00PM | Sunday: Closed,915 32 85 33,NO,SI
Zapatería Bravo Java,Zapaterías,TIENDAS,"Gran Vía, 22, Centro, 28013 Madrid, Spain","4,3",15,—,Abierto,40.42,-3.70038,https://maps.google.com/?cid=14415975618015430475,http://www.bravojava.net/,Monday: 10:30AM–8:30PM | Tuesday: 10:30AM–8:30PM | Wednesday: 10:30AM–8:30PM | Thursday: 10:30AM–8:30PM | Friday: 10:30AM–8:30PM | Saturday: 10:30AM–8:30PM | Sunday: Closed,915 22 22 00,NO,SI
Convento de las Trinitarias Descalzas de San Ildefonso,"Montañas, Oficinas de turismo, Senderismo","CULTURA OCIO Y NATURALEZA, ESPACIOS DEPORTIVOS, OFICINAS DE TURISMO","C. de Lope de Vega, 18, Centro, 28014 Madrid, Spain","4,3",208,—,Abierto,40.4136,-3.69764,https://maps.google.com/?cid=5949048293015591505,http://www.madrid.es/,Monday: 8:00–9:00AM | Tuesday: 8:00–9:00AM | Wednesday: 8:00–9:00AM | Thursday: 8:00–9:00AM | Friday: 8:00–9:00AM | Saturday: 7:00–8:00PM | Sunday: 11:30AM–12:30PM,914 29 56 71,NO,NO
Joyería San Luis,Joyerías,TIENDAS,"C/ de Hortaleza, 2, Centro, 28004 Madrid, Spain","4,4",31,—,Abierto,40.4202,-3.701,https://maps.google.com/?cid=11638328107323405275,https://www.joyeriasanluis.com/,"Monday: 10:30AM–1:30PM, 5:00–8:00PM | Tuesday: 10:30AM–1:30PM, 5:00–8:00PM | Wednesday: 10:30AM–1:30PM, 5:00–8:00PM | Thursday: 10:30AM–1:30PM, 5:00–8:00PM | Friday: 10:30AM–1:30PM, 5:00–8:00PM | Saturday: 10:30AM–1:30PM | Sunday: Closed",915 22 50 87,NO,NO
Farmacia Collazo- Hortaleza 2 Pharmacy,Farmacias,SALUD,"C/ de Hortaleza, 2, Centro, 28004 Madrid, Spain","4,4",34,—,Abierto,40.4204,-3.70086,https://maps.google.com/?cid=5944634293384520244,,Monday: 9:00AM–9:00PM | Tuesday: 9:00AM–9:00PM | Wednesday: 9:00AM–9:00PM | Thursday: 9:00AM–9:00PM | Friday: 9:00AM–9:00PM | Saturday: 9:00AM–9:00PM | Sunday: Closed,915 22 27 72,NO,SI
La Pastelería del Duque,Panaderías,COMIDA Y BEBIDA,"C. del Duque de Alba, 14, Centro, 28012 Madrid, Spain","3,9",395,Barato,Abierto,40.4116,-3.70693,https://maps.google.com/?cid=8978730519654074260,https://www.facebook.com/pasteleriadelduque,Monday: 8:00AM–10:30PM | Tuesday: 8:00AM–10:30PM | Wednesday: 8:00AM–10:30PM | Thursday: 8:00AM–10:30PM | Friday: 8:00AM–8:00PM | Saturday: 8:00AM–10:30PM | Sunday: 8:00AM–10:30PM,,NO,SI
Orfila3Estudio,Gimnasios,ESPACIOS DEPORTIVOS,"C. de Orfila, 3, Chamberí, 28010 Madrid, Spain",5,18,—,Abierto,40.4274,-3.69319,https://maps.google.com/?cid=354125130298004390,http://orfila3estudiopilates.com/,Monday: 9:00AM–9:00PM | Tuesday: 9:00AM–9:00PM | Wednesday: 9:00AM–9:00PM | Thursday: 9:00AM–9:00PM | Friday: 9:00AM–9:00PM | Saturday: Closed | Sunday: Closed,637 54 63 66,NO,NO
ALEGRIA B,Joyerías,TIENDAS,"C. Mayor, 6, Centro, 28013 Madrid, Spain","3,7",3,—,Abierto,40.4166,-3.70551,https://maps.google.com/?cid=18422860226125975998,http://www.alegriab.com/,Monday: 10:00AM–8:30PM | Tuesday: 10:00AM–8:30PM | Wednesday: 10:00AM–8:30PM | Thursday: 10:00AM–8:30PM | Friday: 10:00AM–8:30PM | Saturday: 10:00AM–3:00PM | Sunday: Closed,667 28 70 26,NO,NO
Plaza del Carmen,"Jardines, Parques, Parques naturales",CULTURA OCIO Y NATURALEZA,"C. del Carmen, Centro, 28013 Madrid, Spain","4,6",8,—,Abierto,40.4185,-3.70378,https://maps.google.com/?cid=33707941607327861,https://es.wikipedia.org/wiki/Plaza_del_Carmen_(Madrid),Monday: Open 24 hours | Tuesday: Open 24 hours | Wednesday: Open 24 hours | Thursday: Open 24 hours | Friday: Open 24 hours | Saturday: Open 24 hours | Sunday: Open 24 hours,,NO,SI
Lourdes Carlavilla Aqui Empezo,"Jardines, Parques, Parques naturales",CULTURA OCIO Y NATURALEZA,"Cava de San Miguel, 19, Centro, Centro, 28005 Madrid, Spain",3,1,—,Abierto,40.4148,-3.70809,https://maps.google.com/?cid=10344998484139519035,,,,NO,NO
La Doña,Panaderías,COMIDA Y BEBIDA,"C. de San Bernardo, 57, Centro, 28015 Madrid, Spain","4,1",1926,Barato,Abierto,40.426,-3.7072,https://maps.google.com/?cid=3939614643503571284,http://grupoladona.com/,Monday: Open 24 hours | Tuesday: Open 24 hours | Wednesday: Open 24 hours | Thursday: Open 24 hours | Friday: Open 24 hours | Saturday: Open 24 hours | Sunday: Open 24 hours,917 95 98 72,NO,SI
Café de la Luz,"Cafés, Mercados, Perfumerías, Tiendas","COMIDA Y BEBIDA, TIENDAS","C. de la Puebla, 8, Centro, 28004 Madrid, Spain","4,3",3945,Moderado,Abierto,40.4221,-3.70253,https://maps.google.com/?cid=16249970219666254974,,Monday: 10:00AM–1:00AM | Tuesday: 10:00AM–1:00AM | Wednesday: 10:00AM–1:00AM | Thursday: 10:00AM–1:00AM | Friday: 10:00AM–2:30AM | Saturday: 10:00AM–2:30AM | Sunday: 10:00AM–1:00AM,915 23 11 99,SI,NO
UNED - Centro de zona RAMÓN ARECES,Universidades,EDUCACIÓN,"C. de Palos de la Frontera, 22, Arganzuela, 28012 Madrid, Spain","3,7",7,—,Abierto,40.403,-3.69828,https://maps.google.com/?cid=2900581862370319757,,Monday: 8:00AM–8:30PM | Tuesday: 8:00AM–8:30PM | Wednesday: 8:00AM–8:30PM | Thursday: 8:00AM–8:30PM | Friday: 8:00AM–8:30PM | Saturday: Closed | Sunday: Closed,914 67 49 98,NO,SI
Shiam Salud,Clínicas,SALUD,"C. de Don Pedro, 17, Centro, 28005 Madrid, Spain",5,1,—,Cerrado temporalmente,40.4117,-3.71414,https://maps.google.com/?cid=3427775513114456266,https://www.shpsicosalud.com/,,675 46 95 01,NO,SI
Springfield,Zapaterías,TIENDAS,"Calle de Fuencarral, 21, Centro, 28013 Madrid, Spain","4,1",943,—,Abierto,40.4214,-3.70122,https://maps.google.com/?cid=15884297632668389712,https://myspringfield.com/es/es,Monday: 10:00AM–9:30PM | Tuesday: 10:00AM–9:30PM | Wednesday: 10:00AM–9:30PM | Thursday: 10:00AM–9:30PM | Friday: 10:00AM–9:30PM | Saturday: 10:00AM–9:30PM | Sunday: 11:00AM–9:00PM,911 73 72 62,NO,SI
Tourist Office Atocha Station,"Montañas, Oficinas de turismo, Senderismo","CULTURA OCIO Y NATURALEZA, ESPACIOS DEPORTIVOS, OFICINAS DE TURISMO","Pl. del Emperador Carlos V, s/n, Arganzuela, 28012 Madrid, Spain","3,9",223,—,Abierto,40.4063,-3.68977,https://maps.google.com/?cid=18358532465679512523,http://www.turismomadrid.es/,Monday: 8:00AM–8:00PM | Tuesday: 8:00AM–8:00PM | Wednesday: 8:00AM–8:00PM | Thursday: 8:00AM–8:00PM | Friday: 8:00AM–8:00PM | Saturday: 8:00AM–3:30PM | Sunday: 9:00AM–2:00PM,915 28 46 30,NO,SI
yogaes.com - Productos y Artículos de Yoga,Gimnasios,ESPACIOS DEPORTIVOS,"Calle del Buen Suceso, 15, Moncloa - Aravaca, 28008 Madrid, Spain","4,8",104,—,Abierto,40.4284,-3.71842,https://maps.google.com/?cid=16299963333977507335,https://www.yogaes.com/tienda_yoga/,"Monday: 10:00AM–2:00PM, 5:00–7:00PM | Tuesday: 10:00AM–2:00PM, 5:00–7:00PM | Wednesday: 10:00AM–2:00PM, 5:00–7:00PM | Thursday: 10:00AM–2:00PM, 5:00–7:00PM | Friday: 10:00AM–2:00PM, 5:00–7:00PM | Saturday: Closed | Sunday: Closed",695 50 02 06,NO,NO
Embajada de Andorra,"Consulados, Embajadas",GOBIERNO,"C. Alcalá, 73, Salamanca, 28001 Madrid, Spain","3,5",8,—,Abierto,40.4204,-3.68745,https://maps.google.com/?cid=13659276189646054580,http://visitandorra.com/es/inicio,Monday: 9:00AM–5:30PM | Tuesday: 9:00AM–5:30PM | Wednesday: 9:00AM–5:30PM | Thursday: 9:00AM–5:30PM | Friday: 8:00AM–2:00PM | Saturday: Closed | Sunday: Closed,914 31 74 53,NO,NO
HUGO BIKES MOTORCYCLES AND WORKSHOPS ITV SERVICE,Gasolineras,GASOLINERAS Y APARCAMIENTOS,"C. de Segovia, 61, Arganzuela, 28005 Madrid, Spain","4,6",230,—,Abierto,40.4137,-3.7189,https://maps.google.com/?cid=6522012639613374075,http://www.hugobikes.com/,"Monday: 9:00AM–3:00PM, 4:00–7:30PM | Tuesday: 9:00AM–3:00PM, 4:00–7:30PM | Wednesday: 9:00AM–3:00PM, 4:00–7:30PM | Thursday: 9:00AM–3:00PM, 4:00–7:30PM | Friday: 9:00AM–3:00PM, 4:00–7:30PM | Saturday: 9:30AM–1:30PM | Sunday: Closed",913 65 28 91,NO,NO
Parking Plaza de Santa Ana,Aparcamientos,GASOLINERAS Y APARCAMIENTOS,"C. del Príncipe, s/n, Centro, 28012 Madrid, Spain","3,7",677,—,Cerrado temporalmente,40.4145,-3.70078,https://maps.google.com/?cid=17316611324764502782,http://www.aparcamientoplazadesantaana.es/,,914 29 63 58,NO,NO
Exe Suites 33,"Albergues, Apartamentos turísticos, Hostales, Hoteles",ALOJAMIENTOS,"C. de Leganitos, 33, Centro, 28013 Madrid, Spain","4,1",710,—,Abierto,40.422,-3.71065,https://maps.google.com/?cid=346860658632252345,https://www.eurostarshotels.com/exe-suites-33.html?referer_code=lb0gg00yx&utm_source=google&utm_medium=business&utm_campaign=lb0gg00yx,,917 58 38 50,NO,SI
Chincha Casa Perú,"Restaurantes, Tapas, Vegano, Vegetariano",COMIDA Y BEBIDA,"C. de las Fuentes, 9, Centro, 28013 Madrid, Spain","4,4",1421,Moderado,Abierto,40.4172,-3.7088,https://maps.google.com/?cid=4598930249483435051,https://chincha.es/,"Monday: Closed | Tuesday: 1:00–5:00PM, 8:00PM–12:00AM | Wednesday: 1:00–5:00PM, 8:00PM–12:00AM | Thursday: 1:00–5:00PM, 8:00PM–12:00AM | Friday: 1:00–5:00PM, 8:00PM–12:00AM | Saturday: 1:00–5:00PM, 8:00PM–12:00AM | Sunday: 1:00–5:00PM",911 68 58 61,SI,NO
älva for kids,Tiendas de ropa,TIENDAS,"Calle de San Andrés, 17, Centro, 28004 Madrid, Spain","4,7",50,—,Abierto,40.4274,-3.70365,https://maps.google.com/?cid=6026052446152493090,http://alvaforkids.com/,"Monday: 11:00AM–2:30PM, 5:00–8:30PM | Tuesday: 11:00AM–2:30PM, 5:00–8:30PM | Wednesday: 11:00AM–2:30PM, 5:00–8:30PM | Thursday: 11:00AM–2:30PM, 5:00–8:30PM | Friday: 11:00AM–2:30PM, 5:00–8:30PM | Saturday: 11:00AM–2:30PM | Sunday: Closed",915 23 23 99,NO,NO
Casa Julio,"Bares, Cervecerías, Coctelerías","COMIDA Y BEBIDA, LOCALES DE OCIO NOCTURNO","C. de la Madera, 37, Centro, 28004 Madrid, Spain","4,4",2592,Barato,Cerrado temporalmente,40.4242,-3.70369,https://maps.google.com/?cid=16189146551624302791,https://m.facebook.com/Casa-Julio-450441564997837/,,915 22 72 74,NO,NO
Embassy of Belgium,"Consulados, Embajadas",GOBIERNO,"P.º de la Castellana, 18, Salamanca, 28046 Madrid, Spain",4,65,—,Abierto,40.4286,-3.68901,https://maps.google.com/?cid=6306467141621424526,http://spain.diplomatie.belgium.be/,"Monday: 8:30AM–2:00PM, 2:30–4:30PM | Tuesday: 8:30AM–2:00PM, 2:30–4:30PM | Wednesday: 8:30AM–2:00PM, 2:30–4:30PM | Thursday: 8:30AM–2:00PM, 2:30–4:30PM | Friday: 8:30AM–2:00PM, 2:30–4:30PM | Saturday: Closed | Sunday: Closed",915 77 63 00,NO,SI
Amistad Cristiana Madrid,"Basílicas, Catedrales, Conventos, Ermitas, Iglesias, Monasterios",ESPACIOS RELIGIOSOS,"Calle de Fuencarral, 136, Chamberí, 28010 Madrid, Spain","4,7",90,—,Abierto,40.4315,-3.70293,https://maps.google.com/?cid=13630529271041760486,http://amistadcristianamadrid.org/,"Monday: Closed | Tuesday: Closed | Wednesday: Closed | Thursday: Closed | Friday: Closed | Saturday: Closed | Sunday: 11:00AM–12:30PM, 12:45–2:00PM",914 48 44 11,NO,NO
Espacio Fundación Telefónica,"Centros culturales, Museos",CULTURA OCIO Y NATURALEZA,"Calle de Fuencarral, 3, Centro, 28004 Madrid, Spain","4,6",7390,—,Abierto,40.4203,-3.70177,https://maps.google.com/?cid=807211926029384807,https://espacio.fundaciontelefonica.com/,Monday: Closed | Tuesday: 10:00AM–8:00PM | Wednesday: 10:00AM–8:00PM | Thursday: 10:00AM–8:00PM | Friday: 10:00AM–8:00PM | Saturday: 11:00AM–8:00PM | Sunday: 11:00AM–8:00PM,914 98 42 73,NO,SI
Congregación Misioneros Hijos Del Inmaculado Corazón De María,"Basílicas, Catedrales, Conventos, Ermitas, Iglesias, Monasterios",ESPACIOS RELIGIOSOS,"C. de Juan Álvarez Mendizábal, 67, Moncloa - Aravaca, 28008 Madrid, Spain",0,0,—,Abierto,40.4288,-3.71879,https://maps.google.com/?cid=10917683460816114832,http://claret.org/es,,915 48 33 81,NO,SI
Estética Nuria Del Pozo,"Piscinas, Spas",ESPACIOS DEPORTIVOS,"C. de Martín de Vargas, 30, Local interior, Arganzuela, 28005 Madrid, Spain",5,71,—,Abierto,40.4022,-3.70154,https://maps.google.com/?cid=18020819598753639789,http://www.nuriadelpozo.com/,Monday: 10:00AM–7:00PM | Tuesday: Closed | Wednesday: 10:00AM–7:30PM | Thursday: 9:00AM–7:00PM | Friday: 9:00AM–2:00PM | Saturday: 9:00AM–3:00PM | Sunday: Closed,620 08 83 00,NO,NO
Factoría de Arte y Desarrollo,Galerías de arte,CULTURA OCIO Y NATURALEZA,"C. de Valverde, 23, Local, Centro, 28004 Madrid, Spain","4,2",26,—,Abierto,40.4223,-3.70184,https://maps.google.com/?cid=16217798924698465775,http://www.factoriarte.org/,Monday: 9:00AM–8:00PM | Tuesday: 9:00AM–8:00PM | Wednesday: 9:00AM–8:00PM | Thursday: 9:00AM–8:00PM | Friday: 9:00AM–8:00PM | Saturday: Closed | Sunday: Closed,915 21 21 84,NO,NO
Gran Café Gijón,"Cafés, Mercados, Perfumerías, Tiendas","COMIDA Y BEBIDA, TIENDAS","P.º de Recoletos, 21, Centro, 28004 Madrid, Spain","3,5",7133,Moderado,Abierto,40.4223,-3.6923,https://maps.google.com/?cid=1981860192337175641,http://cafegijon.com,Monday: 8:00AM–1:00AM | Tuesday: 8:00AM–1:00AM | Wednesday: 8:00AM–1:00AM | Thursday: 8:00AM–1:00AM | Friday: 8:00AM–1:00AM | Saturday: 9:00AM–2:00AM | Sunday: 9:00AM–2:00AM,915 21 54 25,SI,SI
Gran Vía,Estaciones de metro,TRANSPORTE,"Centro, 28013 Madrid, Spain","4,5",837,—,Abierto,40.4198,-3.7016,https://maps.google.com/?cid=3652320755338769736,http://www.metromadrid.es/,,,NO,SI
Pharmacy Princess 16,Farmacias,SALUD,"Calle de la Princesa, 16, Centro, 28008 Madrid, Spain","4,6",41,—,Abierto,40.426,-3.71268,https://maps.google.com/?cid=13436979760905942116,,Monday: 9:30AM–9:30PM | Tuesday: 9:30AM–9:30PM | Wednesday: 9:30AM–9:30PM | Thursday: 9:30AM–9:30PM | Friday: 9:30AM–9:30PM | Saturday: 9:30AM–9:30PM | Sunday: Closed,915 48 42 44,NO,SI
Biblioteca Banco de España,Bibliotecas,EDUCACIÓN,"C. Alcalá, 48, Centro, 28014 Madrid, Spain",5,8,—,Abierto,40.4187,-3.69433,https://maps.google.com/?cid=13256186884404525156,https://www.bde.es/bde/es/secciones/servicios/Profesionales/Biblioteca/,Monday: 9:00AM–3:00PM | Tuesday: 9:00AM–3:00PM | Wednesday: 9:00AM–3:00PM | Thursday: 9:00AM–3:00PM | Friday: 9:00AM–3:00PM | Saturday: Closed | Sunday: Closed,913 38 53 27,NO,SI
Corral de la Morería,"Restaurantes, Tapas, Vegano, Vegetariano",COMIDA Y BEBIDA,"C. de la Moreria, 17, Centro, 28005 Madrid, Spain","4,4",3920,Caro,Abierto,40.4126,-3.71423,https://maps.google.com/?cid=5343136178797707181,https://www.corraldelamoreria.com/,Monday: 5:30–11:00PM | Tuesday: 5:30–11:00PM | Wednesday: 5:30–11:00PM | Thursday: 5:30–11:00PM | Friday: 5:30PM–12:00AM | Saturday: 5:30PM–12:00AM | Sunday: 5:30–11:00PM,913 65 11 37,SI,SI
Zentro Urban Yoga Retiro,Gimnasios,ESPACIOS DEPORTIVOS,"C. de Claudio Coello, 5, Salamanca, 28001 Madrid, Spain","4,7",123,—,Abierto,40.4208,-3.68733,https://maps.google.com/?cid=17818693485559613363,http://zentrourbanyoga.com/,Monday: 8:30AM–9:45PM | Tuesday: 7:45AM–9:45PM | Wednesday: 8:30AM–9:45PM | Thursday: 7:45AM–9:45PM | Friday: 10:00AM–8:30PM | Saturday: 10:00AM–2:00PM | Sunday: 10:00AM–12:00PM,625 36 94 66,NO,NO
San Cayetano Church,"Basílicas, Catedrales, Conventos, Ermitas, Iglesias, Monasterios, Montañas, Oficinas de turismo, Senderismo","CULTURA OCIO Y NATURALEZA, ESPACIOS DEPORTIVOS, ESPACIOS RELIGIOSOS, OFICINAS DE TURISMO","C. de Embajadores, 15, 13, Centro, 28012 Madrid, Spain","4,6",757,—,Abierto,40.4095,-3.70556,https://maps.google.com/?cid=12126798814697671511,http://www.millanycayetano.org/,Monday: 10:00AM–1:00PM | Tuesday: 10:00AM–1:00PM | Wednesday: 10:00AM–1:00PM | Thursday: 10:00AM–1:00PM | Friday: 10:00AM–1:00PM | Saturday: 10:00AM–1:00PM | Sunday: 7:00–8:00AM,910 24 23 15,NO,SI
Used Books Abaco. Alvarez de Castro,Librerías,TIENDAS,"Calle del, Librería, C/ del Gral. Álvarez de Castro, 3, Chamberí, 28010 Madrid, Spain","4,7",347,—,Abierto,40.4345,-3.70199,https://maps.google.com/?cid=11401201588327386375,http://www.abacolibrosusados.es/,"Monday: 11:00AM–3:00PM, 4:00–7:00PM | Tuesday: 11:00AM–3:00PM, 4:00–7:00PM | Wednesday: 11:00AM–3:00PM, 4:00–7:00PM | Thursday: 11:00AM–3:00PM, 4:00–7:00PM | Friday: 11:00AM–3:00PM, 4:00–7:00PM | Saturday: Closed | Sunday: Closed",914 45 45 80,NO,SI
Helados y Empanadas Patagonia Artesanal,"Cafés, Panaderías",COMIDA Y BEBIDA,"Pl. de Tirso de Molina, 19, Centro, 28012 Madrid, Spain","4,5",2059,Barato,Abierto,40.4126,-3.7038,https://maps.google.com/?cid=4760044008330715202,http://www.patagoniaartesanal.com/,Monday: 9:00AM–12:00AM | Tuesday: 9:00AM–12:00AM | Wednesday: 9:00AM–12:00AM | Thursday: 9:00AM–12:00AM | Friday: 9:00AM–1:00AM | Saturday: 9:00AM–1:00AM | Sunday: 9:00AM–12:00AM,666 02 48 31,NO,SI
Bordonclinic - Dental Clinic in Madrid,Clínicas,SALUD,"Calle del Dr Cortezo, 12, Centro, 28012 Madrid, Spain","4,6",144,—,Abierto,40.4128,-3.70407,https://maps.google.com/?cid=9154548698642241247,https://www.bordonclinic.com/,Monday: 8:30AM–8:00PM | Tuesday: 8:30AM–8:00PM | Wednesday: 8:30AM–8:00PM | Thursday: 8:30AM–8:00PM | Friday: 8:30AM–5:00PM | Saturday: Closed | Sunday: Closed,914 29 29 01,NO,SI
Museo de Cera,"Centros culturales, Montañas, Museos, Oficinas de turismo, Senderismo","CULTURA OCIO Y NATURALEZA, ESPACIOS DEPORTIVOS, OFICINAS DE TURISMO","Pl. de Colón, 1, Centro, 28004 Madrid, Spain","4,1",10143,—,Abierto,40.425,-3.69151,https://maps.google.com/?cid=13116237547372983879,https://www.museoceramadrid.com/,Monday: 11:00AM–8:00PM | Tuesday: 11:00AM–8:00PM | Wednesday: 11:00AM–8:00PM | Thursday: 11:00AM–8:00PM | Friday: 11:00AM–8:00PM | Saturday: 11:00AM–8:00PM | Sunday: 11:00AM–8:00PM,913 19 93 30,NO,SI
Antón Martín,Estaciones de autobús,TRANSPORTE,"Centro, 28012 Madrid, Spain","2,8",4,—,Abierto,40.4121,-3.69891,https://maps.google.com/?cid=178702694901298818,,,,NO,SI
[P] Garaje Hiomarsa,Aparcamientos,GASOLINERAS Y APARCAMIENTOS,"C. de Rafael de Riego, 14, Arganzuela, 28045 Madrid, Spain","3,7",99,—,Abierto,40.4047,-3.69218,https://maps.google.com/?cid=3229267662421093521,https://sites.google.com/view/grupoturiapark/nuestros-aparcamientos/parking-hiomarsa,Monday: 6:00AM–11:55PM | Tuesday: 6:00AM–11:55PM | Wednesday: 6:00AM–11:55PM | Thursday: 6:00AM–11:55PM | Friday: 6:00AM–11:55PM | Saturday: 6:00AM–11:55PM | Sunday: 6:00AM–11:55PM,915 30 76 72,NO,SI
Petit Palace Savoy Alfonso XII,"Restaurantes, Tapas, Vegano, Vegetariano",COMIDA Y BEBIDA,"C. de Alfonso XII, 18, Retiro, 28014 Madrid, Spain","4,5",1441,—,Abierto,40.4171,-3.68913,https://maps.google.com/?cid=1351899789122635724,https://www.petitpalacesavoyalfonsoxii.com/en/?utm_source=google&utm_medium=organic&utm_campaign=MyBusiness&utm_content=ALF&origin_source=google&origin_medium=organic&origin_campaign=MyBusiness,,915 22 19 20,NO,SI
Farmacia Internacional de Madrid,Farmacias,SALUD,"C. de la Virgen de los Peligros, 11, Centro, 28013 Madrid, Spain",4,46,—,Abierto,40.419,-3.69977,https://maps.google.com/?cid=1108346240995871099,,Monday: 9:30AM–9:30PM | Tuesday: 9:30AM–9:30PM | Wednesday: 9:30AM–9:30PM | Thursday: 9:30AM–9:30PM | Friday: 9:30AM–9:30PM | Saturday: 9:30AM–9:30PM | Sunday: 9:30AM–9:30PM,915 21 67 33,NO,SI
Supermercados Dia,"Panaderías, Supermercados",COMIDA Y BEBIDA,"C/Bailen, CV, Carrera de San Francisco, 51, Centro, 28005 Madrid, Spain","3,5",595,—,Abierto,40.4108,-3.71362,https://maps.google.com/?cid=2016486444460785521,http://www.dia.es/compra-online/,Monday: 8:30AM–11:00PM | Tuesday: 8:30AM–11:00PM | Wednesday: 8:30AM–11:00PM | Thursday: 8:30AM–11:00PM | Friday: 8:30AM–11:00PM | Saturday: 8:30AM–11:00PM | Sunday: 9:00AM–11:00PM,912 17 04 53,NO,NO
Gran Galería,Centros comerciales,TIENDAS,"Centro, 28013 Madrid, Spain","4,1",101,—,Abierto,40.4211,-3.70824,https://maps.google.com/?cid=4090042740242608610,,Monday: Open 24 hours | Tuesday: Open 24 hours | Wednesday: Open 24 hours | Thursday: Open 24 hours | Friday: Open 24 hours | Saturday: Open 24 hours | Sunday: Open 24 hours,,NO,SI
Fornituras de Joyería S.A. - OroBase,Joyerías,TIENDAS,"C. de Esparteros, 8, Centro, 28012 Madrid, Spain","4,8",16,—,Abierto,40.4159,-3.70524,https://maps.google.com/?cid=5512839206333165779,https://www.orobase.es/,Monday: 8:00AM–3:00PM | Tuesday: 8:00AM–3:00PM | Wednesday: 8:00AM–3:00PM | Thursday: 8:00AM–3:00PM | Friday: 8:00AM–3:00PM | Saturday: Closed | Sunday: Closed,915 31 02 07,NO,NO
Cine Benot,"Cines, Teatros",CULTURA OCIO Y NATURALEZA,"C. de Eduardo Benot, 2, Moncloa - Aravaca, 28008 Madrid, Spain","4,4",18,—,Abierto,40.422,-3.71821,https://maps.google.com/?cid=7789164018770465667,,Monday: Open 24 hours | Tuesday: Open 24 hours | Wednesday: Open 24 hours | Thursday: Open 24 hours | Friday: Open 24 hours | Saturday: Open 24 hours | Sunday: Open 24 hours,914 47 80 40,NO,SI
Prado Motion Pilates,Gimnasios,ESPACIOS DEPORTIVOS,"C. de Campoamor, 17, Centro, 28004 Madrid, Spain",5,33,—,Abierto,40.4269,-3.69519,https://maps.google.com/?cid=1252330989545318778,http://www.pradomotionpilates.com/,Monday: 8:00AM–10:00PM | Tuesday: 8:00AM–10:00PM | Wednesday: 8:00AM–10:00PM | Thursday: 8:00AM–10:00PM | Friday: 8:00AM–10:00PM | Saturday: Closed | Sunday: Closed,911 13 44 97,NO,NO
Shell,Gasolineras,GASOLINERAS Y APARCAMIENTOS,"C. de Alberto Aguilera, 18, Chamberí, 28015 Madrid, Spain","3,9",253,—,Abierto,40.43,-3.70869,https://maps.google.com/?cid=4736639551774868010,https://www.disagrupo.es/estaciones/peninsula/90551/alberto-aguilera,Monday: Open 24 hours | Tuesday: Open 24 hours | Wednesday: Open 24 hours | Thursday: Open 24 hours | Friday: Open 24 hours | Saturday: Open 24 hours | Sunday: Open 24 hours,660 18 00 89,NO,NO
Anglican Cathedral of the Redeemer,"Basílicas, Catedrales, Conventos, Ermitas, Iglesias, Monasterios",ESPACIOS RELIGIOSOS,"C. de la Beneficencia, 18, Centro, 28004 Madrid, Spain","4,2",89,—,Abierto,40.4263,-3.69857,https://maps.google.com/?cid=5643348094550843901,https://www.catedralanglicana.es/,Monday: 9:00AM–8:00PM | Tuesday: 9:00AM–8:00PM | Wednesday: 9:00AM–8:00PM | Thursday: 9:00AM–8:00PM | Friday: 9:00AM–8:00PM | Saturday: 9:00AM–8:00PM | Sunday: 9:00AM–8:00PM,914 45 25 60,NO,SI
Kinuan. Oriental massage,"Piscinas, Spas",ESPACIOS DEPORTIVOS,"C. de Serrano Anguita, 18, Centro, 28004 Madrid, Spain","4,8",429,—,Abierto,40.428,-3.69897,https://maps.google.com/?cid=5188661093730405511,https://www.kinuan.com/,Monday: 11:00AM–9:00PM | Tuesday: Closed | Wednesday: 11:00AM–9:00PM | Thursday: 11:00AM–9:00PM | Friday: 11:00AM–9:00PM | Saturday: 11:00AM–9:00PM | Sunday: 11:00AM–9:00PM,639 13 02 35,NO,NO
Comercial Minguez Sa,"Mercados, Perfumerías, Tiendas","COMIDA Y BEBIDA, TIENDAS","C. de Valverde, 28, Centro, 28004 Madrid, Spain","4,6",259,—,Abierto,40.4223,-3.70161,https://maps.google.com/?cid=11055919010931840691,http://www.comercial-minguez.es/,Monday: Closed | Tuesday: Closed | Wednesday: Closed | Thursday: Closed | Friday: Closed | Saturday: 12:00–12:30AM | Sunday: Closed,915 22 95 06,NO,NO
Farmacia San Antón,Farmacias,SALUD,"C/ de Hortaleza, 66, Centro, 28004 Madrid, Spain","4,7",43,—,Abierto,40.4229,-3.69906,https://maps.google.com/?cid=6131284380945644126,https://www.instagram.com/farmaciasananton/?hl=es,Monday: 9:30AM–9:30PM | Tuesday: 9:30AM–9:30PM | Wednesday: 9:30AM–9:30PM | Thursday: 9:30AM–9:30PM | Friday: 9:30AM–9:30PM | Saturday: 9:30AM–9:30PM | Sunday: Closed,915 21 97 90,NO,SI
AUIMEC - UIMEC Asociación Unión Internacional Medicinas Complementarias Tratamientos y Cursos Acupuntura Madrid,"Hospitales, Universidades","EDUCACIÓN, SALUD","Gran Vía, 6, 4º Planta, Centro, 28013 Madrid, Spain",0,0,—,Abierto,40.4195,-3.69786,https://maps.google.com/?cid=15331326819838103222,http://www.auimec.com/,Monday: Open 24 hours | Tuesday: Open 24 hours | Wednesday: Open 24 hours | Thursday: Open 24 hours | Friday: Open 24 hours | Saturday: Open 24 hours | Sunday: Open 24 hours,646 87 37 10,NO,SI
Mundo Fantasía,Librerías,TIENDAS,"Calle de, Cost.ª de los Ángeles, 7, Centro, 28013 Madrid, Spain","4,5",133,—,Abierto,40.4187,-3.70833,https://maps.google.com/?cid=10832578023646008424,http://www.mundofantasiacomics.es/,"Monday: 10:30AM–2:00PM, 5:30–8:30PM | Tuesday: 10:30AM–2:00PM, 5:30–8:30PM | Wednesday: 10:30AM–2:00PM, 5:30–8:30PM | Thursday: 10:30AM–2:00PM, 5:30–8:30PM | Friday: 10:30AM–2:00PM, 5:30–8:30PM | Saturday: 10:30AM–2:00PM | Sunday: Closed",696 95 71 58,NO,NO
Lateral Fuencarral,"Restaurantes, Tapas, Vegano, Vegetariano",COMIDA Y BEBIDA,"Calle de Fuencarral, 43, Centro, 28004 Madrid, Spain","4,3",6474,Moderado,Abierto,40.4232,-3.70108,https://maps.google.com/?cid=5993403370699801537,http://www.lateral.com/restaurantes/fuencarral/,Monday: 8:30AM–1:00AM | Tuesday: 8:30AM–1:00AM | Wednesday: 8:30AM–1:00AM | Thursday: 8:30AM–1:00AM | Friday: 8:30AM–2:00AM | Saturday: 10:00AM–2:00AM | Sunday: 10:00AM–1:00AM,915 31 68 77,SI,SI
Intimissimi,"Mercados, Perfumerías, Tiendas, Tiendas de ropa","COMIDA Y BEBIDA, TIENDAS","C. de Preciados, 12, Centro, 28013 Madrid, Spain",4,421,—,Abierto,40.4179,-3.70437,https://maps.google.com/?cid=3412249635265525015,https://www.intimissimi.com/world/stores?utm_medium=organic&utm_source=google&utm_campaign=local&utm_term=ES-8456&y_source=1_MTQ4NzA3MDctNzE1LWxvY2F0aW9uLndlYnNpdGU%3D,Monday: 10:00AM–10:00PM | Tuesday: 10:00AM–10:00PM | Wednesday: 10:00AM–10:00PM | Thursday: 10:00AM–10:00PM | Friday: 10:00AM–10:00PM | Saturday: 10:00AM–10:00PM | Sunday: 10:00AM–10:00PM,915 31 70 85,NO,NO
Farmacia Delicias 5,Farmacias,SALUD,"Paseo de las Delicias, 5, Arganzuela, 28045 Madrid, Spain","3,8",282,—,Abierto,40.4066,-3.69305,https://maps.google.com/?cid=12682075304785626130,https://farmaciadelicias5.es/,Monday: Open 24 hours | Tuesday: Open 24 hours | Wednesday: Open 24 hours | Thursday: Open 24 hours | Friday: Open 24 hours | Saturday: Open 24 hours | Sunday: Open 24 hours,915 93 69 60,NO,SI
First Evangelical Baptist Church of Madrid,"Basílicas, Catedrales, Conventos, Ermitas, Iglesias, Monasterios",ESPACIOS RELIGIOSOS,"Calle del Gral. Lacy, 18, Arganzuela, 28045 Madrid, Spain","4,8",142,—,Abierto,40.4036,-3.69091,https://maps.google.com/?cid=8260394591630105462,http://iblacy.org/,"Monday: 12:00–2:00PM, 3:00–6:00PM | Tuesday: 12:00–2:00PM, 3:00–6:00PM | Wednesday: 12:00–2:00PM, 3:00–6:00PM | Thursday: 12:00–2:00PM, 4:00–8:00PM | Friday: 12:00–4:00PM | Saturday: Closed | Sunday: 11:00AM–1:00PM",606 24 61 38,NO,SI
Cinesa Proyecciones,"Cines, Teatros",CULTURA OCIO Y NATURALEZA,"Calle de Fuencarral, 136, Chamberí, 28010 Madrid, Spain","4,2",8006,—,Abierto,40.4314,-3.70317,https://maps.google.com/?cid=5641243308932888733,http://www.cinesa.es/Cines/Proyecciones,,932 28 96 00,NO,SI
Biblioteca,Bibliotecas,EDUCACIÓN,"Centro, 28005, Madrid, Spain",5,1,—,Abierto,40.407,-3.70959,https://maps.google.com/?cid=9311770818214931570,,,,NO,SI
Ayuntamiento de Santa Cruz de Moncayo,Ayuntamientos,GOBIERNO,"C. Mayor, 46, Centro, 28015 Madrid, Spain",1,1,—,Abierto,40.416,-3.70914,https://maps.google.com/?cid=8951344969687717565,,,,NO,SI
Taberna del Alabardero Madrid - Restaurante Palacio Real,"Bares, Campos de golf, Cervecerías, Coctelerías, Restaurantes, Tapas, Templos budistas, Vegano, Vegetariano","COMIDA Y BEBIDA, ESPACIOS DEPORTIVOS, ESPACIOS RELIGIOSOS, LOCALES DE OCIO NOCTURNO","C. de Felipe V, 6, Centro, 28013 Madrid, Spain","4,3",1743,Caro,Abierto,40.4186,-3.71092,https://maps.google.com/?cid=1501018357437831934,http://www.alabarderomadrid.es/?utm_source=google-my-business,Monday: 12:00PM–12:00AM | Tuesday: 12:00PM–12:00AM | Wednesday: 12:00PM–12:00AM | Thursday: 12:00PM–12:00AM | Friday: 12:00PM–12:00AM | Saturday: 12:00PM–12:00AM | Sunday: 12:00PM–12:00AM,915 47 25 77,SI,NO
"Adolfo Barnatan, estudio de arte",Galerías de arte,CULTURA OCIO Y NATURALEZA,"Calle del General Arrando, 6, Chamberí, 28010 Madrid, Spain",5,1,—,Abierto,40.4315,-3.69659,https://maps.google.com/?cid=483526801168009711,http://www.adolfobarnatan.es/,,913 10 07 27,NO,NO
Iglesia Protestante de El Salvador. Iglesia Evangélica Española,"Basílicas, Catedrales, Conventos, Ermitas, Iglesias, Monasterios",ESPACIOS RELIGIOSOS,"C. del Noviciado, 5, Centro, 28015 Madrid, Spain","4,4",46,—,Abierto,40.4255,-3.70811,https://maps.google.com/?cid=2766899124169804176,,Monday: Closed | Tuesday: Closed | Wednesday: 10:00AM–2:00PM | Thursday: 10:00AM–2:00PM | Friday: Closed | Saturday: Closed | Sunday: 11:30AM–1:30PM,,NO,SI
ibis Styles Madrid Prado,"Albergues, Apartamentos turísticos, Campos de golf, Hostales, Hoteles, Templos budistas","ALOJAMIENTOS, ESPACIOS DEPORTIVOS, ESPACIOS RELIGIOSOS","C. del Prado, 11, Centro, 28014 Madrid, Spain","4,4",1291,—,Abierto,40.4148,-3.69899,https://maps.google.com/?cid=17668233600790428044,https://all.accor.com/lien_externe.svlt?goto=fiche_hotel&code_hotel=8052&merchantid=seo-maps-ES-8052&sourceid=aw-cen&utm_medium=seo%20maps&utm_source=google%20Maps&utm_campaign=seo%20maps,,913 69 02 34,NO,SI
EROSKI city,Supermercados,COMIDA Y BEBIDA,"C. de Valverde, 27, Centro, 28004 Madrid, Spain","3,8",352,—,Abierto,40.4224,-3.70177,https://maps.google.com/?cid=6378388908627228342,https://www.eroski.es/localizador-de-tiendas/supermercado/madrid/madrid/eroskicity-valverde/,Monday: 9:00AM–10:00PM | Tuesday: 9:00AM–10:00PM | Wednesday: 9:00AM–10:00PM | Thursday: 9:00AM–10:00PM | Friday: 9:00AM–10:00PM | Saturday: 9:00AM–10:00PM | Sunday: 10:00AM–9:30PM,915 21 33 64,NO,SI
Cava Baja 5 La Playa,"Bares, Cervecerías, Coctelerías","COMIDA Y BEBIDA, LOCALES DE OCIO NOCTURNO","C. de la Cava Baja, 5, Centro, 28005 Madrid, Spain","4,1",432,Barato,Abierto,40.4132,-3.70828,https://maps.google.com/?cid=15092798853805086236,https://www.privateaser.es/local/3948-cavabaja5laplaya,Monday: 8:00PM–3:00AM | Tuesday: 8:00PM–3:00AM | Wednesday: 8:00PM–3:00AM | Thursday: 8:00PM–3:00AM | Friday: 8:00PM–3:00AM | Saturday: 8:00PM–3:00AM | Sunday: Closed,666 20 82 14,SI,NO
Centro Comercial Príncipe Pío,"Centros comerciales, Mercados, Perfumerías, Tiendas, Tiendas de ropa","COMIDA Y BEBIDA, TIENDAS","P.º de la Florida, 2, S/N, Moncloa - Aravaca, 28008 Madrid, Spain","4,2",32830,—,Abierto,40.4219,-3.72029,https://maps.google.com/?cid=16837576210533677804,https://principe-pio.klepierre.es/,Monday: 10:00AM–10:00PM | Tuesday: 10:00AM–10:00PM | Wednesday: 10:00AM–10:00PM | Thursday: 10:00AM–10:00PM | Friday: 10:00AM–10:00PM | Saturday: 10:00AM–10:00PM | Sunday: 11:00AM–10:00PM,917 58 00 40,NO,SI
Starbucks,"Cafés, Panaderías",COMIDA Y BEBIDA,"C.C. Príncipe Pío, P.º de la Florida, 2, Moncloa - Aravaca, 28008 Madrid, Spain","4,1",719,Moderado,Abierto,40.4216,-3.71996,https://maps.google.com/?cid=14029808066899032847,http://www.starbucks.es/,Monday: 9:00AM–10:00PM | Tuesday: 9:00AM–10:00PM | Wednesday: 9:00AM–10:00PM | Thursday: 9:00AM–10:00PM | Friday: 10:00AM–11:00PM | Saturday: 10:00AM–10:00PM | Sunday: 11:00AM–10:00PM,912 75 81 71,NO,SI
Planthae Gabinete Botánico,Librerías,TIENDAS,"C. de Sta. Ana, 3, Centro, 28005 Madrid, Spain","4,5",144,—,Abierto,40.4101,-3.70789,https://maps.google.com/?cid=4748440823650153699,http://www.planthae.com/,Monday: Closed | Tuesday: Closed | Wednesday: Closed | Thursday: Closed | Friday: 5:30–8:30PM | Saturday: 11:30AM–2:30PM | Sunday: 11:30AM–2:30PM,652 59 62 71,NO,NO
Instituto SHEN Madrid. (ISHEN). Formación en Osteopatia y Medicina China,"Piscinas, Spas",ESPACIOS DEPORTIVOS,"C. de Melilla, 31, Arganzuela, 28005 Madrid, Spain",5,1,—,Cerrado temporalmente,40.4009,-3.70856,https://maps.google.com/?cid=6523205509900721896,,,912 52 37 52,NO,NO
La Librería (Madrid),Librerías,TIENDAS,"C. Mayor, 80, Centro, 28013 Madrid, Spain","4,6",169,—,Abierto,40.4154,-3.71164,https://maps.google.com/?cid=3054823468697628439,http://www.edicioneslalibreria.es/,"Monday: 10:00AM–2:00PM, 5:00–8:00PM | Tuesday: 10:00AM–2:00PM, 5:00–8:00PM | Wednesday: 10:00AM–2:00PM, 5:00–8:00PM | Thursday: 10:00AM–2:00PM, 5:00–8:00PM | Friday: 10:00AM–2:00PM, 5:00–8:00PM | Saturday: 11:00AM–2:00PM | Sunday: Closed",914 54 00 18,NO,NO
Cines Renoir Princesa,"Cines, Teatros",CULTURA OCIO Y NATURALEZA,"Calle de la Princesa, 3, Moncloa - Aravaca, 28008 Madrid, Spain","4,1",6221,—,Abierto,40.425,-3.71285,https://maps.google.com/?cid=18033125065793197137,https://www.cinesrenoir.com/cine/cines-princesa/cartelera/,Monday: 4:00PM–1:00AM | Tuesday: 4:00PM–1:00AM | Wednesday: 4:00PM–1:00AM | Thursday: 4:00PM–1:00AM | Friday: 4:00PM–1:00AM | Saturday: 4:00PM–1:00AM | Sunday: 4:00PM–1:00AM,913 34 21 77,NO,SI
Caramel Films,"Cines, Teatros",CULTURA OCIO Y NATURALEZA,"Cuesta de San Vicente, 4 - 2ª Planta, Moncloa - Aravaca, 28008 Madrid, Spain",5,1,—,Abierto,40.4217,-3.7138,https://maps.google.com/?cid=8300013499879359684,http://www.caramelfilms.es/,"Monday: 9:00AM–2:00PM, 3:00–6:00PM | Tuesday: 9:00AM–2:00PM, 3:00–6:00PM | Wednesday: 9:00AM–2:00PM, 3:00–6:00PM | Thursday: 9:00AM–2:00PM, 3:00–6:00PM | Friday: 9:00AM–3:00PM | Saturday: Closed | Sunday: Closed",911 92 25 66,NO,NO
Ojalá,"Restaurantes, Tapas, Vegano, Vegetariano",COMIDA Y BEBIDA,"Calle de San Andrés, 1, Centro, 28004 Madrid, Spain","4,4",9167,Moderado,Abierto,40.4255,-3.70399,https://maps.google.com/?cid=35042041390295940,https://grupolamusa.com/restaurante-ojala-playa/,Monday: 9:00AM–1:00AM | Tuesday: 9:00AM–1:00AM | Wednesday: 9:00AM–1:00AM | Thursday: 9:00AM–1:30AM | Friday: 9:00AM–2:00AM | Saturday: 9:00AM–2:00AM | Sunday: 9:00AM–1:00AM,915 23 27 47,SI,NO
Mezquita umma la nación,Mezquitas,ESPACIOS RELIGIOSOS,"C. de San Cayetano, 8, Local 11, Centro, 28005 Madrid, Spain",5,10,—,Abierto,40.4093,-3.7068,https://maps.google.com/?cid=18233887528806281888,,Monday: 5:30AM–10:30PM | Tuesday: Open 24 hours | Wednesday: Open 24 hours | Thursday: Open 24 hours | Friday: Open 24 hours | Saturday: Open 24 hours | Sunday: Open 24 hours,642 70 46 00,NO,NO
Discoteca Serrano 41,Discotecas,LOCALES DE OCIO NOCTURNO,"C. de Serrano, 41, Salamanca, 28001 Madrid, Spain","3,8",580,Moderado,Abierto,40.4288,-3.68748,https://maps.google.com/?cid=12314107011647370595,https://www.facebook.com/discotecaserrano41,Monday: 12:30–5:30AM | Tuesday: Closed | Wednesday: Closed | Thursday: Closed | Friday: 12:30–5:30AM | Saturday: 12:30–5:30AM | Sunday: 12:30–5:30AM,627 70 21 61,SI,NO
Dixie,Cafés,COMIDA Y BEBIDA,"Plaza de Santa Cruz, 5, Centro, 28012 Madrid, Spain","2,1",668,—,Abierto,40.4152,-3.70585,https://maps.google.com/?cid=2558026124637638278,,Monday: 7:00AM–12:00AM | Tuesday: 7:00AM–12:00AM | Wednesday: 7:00AM–12:00AM | Thursday: 7:00AM–12:00AM | Friday: 7:00AM–12:00AM | Saturday: 7:00AM–12:00AM | Sunday: 7:00AM–12:00AM,913 66 44 28,NO,NO
Producciones El Espectador SL,"Cines, Teatros",CULTURA OCIO Y NATURALEZA,"C. del Pez, 12, Centro, 28004 Madrid, Spain",0,0,—,Abierto,40.4235,-3.70491,https://maps.google.com/?cid=15380642785189020338,http://www.luispiedrahita.com/,,915 31 60 66,NO,NO
La Universal,Librerías,TIENDAS,"C. del Duque de Alba, 13, Centro, 28012 Madrid, Spain","3,7",3,—,Abierto,40.4116,-3.70628,https://maps.google.com/?cid=6209539371427735882,,"Monday: 10:00AM–2:00PM, 5:00–8:00PM | Tuesday: 10:00AM–2:00PM, 5:00–8:00PM | Wednesday: 10:00AM–2:00PM, 5:00–8:00PM | Thursday: 10:00AM–2:00PM, 5:00–8:00PM | Friday: 10:00AM–2:00PM, 5:00–8:00PM | Saturday: 10:00AM–2:00PM | Sunday: Closed",,NO,NO
Salón Luis & Tachi - El Corte Inglés Callao,"Piscinas, Spas",ESPACIOS DEPORTIVOS,"EL CORTE INGLES, Pl. del Callao, 2, Planta 8, Centro, 28013 Madrid, Spain","4,2",360,—,Abierto,40.4198,-3.70545,https://maps.google.com/?cid=6914061319059736573,http://www.luisytachi.com/,Monday: 10:00AM–9:30PM | Tuesday: 10:00AM–9:30PM | Wednesday: 10:00AM–9:30PM | Thursday: 10:00AM–9:30PM | Friday: 10:00AM–9:30PM | Saturday: 10:00AM–9:30PM | Sunday: 11:00AM–8:00PM,915 22 34 50,NO,SI
Clubbers Tour,Discotecas,LOCALES DE OCIO NOCTURNO,"C. de la Cruz, 33, Centro, 28012 Madrid, Spain","3,4",69,Barato,Abierto,40.4157,-3.70382,https://maps.google.com/?cid=13516723172435789929,http://clubberstoursmadrid.com/,Monday: 5:00PM–3:00AM | Tuesday: 5:00PM–3:00AM | Wednesday: 5:00PM–3:00AM | Thursday: 5:00PM–3:00AM | Friday: 5:00PM–3:00AM | Saturday: 5:00PM–3:00AM | Sunday: 5:00PM–3:00AM,674 41 40 12,NO,NO
Cómo me lo Como,"Restaurantes, Tapas, Vegano, Vegetariano",COMIDA Y BEBIDA,"C. de Andrés Borrego, 16, Centro, 28004 Madrid, Spain","3,8",32,—,Abierto,40.4237,-3.70628,https://maps.google.com/?cid=2293254864854933458,http://www.comomelocomo.com/,"Monday: 1:00–5:00PM, 8:00PM–12:00AM | Tuesday: 1:00–5:00PM, 8:00PM–12:00AM | Wednesday: 1:00–5:00PM, 8:00PM–12:00AM | Thursday: 1:00–5:00PM, 8:00PM–12:00AM | Friday: 1:00–5:00PM, 8:30PM–2:00AM | Saturday: 1:00–5:00PM, 8:30PM–2:00AM | Sunday: 1:30–5:00PM",915 23 13 23,NO,NO
Centro de animales,Zoológicos,CULTURA OCIO Y NATURALEZA,"C. del Carnero, 9, Centro, 28005 Madrid, Spain",5,1,—,Abierto,40.4082,-3.7086,https://maps.google.com/?cid=13039695530174888104,https://cimpa.ayto-alcaladehenares.es/,Monday: 7:00AM–10:00PM | Tuesday: 7:00AM–10:00PM | Wednesday: 7:00AM–10:00PM | Thursday: 7:00AM–10:00PM | Friday: Closed | Saturday: Closed | Sunday: 7:00AM–10:00PM,323 2130644,NO,NO
DIA Supermercado,"Panaderías, Supermercados",COMIDA Y BEBIDA,"C. de las Huertas, 72, Centro, 28014 Madrid, Spain","3,8",492,—,Abierto,40.4129,-3.69529,https://maps.google.com/?cid=15499830552989274055,http://www.dia.es/compra-online/,Monday: 9:00AM–11:00PM | Tuesday: 9:00AM–11:00PM | Wednesday: 9:00AM–11:00PM | Thursday: 9:00AM–11:00PM | Friday: 9:00AM–11:00PM | Saturday: 9:00AM–11:00PM | Sunday: 10:00AM–8:00PM,912 17 04 53,NO,NO
Calzedonia,"Mercados, Perfumerías, Tiendas, Tiendas de ropa","COMIDA Y BEBIDA, TIENDAS","Gran Vía, 30, Centro, 28013 Madrid, Spain","3,6",137,—,Abierto,40.4203,-3.7028,https://maps.google.com/?cid=15846323732247379526,https://www.calzedonia.com/world/stores?utm_medium=organic&utm_source=google&utm_campaign=local&utm_term=ES-CC63&y_source=1_MTQ4Njg2NDUtNzE1LWxvY2F0aW9uLndlYnNpdGU%3D,Monday: 10:00AM–10:00PM | Tuesday: 10:00AM–10:00PM | Wednesday: 10:00AM–10:00PM | Thursday: 10:00AM–10:00PM | Friday: 10:00AM–10:00PM | Saturday: 10:00AM–10:00PM | Sunday: 10:00AM–10:00PM,915 23 82 12,NO,SI
Stradivarius,"Mercados, Perfumerías, Tiendas, Tiendas de ropa","COMIDA Y BEBIDA, TIENDAS","Gran Vía, 30, Centro, 28013 Madrid, Spain","4,1",2095,—,Abierto,40.4202,-3.70255,https://maps.google.com/?cid=5626612382568104619,"https://www.stradivarius.com/es/store-locator/madrid/gran-via,-30-s2590.html",Monday: 10:00AM–10:00PM | Tuesday: 10:00AM–10:00PM | Wednesday: 10:00AM–10:00PM | Thursday: 10:00AM–10:00PM | Friday: 10:00AM–10:00PM | Saturday: 10:00AM–10:00PM | Sunday: 10:00AM–10:00PM,810 51 16 31,NO,SI
Sauna Center,"Piscinas, Spas",ESPACIOS DEPORTIVOS,"C. de Valverde, 32, Centro, 28004 Madrid, Spain","3,2",644,—,Abierto,40.4227,-3.70151,https://maps.google.com/?cid=17830666779697232925,https://instagram.com/saunacenter_madrid?igshid=1slh7ocxc06q6,Monday: Open 24 hours | Tuesday: Open 24 hours | Wednesday: Open 24 hours | Thursday: Open 24 hours | Friday: Open 24 hours | Saturday: Open 24 hours | Sunday: Open 24 hours,919 40 54 96,NO,NO
Supermercados Dia,"Panaderías, Supermercados",COMIDA Y BEBIDA,"Pl. de Santo Domingo, 1, Centro, 28013 Madrid, Spain",4,2196,—,Abierto,40.4204,-3.70871,https://maps.google.com/?cid=8040744482141557280,http://www.dia.es/compra-online/,Monday: 8:00AM–11:00PM | Tuesday: 8:00AM–11:00PM | Wednesday: 8:00AM–11:00PM | Thursday: 8:00AM–11:00PM | Friday: 8:00AM–11:00PM | Saturday: 8:00AM–11:00PM | Sunday: 8:00AM–11:00PM,912 17 04 53,NO,SI
Punto Cero Alimentación S.L,Supermercados,COMIDA Y BEBIDA,"Tr.ª de Bringas, 1, Centro, 28005 Madrid, Spain","3,7",3,—,Abierto,40.4156,-3.70864,https://maps.google.com/?cid=11437298377441032554,,Monday: 9:00AM–9:00PM | Tuesday: 9:00AM–9:00PM | Wednesday: 9:00AM–9:00PM | Thursday: 9:00AM–9:00PM | Friday: 9:00AM–9:00PM | Saturday: 9:00AM–9:00PM | Sunday: Closed,915 42 83 39,NO,NO
Nebrija University,Universidades,EDUCACIÓN,"C. de Sta. Cruz de Marcenado, 27, Centro, 28015 Madrid, Spain",4,1239,—,Abierto,40.4295,-3.71308,https://maps.google.com/?cid=515191201590270348,https://www.nebrija.com/,Monday: 8:00AM–10:00PM | Tuesday: 8:00AM–10:00PM | Wednesday: 8:00AM–10:00PM | Thursday: 8:00AM–10:00PM | Friday: 8:00AM–10:00PM | Saturday: 8:00AM–3:00PM | Sunday: Closed,914 52 11 00,NO,SI
Centro Médico Estético Lajo Rosso,Hospitales,SALUD,"C. de Serrano, 20, 1º Izda, Salamanca, 28001 Madrid, Spain","3,7",15,—,Abierto,40.4232,-3.68789,https://maps.google.com/?cid=13253292588756388969,http://www.centromedicolajoplaza.com/,Monday: 9:30AM–6:00PM | Tuesday: 9:30AM–6:00PM | Wednesday: 9:30AM–6:00PM | Thursday: 9:30AM–6:00PM | Friday: 9:30AM–3:00PM | Saturday: Closed | Sunday: Closed,913 60 08 53,NO,SI
ARTENCARGO,Galerías de arte,CULTURA OCIO Y NATURALEZA,"C. de Juan Álvarez Mendizábal, 21, Moncloa - Aravaca, 28008 Madrid, Spain",0,0,—,Abierto,40.4249,-3.71519,https://maps.google.com/?cid=10043701584169156895,http://www.artencargo.com/,Monday: Closed | Tuesday: 6:30–9:30PM | Wednesday: 6:30–9:30PM | Thursday: 6:30–9:30PM | Friday: 6:30–9:30PM | Saturday: 6:30–9:30PM | Sunday: Closed,916 11 41 66,NO,NO
Antonio Machado Bookshop,Librerías,TIENDAS,"C. del Marqués de Casa Riera, 2, Centro, 28014 Madrid, Spain","4,7",366,—,Abierto,40.4184,-3.69644,https://maps.google.com/?cid=933810770174623476,http://www.machadolibros.com/,Monday: 10:00AM–9:00PM | Tuesday: 10:00AM–9:00PM | Wednesday: 10:00AM–9:00PM | Thursday: 10:00AM–9:00PM | Friday: 10:00AM–9:00PM | Saturday: 10:30AM–8:30PM | Sunday: Closed,915 23 70 66,NO,NO
Apotheke,Farmacias,SALUD,"Calle del Conde de Romanones, 8, Centro, 28012 Madrid, Spain",5,1,—,Abierto,40.4133,-3.70499,https://maps.google.com/?cid=7780106338876459866,,Monday: 9:30AM–7:00PM | Tuesday: 9:30AM–7:00PM | Wednesday: 9:30AM–7:00PM | Thursday: 9:30AM–7:00PM | Friday: 9:30AM–7:00PM | Saturday: 10:00AM–1:00PM | Sunday: Closed,913 69 37 46,NO,NO
Deportes Laser,"Mercados, Perfumerías, Tiendas","COMIDA Y BEBIDA, TIENDAS","Calle de las Delicias, Nº 25, Arganzuela, 28045 Madrid, Spain","4,8",307,—,Abierto,40.4041,-3.69239,https://maps.google.com/?cid=14807158325572357304,http://www.deporteslaser.es/,"Monday: 10:00AM–2:00PM, 5:00–8:30PM | Tuesday: 10:00AM–2:00PM, 5:00–8:30PM | Wednesday: 10:00AM–2:00PM, 5:00–8:30PM | Thursday: 10:00AM–2:00PM, 5:00–8:30PM | Friday: 10:00AM–2:00PM, 5:00–8:30PM | Saturday: Closed | Sunday: Closed",915 30 33 90,NO,NO
Starbucks,"Cafés, Panaderías",COMIDA Y BEBIDA,"Pl. Canovas del Castillo, 5, Centro, 28005 Madrid, Spain","3,7",2150,Moderado,Abierto,40.4149,-3.69505,https://maps.google.com/?cid=14275544844379684714,http://www.starbucks.es/,Monday: 7:30AM–10:00PM | Tuesday: 7:30AM–10:00PM | Wednesday: 7:30AM–10:00PM | Thursday: 7:30AM–10:00PM | Friday: 7:30AM–10:30PM | Saturday: 7:30AM–10:30PM | Sunday: 7:30AM–10:30PM,912 75 21 85,NO,SI
Starbucks,Panaderías,COMIDA Y BEBIDA,"Gran Vía, 58, Centro, 28013 Madrid, Spain","3,9",1034,Moderado,Abierto,40.4218,-3.70813,https://maps.google.com/?cid=5356248394327059135,http://www.starbucks.es/,Monday: 7:30AM–10:00PM | Tuesday: 7:30AM–10:00PM | Wednesday: 7:30AM–10:00PM | Thursday: 7:30AM–10:00PM | Friday: 7:30AM–10:00PM | Saturday: 7:30AM–10:00PM | Sunday: 7:30AM–10:00PM,915 41 15 82,NO,SI
ibis Madrid Centro,"Albergues, Apartamentos turísticos, Hostales, Hoteles",ALOJAMIENTOS,"C. de Manuela Malasaña, 6, Centro, 28004 Madrid, Spain","4,4",1261,—,Abierto,40.4287,-3.70308,https://maps.google.com/?cid=6242490587951350888,https://sys-rsrv.com/hotel-ibis-madrid-centro/,,914 48 58 16,NO,SI
El Ojo Cojo,"Cines, Teatros, Universidades","CULTURA OCIO Y NATURALEZA, EDUCACIÓN","Calle de los Tres Peces, 32, Centro, 28012 Madrid, Spain","1,9",9,—,Abierto,40.4107,-3.69907,https://maps.google.com/?cid=11634666312247250275,,Monday: 6:30–7:00PM | Tuesday: Closed | Wednesday: Closed | Thursday: Closed | Friday: Closed | Saturday: Closed | Sunday: Closed,,NO,SI
Libreria Paulinas,Librerías,TIENDAS,"C. de San Bernardo, 114, bajo B, Chamberí, 28015 Madrid, Spain","4,7",359,—,Abierto,40.4312,-3.70498,https://maps.google.com/?cid=5194797135114173739,https://madrid.paulinas.es/,Monday: 9:30AM–4:00PM | Tuesday: 9:30AM–4:00PM | Wednesday: 9:30AM–4:00PM | Thursday: 9:30AM–4:00PM | Friday: 9:30AM–4:00PM | Saturday: 9:30AM–2:00PM | Sunday: Closed,914 47 29 78,NO,SI
Museo del Pan Gallego,Panaderías,COMIDA Y BEBIDA,"Pl. de Herradores, 9, BAJO, Centro, 28013 Madrid, Spain","4,5",738,Moderado,Abierto,40.4167,-3.70859,https://maps.google.com/?cid=15206871821218406408,,Monday: 8:00AM–2:00PM | Tuesday: 8:00AM–2:30PM | Wednesday: 8:00AM–2:30PM | Thursday: 8:00AM–2:30PM | Friday: 8:00AM–2:30PM | Saturday: 8:00AM–2:00PM | Sunday: 8:00AM–2:00PM,915 42 51 60,NO,SI
E.Y.I. Centro de Yoga Iyengar,Gimnasios,ESPACIOS DEPORTIVOS,"Cra de S. Jerónimo, 16, 5º, Centro, 28014 Madrid, Spain","4,1",49,—,Abierto,40.4165,-3.70105,https://maps.google.com/?cid=3587925857990568541,https://www.eyimadrid.com/,Monday: 11:30AM–9:30PM | Tuesday: 11:30AM–9:30PM | Wednesday: 11:30AM–9:30PM | Thursday: 11:30AM–9:30PM | Friday: 11:30AM–9:30PM | Saturday: 10:00AM–2:00PM | Sunday: Closed,915 32 27 85,NO,NO
Museum of Contemporary Art,"Centros culturales, Montañas, Museos, Oficinas de turismo, Senderismo","CULTURA OCIO Y NATURALEZA, ESPACIOS DEPORTIVOS, OFICINAS DE TURISMO","C. del Conde Duque, 9, Centro, 28015 Madrid, Spain","4,2",811,—,Abierto,40.4269,-3.71093,https://maps.google.com/?cid=12494224604787781175,https://www.condeduquemadrid.es/conde-duque/servicios/museo-de-arte-contemporaneo,"Monday: Closed | Tuesday: 10:00AM–2:00PM, 3:00–9:00PM | Wednesday: 10:00AM–2:00PM, 3:00–9:00PM | Thursday: 10:00AM–2:00PM, 3:00–9:00PM | Friday: 10:00AM–2:00PM, 3:00–9:00PM | Saturday: 10:00AM–3:00PM, 5:30–9:00PM | Sunday: 10:30AM–2:30PM",914 80 17 66,NO,SI
NoguerasBlanchard,Galerías de arte,CULTURA OCIO Y NATURALEZA,"C. de la Beneficencia, 18B, Centro, 28004 Madrid, Spain","4,6",14,—,Abierto,40.4264,-3.69845,https://maps.google.com/?cid=10447183796752178114,https://www.pratsnoguerasblanchard.com/,Monday: Closed | Tuesday: 11:00AM–7:00PM | Wednesday: 11:00AM–7:00PM | Thursday: 11:00AM–7:00PM | Friday: 11:00AM–7:00PM | Saturday: 11:00AM–2:00PM | Sunday: Closed,915 06 34 84,NO,NO
Restaurante El Ñeru,"Bares, Cervecerías, Coctelerías","COMIDA Y BEBIDA, LOCALES DE OCIO NOCTURNO","C. de Bordadores, 5, Centro, 28013 Madrid, Spain","4,4",6038,Moderado,Cerrado temporalmente,40.4164,-3.70777,https://maps.google.com/?cid=16507994242193728508,https://restauranteelneru.com/,,915 48 19 77,SI,NO
Bimba y Lola,"Joyerías, Tiendas de ropa, Zapaterías",TIENDAS,"C. de Claudio Coello, 48, Salamanca, 28001 Madrid, Spain","3,6",148,—,Abierto,40.4271,-3.68617,https://maps.google.com/?cid=2528665974020787223,https://www.bimbaylola.com/es_es/?utm_source=google&utm_medium=organic&utm_campaign=gmb&utm_term=web,Monday: 10:00AM–8:30PM | Tuesday: 10:00AM–8:30PM | Wednesday: 10:00AM–8:30PM | Thursday: 10:00AM–8:30PM | Friday: 10:00AM–8:30PM | Saturday: 10:00AM–8:30PM | Sunday: 12:00–8:00PM,915 77 89 82,NO,NO
D'MYSTIC LA TERRAZA,Discotecas,LOCALES DE OCIO NOCTURNO,"Pl. de Chueca, 9, Centro, 28004 Madrid, Spain","3,7",20,—,Abierto,40.4226,-3.69748,https://maps.google.com/?cid=12151412310969357154,http://www.dmystic.es/,Monday: 12:00–10:30PM | Tuesday: 12:00–10:30PM | Wednesday: 12:00–10:30PM | Thursday: 12:00–10:30PM | Friday: 12:00–10:30PM | Saturday: 12:00–10:30PM | Sunday: 12:00–10:30PM,915 32 31 14,NO,SI
Calzados El Ferrocarril,"Mercados, Perfumerías, Tiendas, Zapaterías","COMIDA Y BEBIDA, TIENDAS","Calle de la Magdalena, 22, Centro, 28012 Madrid, Spain",4,274,—,Abierto,40.4123,-3.70095,https://maps.google.com/?cid=17702133098980372720,https://www.calzadoscomodos.com/,"Monday: 9:45AM–1:45PM, 5:00–8:15PM | Tuesday: 9:45AM–1:45PM, 5:00–8:15PM | Wednesday: 9:45AM–1:45PM, 5:00–8:15PM | Thursday: 9:45AM–1:45PM, 5:00–8:15PM | Friday: 9:45AM–1:45PM, 5:00–8:15PM | Saturday: 9:45AM–1:45PM, 5:00–8:15PM | Sunday: Closed",913 69 47 64,NO,SI
Ecobook Librería del Economista,Librerías,TIENDAS,"C. del Cristo, 3, Centro, 28015 Madrid, Spain","4,9",113,—,Cerrado temporalmente,40.4269,-3.71008,https://maps.google.com/?cid=11191974677723784610,http://www.ecobook.com/,,915 59 51 30,NO,NO
Consejo General de Colegios Farmacéuticos,Farmacias,SALUD,"C. de Villanueva, 11, 3ª Planta, Salamanca, 28001 Madrid, Spain","4,6",14,—,Abierto,40.4226,-3.68629,https://maps.google.com/?cid=4079840427028062039,https://www.farmaceuticos.com/?utm_source=google&utm_medium=organic&utm_campaign=GMB,Monday: 9:00AM–6:00PM | Tuesday: 9:00AM–6:00PM | Wednesday: 9:00AM–6:00PM | Thursday: 9:00AM–6:00PM | Friday: 8:00AM–3:00PM | Saturday: Closed | Sunday: Closed,914 31 25 60,NO,SI
Supermercados Dia,"Panaderías, Supermercados",COMIDA Y BEBIDA,"C. de las Infantas, 21, Centro, 28004 Madrid, Spain","3,8",885,—,Abierto,40.4203,-3.69802,https://maps.google.com/?cid=11573999388308202747,http://www.dia.es/compra-online/,Monday: 8:30AM–11:00PM | Tuesday: 8:30AM–11:00PM | Wednesday: 8:30AM–11:00PM | Thursday: 8:30AM–11:00PM | Friday: 8:30AM–11:00PM | Saturday: 8:30AM–11:00PM | Sunday: 8:30AM–11:00PM,912 17 04 53,NO,SI
Real Academia de la Historia,Bibliotecas,EDUCACIÓN,"C. del León, 21, Centro, 28014 Madrid, Spain","3,7",38,—,Abierto,40.4134,-3.69885,https://maps.google.com/?cid=13102493256115206647,http://www.rah.es/,Monday: 8:30AM–3:30PM | Tuesday: 8:30AM–3:30PM | Wednesday: 8:30AM–3:30PM | Thursday: 8:30AM–3:30PM | Friday: 8:30AM–3:30PM | Saturday: Closed | Sunday: Closed,914 29 06 11,NO,SI
Antón Martín,Estaciones de metro,TRANSPORTE,"Centro, 28012 Madrid, Spain",4,181,—,Abierto,40.4124,-3.69943,https://maps.google.com/?cid=9857203475024585233,,,,NO,NO
Karaoke Sala Tam,Discotecas,LOCALES DE OCIO NOCTURNO,"P.º de los Olmos, 13, Arganzuela, 28005 Madrid, Spain","3,6",505,Moderado,Abierto,40.4043,-3.71056,https://maps.google.com/?cid=13070463358089927998,,Monday: Closed | Tuesday: Closed | Wednesday: Closed | Thursday: Closed | Friday: Closed | Saturday: 10:00PM–6:00AM | Sunday: Closed,636 45 13 88,NO,SI
Plaza del Dos de Mayo,"Jardines, Parques, Parques naturales",CULTURA OCIO Y NATURALEZA,"Pl. del Dos de Mayo, Centro, 28004 Madrid, Spain","4,2",13379,—,Abierto,40.4269,-3.70403,https://maps.google.com/?cid=8700715070018164913,http://www.esmadrid.com/informacion-turistica/plaza-dos-de-mayo,Monday: Open 24 hours | Tuesday: Open 24 hours | Wednesday: Open 24 hours | Thursday: Open 24 hours | Friday: Open 24 hours | Saturday: Open 24 hours | Sunday: Open 24 hours,914 29 49 51,NO,SI
Iván de Vargas Library,Bibliotecas,EDUCACIÓN,"C. de San Justo, 5, Centro, 28005 Madrid, Spain","4,3",476,—,Abierto,40.4139,-3.70974,https://maps.google.com/?cid=11349492882643264949,http://bibliotecas.madrid.es/,Monday: 8:30AM–8:00PM | Tuesday: 8:30AM–8:00PM | Wednesday: 8:30AM–8:00PM | Thursday: 8:30AM–8:00PM | Friday: 8:30AM–8:00PM | Saturday: Closed | Sunday: Closed,917 58 62 11,NO,SI
Taberna de La Daniela Cuchilleros,"Bares, Cervecerías, Coctelerías, Restaurantes, Tapas, Vegano, Vegetariano","COMIDA Y BEBIDA, LOCALES DE OCIO NOCTURNO","C. de Cuchilleros, 9, Centro, 28005 Madrid, Spain",4,2252,Moderado,Abierto,40.4144,-3.7079,https://maps.google.com/?cid=6122150964845839047,https://www.tabernadeladaniela.com/nuestras-danielas/#ladanielacuchilleros,"Monday: 1:00–5:00PM, 8:00PM–12:00AM | Tuesday: 1:00–5:00PM, 8:00PM–12:00AM | Wednesday: 1:00–5:00PM, 8:00PM–12:00AM | Thursday: 1:00–5:00PM, 8:00PM–12:00AM | Friday: 1:00–5:00PM, 8:00PM–12:00AM | Saturday: 1:00–5:00PM, 8:00PM–12:00AM | Sunday: 1:00–5:00PM, 8:00PM–12:00AM",913 66 20 18,SI,NO
Starbucks,"Cafés, Panaderías",COMIDA Y BEBIDA,"C. de Preciados, 3, Centro, 28013 Madrid, Spain","3,7",227,Moderado,Abierto,40.4173,-3.70431,https://maps.google.com/?cid=8361399241465455640,http://www.starbucks.es/,Monday: 10:00AM–10:00PM | Tuesday: 10:00AM–10:00PM | Wednesday: 10:00AM–10:00PM | Thursday: 10:00AM–10:00PM | Friday: 10:00AM–10:00PM | Saturday: 10:00AM–10:00PM | Sunday: 11:00AM–9:00PM,910 50 52 19,NO,SI
Infinity Comics,Librerías,TIENDAS,"C. de las Hileras, 2, Centro, 28013 Madrid, Spain","4,8",243,—,Abierto,40.4167,-3.7084,https://maps.google.com/?cid=5909794701619225152,http://www.infinitycomics.es/,"Monday: 11:00AM–3:00PM, 5:00–6:00PM | Tuesday: 11:00AM–3:00PM, 5:00–6:00PM | Wednesday: 11:00AM–3:00PM, 5:00–6:00PM | Thursday: 11:00AM–3:00PM, 5:00–6:00PM | Friday: 11:00AM–3:00PM, 5:00–6:00PM | Saturday: Closed | Sunday: Closed",911 38 48 44,NO,NO
Amorino Gelato - Madrid El Corte Inglés Callao,Cafés,COMIDA Y BEBIDA,"Planta 9 Corte Ingles Callao, Pl. del Callao, 2, Centro, 28013 Madrid, Spain","4,4",693,Moderado,Abierto,40.4194,-3.70513,https://maps.google.com/?cid=7275398005878532358,http://www.amorino.com/es?utm_source=google&utm_medium=organic&utm_campaign=mybusiness-products,Monday: 10:00AM–11:00PM | Tuesday: 10:00AM–11:00PM | Wednesday: 10:00AM–11:00PM | Thursday: 10:00AM–12:00AM | Friday: 10:00AM–1:00AM | Saturday: 10:00AM–1:00AM | Sunday: 11:00AM–12:00AM,915 31 37 34,NO,SI
Maravillas Club,Discotecas,LOCALES DE OCIO NOCTURNO,"C. de San Vicente Ferrer, 33, Centro, 28004 Madrid, Spain","3,9",1403,Moderado,Abierto,40.4257,-3.7043,https://maps.google.com/?cid=2128826372851116398,http://www.maravillasclub.com/,Monday: Closed | Tuesday: Closed | Wednesday: Closed | Thursday: 12:00–5:30AM | Friday: 9:00PM–6:00AM | Saturday: 9:00PM–6:00AM | Sunday: Closed,674 25 61 52,NO,NO
Escuela Técnica Superior de Ingeniería y Diseño Industrial,"Colegios, Universidades",EDUCACIÓN,"Rda. de Valencia, 3, Arganzuela, 28012 Madrid, Spain",3,203,—,Abierto,40.4053,-3.70024,https://maps.google.com/?cid=16582104229693803252,http://www.etsidi.upm.es/ETSIDI,Monday: 8:00AM–10:00PM | Tuesday: 8:00AM–10:00PM | Wednesday: 8:00AM–10:00PM | Thursday: 8:00AM–10:00PM | Friday: 8:00AM–10:00PM | Saturday: 8:00AM–10:00PM | Sunday: 8:00AM–10:00PM,910 67 74 00,NO,SI
Colectividades Ramiro,Discotecas,LOCALES DE OCIO NOCTURNO,"Rda. de Valencia, 3, Arganzuela, 28012 Madrid, Spain",2,2,—,Abierto,40.4053,-3.70024,https://maps.google.com/?cid=935149529127149977,,Monday: 9:30AM–11:00PM | Tuesday: 8:00AM–11:00PM | Wednesday: 8:00AM–11:00PM | Thursday: 8:00AM–11:00PM | Friday: 9:00AM–11:30PM | Saturday: 9:30AM–11:00PM | Sunday: 9:30AM–11:00PM,915 39 01 18,NO,NO
Acacias,Estaciones de metro,TRANSPORTE,"Arganzuela, 28005 Madrid, Spain",4,75,—,Abierto,40.4037,-3.70656,https://maps.google.com/?cid=2221453786962822402,,,,NO,NO
Eugin Madrid - Clínica de reproducción asistida,Hospitales,SALUD,"C/ Alfonso XII 62, Pl, Baja A, Retiro, 28014 Madrid, Spain","4,2",80,—,Abierto,40.4085,-3.6889,https://maps.google.com/?cid=3349113978869690506,https://www.eugin.es/madrid/?utm_medium=google&utm_source=mybusiness&utm_campaign=552,Monday: 8:00AM–8:00PM | Tuesday: 8:00AM–8:00PM | Wednesday: 8:00AM–8:00PM | Thursday: 8:00AM–8:00PM | Friday: 8:00AM–8:00PM | Saturday: Closed | Sunday: Closed,913 36 04 00,NO,SI
Consulate General of Peru,"Consulados, Embajadas",GOBIERNO,"28008, P.º del Pintor Rosales, 30, Moncloa - Aravaca, 28008 Madrid, Spain","2,7",1637,—,Abierto,40.4271,-3.71965,https://maps.google.com/?cid=8534528591473913856,http://www.consulado.pe/es/Madrid/Paginas/Inicio.aspx,Monday: 8:30AM–2:00PM | Tuesday: 8:30AM–2:00PM | Wednesday: 8:30AM–2:00PM | Thursday: 8:30AM–2:00PM | Friday: 8:30AM–2:00PM | Saturday: Closed | Sunday: Closed,915 62 90 22,NO,SI
Museo ABC,"Centros culturales, Montañas, Museos, Oficinas de turismo, Senderismo","CULTURA OCIO Y NATURALEZA, ESPACIOS DEPORTIVOS, OFICINAS DE TURISMO","C. de Amaniel, 29, Centro, 28015 Madrid, Spain","4,3",2003,—,Cerrado temporalmente,40.4277,-3.70957,https://maps.google.com/?cid=18032250158009689203,http://museo.abc.es/,,917 58 83 79,NO,SI
Farmacia del Globo Lda. Lucía Sanchez Nestares,Farmacias,SALUD,"C. de Carretas, 12, Centro, 28012 Madrid, Spain","3,6",49,—,Abierto,40.4152,-3.7033,https://maps.google.com/?cid=9605724487772855359,,Monday: 9:00AM–10:00PM | Tuesday: 9:00AM–10:00PM | Wednesday: 9:00AM–10:00PM | Thursday: 9:00AM–10:00PM | Friday: 9:00AM–10:00PM | Saturday: 9:00AM–10:00PM | Sunday: Closed,915 21 07 63,NO,SI
Plazuela de Teresa Berganza,"Jardines, Parques, Parques naturales",CULTURA OCIO Y NATURALEZA,"C. de Jovellanos, 4, Centro, 28014 Madrid, Spain",5,1,—,Abierto,40.4172,-3.69676,https://maps.google.com/?cid=664996622327921389,,,,NO,SI
Douglas Perfumería,Tiendas de ropa,TIENDAS,"P.º de las Acacias, 23, Arganzuela, 28005 Madrid, Spain","3,4",169,—,Abierto,40.4039,-3.70581,https://maps.google.com/?cid=13704267894973269300,https://douglas.es/g/nuestras_tiendas/300180,Monday: 10:00AM–9:00PM | Tuesday: 10:00AM–9:00PM | Wednesday: 10:00AM–9:00PM | Thursday: 10:00AM–9:00PM | Friday: 10:00AM–9:00PM | Saturday: 10:00AM–9:00PM | Sunday: 11:00AM–3:00PM,911 16 16 30,NO,SI
Sala Morocco,Discotecas,LOCALES DE OCIO NOCTURNO,"C. del Marqués de Leganés, 7, Centro, 28004 Madrid, Spain","3,8",2215,Moderado,Abierto,40.422,-3.70736,https://maps.google.com/?cid=5080307516802532941,http://salamoroccomadrid.com/,Monday: Closed | Tuesday: Closed | Wednesday: Closed | Thursday: Closed | Friday: 11:59PM–6:00AM | Saturday: 11:59PM–6:00AM | Sunday: Closed,622 21 25 39,NO,NO
Fisiojes,Gimnasios,ESPACIOS DEPORTIVOS,"P.º de Sta. María de la Cabeza, 39, Arganzuela, 28045 Madrid, Spain","4,9",328,—,Abierto,40.403,-3.69709,https://maps.google.com/?cid=17514350213549322369,https://fisiojes.com/,Monday: 9:30AM–10:00PM | Tuesday: 9:30AM–10:00PM | Wednesday: 9:30AM–10:00PM | Thursday: 9:30AM–10:00PM | Friday: 9:30AM–9:00PM | Saturday: Closed | Sunday: Closed,630 68 37 91,NO,SI
"Jorge Juan Jewellers, Engagement Rings",Joyerías,TIENDAS,"C. de Fernando el Santo, 24, joyerias, Chamberí, 28010 Madrid, Spain","4,9",315,—,Abierto,40.4279,-3.69084,https://maps.google.com/?cid=12409172575704911767,https://www.jorgejuanjoyeros.es/,"Monday: 11:00AM–2:00PM, 4:30–8:15PM | Tuesday: 11:00AM–2:00PM, 4:30–8:15PM | Wednesday: 11:00AM–2:00PM, 4:30–8:15PM | Thursday: 11:00AM–2:00PM, 4:30–8:15PM | Friday: 11:00AM–2:00PM, 4:30–8:15PM | Saturday: 10:30AM–2:15PM | Sunday: Closed",917 02 21 51,NO,NO
Madrid Jewelry Market,Joyerías,TIENDAS,"Calle de la montera nº 24 - local 14, Centro, 28013 Madrid, Spain",5,3,—,Abierto,40.4177,-3.70266,https://maps.google.com/?cid=15844166372287933816,,"Monday: 11:00AM–2:00PM, 5:00–7:00PM | Tuesday: 11:00AM–2:00PM, 5:00–7:00PM | Wednesday: 11:00AM–2:00PM, 5:00–7:00PM | Thursday: 11:00AM–2:00PM, 5:00–7:00PM | Friday: 11:00AM–2:00PM, 5:00–7:00PM | Saturday: 10:00AM–2:00PM | Sunday: Closed",916 30 49 32,NO,NO
Bar Tomate,"Bares, Cervecerías, Coctelerías, Restaurantes, Tapas, Vegano, Vegetariano","COMIDA Y BEBIDA, LOCALES DE OCIO NOCTURNO","C. de Fernando el Santo, 26, Chamberí, 28010 Madrid, Spain","4,2",3433,Moderado,Abierto,40.4279,-3.69053,https://maps.google.com/?cid=14443535890859007998,https://grupotragaluz.com/restaurantes/bar-tomate/,Monday: 10:00AM–12:00AM | Tuesday: 10:00AM–12:00AM | Wednesday: 10:00AM–12:00AM | Thursday: 10:00AM–12:00AM | Friday: 10:00AM–12:00AM | Saturday: 1:00PM–12:00AM | Sunday: 1:00PM–12:00AM,917 02 38 70,SI,SI
Artistic Metropol,"Cines, Teatros",CULTURA OCIO Y NATURALEZA,"C. de las Cigarreras, 6, Arganzuela, 28005 Madrid, Spain","4,4",975,—,Abierto,40.4048,-3.70745,https://maps.google.com/?cid=10905144411678916425,http://artisticmetropol.es/,Monday: 4:00–10:00PM | Tuesday: 4:00–10:00PM | Wednesday: 4:00–10:00PM | Thursday: 4:00–10:00PM | Friday: 4:00–10:00PM | Saturday: 4:00–10:00PM | Sunday: 4:00–10:00PM,915 27 27 92,NO,SI
Pilates Studio,Gimnasios,ESPACIOS DEPORTIVOS,"Plaza de Sta. Catalina de los Donados, 2, Centro, 28013 Madrid, Spain","4,8",177,—,Abierto,40.4182,-3.70814,https://maps.google.com/?cid=14643172237373211735,https://www.sensepilatesmadrid.es/,Monday: 8:00AM–9:00PM | Tuesday: 8:00AM–9:00PM | Wednesday: 8:00AM–9:00PM | Thursday: 8:00AM–9:00PM | Friday: 8:00AM–1:00PM | Saturday: 9:00AM–1:00PM | Sunday: Closed,666 06 90 09,NO,NO
Lidl,"Mercados, Perfumerías, Supermercados, Tiendas","COMIDA Y BEBIDA, TIENDAS","C. de Rodríguez San Pedro, 22, Chamberí, 28015 Madrid, Spain","4,1",2131,—,Abierto,40.4316,-3.70969,https://maps.google.com/?cid=16052657168572982128,https://www.lidl.es/,Monday: 9:00AM–10:00PM | Tuesday: 9:00AM–10:00PM | Wednesday: 9:00AM–10:00PM | Thursday: 9:00AM–10:00PM | Friday: 9:00AM–10:00PM | Saturday: 9:00AM–10:00PM | Sunday: 9:00AM–10:00PM,900 958 311,NO,SI
Habitación Chueca Centro,"Campings, Jardines, Parques, Parques naturales","ALOJAMIENTOS, CULTURA OCIO Y NATURALEZA","C/ de Hortaleza, 29, Escalera Interior, Centro, Centro, 28004 Madrid, Spain",0,0,—,Abierto,40.4219,-3.69997,https://maps.google.com/?cid=907715089553871811,https://beachpartydorm.eu/habitacion-en-chueca-centro-de-madrid-spain,,,NO,NO
Mercadona,Supermercados,COMIDA Y BEBIDA,"Rda. de Atocha, 26, Centro, 28012 Madrid, Spain","4,3",3884,—,Abierto,40.4063,-3.69836,https://maps.google.com/?cid=848180182650860792,https://www.mercadona.es/,Monday: 9:00AM–9:30PM | Tuesday: 9:00AM–9:30PM | Wednesday: 9:00AM–9:30PM | Thursday: 9:00AM–9:30PM | Friday: 9:00AM–9:30PM | Saturday: 9:00AM–9:30PM | Sunday: Closed,917 16 48 71,NO,SI
Clamores,"Bares, Cervecerías, Coctelerías, Discotecas","COMIDA Y BEBIDA, LOCALES DE OCIO NOCTURNO","C. de Alburquerque, 14, Chamberí, 28010 Madrid, Spain","4,3",2958,—,Abierto,40.4311,-3.70095,https://maps.google.com/?cid=10323710415019223875,http://www.salaclamores.es/,Monday: 8:00PM–12:00AM | Tuesday: 8:00PM–12:00AM | Wednesday: 8:00AM–12:00AM | Thursday: 8:00PM–12:00AM | Friday: 8:00PM–6:00AM | Saturday: 12:30PM–6:00AM | Sunday: 12:30PM–12:00AM,914 45 54 80,NO,NO
Showroom Navidad,Joyerías,TIENDAS,"Pl. de Pedro Zerolo, 1, Centro, 28004 Madrid, Spain",0,0,—,Abierto,40.4209,-3.69992,https://maps.google.com/?cid=2897748780604921785,,Monday: Closed | Tuesday: Closed | Wednesday: 10:00AM–10:00PM | Thursday: Closed | Friday: Closed | Saturday: Closed | Sunday: Closed,679 96 96 47,NO,NO
Dideco Nogales Tienda de Juguetes y Libros,Librerías,TIENDAS,"C. Nogales, 3, Arganzuela, 28005 Madrid, Spain","4,6",1186,—,Abierto,40.4027,-3.70882,https://maps.google.com/?cid=15858348775909415508,http://www.dideco.es/,"Monday: 10:30AM–2:00PM, 5:00–8:30PM | Tuesday: 10:30AM–2:00PM, 5:00–8:30PM | Wednesday: 10:30AM–2:00PM, 5:00–8:30PM | Thursday: 10:30AM–2:00PM, 5:00–8:30PM | Friday: 10:30AM–2:00PM, 5:00–8:30PM | Saturday: 10:30AM–2:00PM | Sunday: Closed",913 65 02 40,NO,SI
Radical Music,"Mercados, Perfumerías, Tiendas","COMIDA Y BEBIDA, TIENDAS","C. de Leganitos, 12, BAJO, Centro, 28013 Madrid, Spain","4,3",388,—,Cerrado temporalmente,40.4215,-3.70998,https://maps.google.com/?cid=1270110583741733379,,,915 41 98 70,NO,NO
Restaurante Rias Altas,Cafés,COMIDA Y BEBIDA,"C. de Atocha, 67, Centro, 28012 Madrid, Spain","3,7",596,Barato,Abierto,40.4124,-3.69902,https://maps.google.com/?cid=12515063099111154554,http://restauranteriasaltas.es/,Monday: 7:00AM–12:00PM | Tuesday: 7:00AM–12:00PM | Wednesday: 7:00AM–12:00PM | Thursday: 7:00AM–12:00PM | Friday: 7:00AM–12:00PM | Saturday: 7:00AM–12:00PM | Sunday: 7:00AM–12:00PM,914 29 86 05,SI,NO
Kabiria Films,"Cines, Teatros",CULTURA OCIO Y NATURALEZA,"Pl. de los Mostenses, 13, Centro, 28015 Madrid, Spain","3,8",17,—,Abierto,40.4233,-3.70864,https://maps.google.com/?cid=8974245860493823795,http://kabiriafilms.es/,,675 33 01 27,NO,NO
Veterinarios Especialistas en Odontología Equina,Clínicas,SALUD,"Centro, 28013 Madrid, Spain",0,0,—,Abierto,40.4167,-3.70379,https://maps.google.com/?cid=2645175168872456685,http://vetodontoequina.com/,Monday: 9:00AM–3:00PM | Tuesday: 9:00AM–3:00PM | Wednesday: 9:00AM–3:00PM | Thursday: 9:00AM–3:00PM | Friday: 9:00AM–3:00PM | Saturday: 9:30AM–1:30PM | Sunday: Closed,639 13 60 77,NO,NO
Church of Saint Anthony of the German,"Basílicas, Catedrales, Conventos, Ermitas, Iglesias, Monasterios",ESPACIOS RELIGIOSOS,"C. de la Puebla, 22, Centro, 28004 Madrid, Spain","4,7",4341,—,Cerrado temporalmente,40.4223,-3.70381,https://maps.google.com/?cid=1635041529568314549,https://realhermandaddelrefugio.org/,,915 22 37 74,NO,SI
Parfois,"Joyerías, Zapaterías",TIENDAS,"C. de Preciados, 7, Centro, 28013 Madrid, Spain","3,6",195,—,Abierto,40.4179,-3.70474,https://maps.google.com/?cid=4650303137753564674,https://www.parfois.com/es/es/home/,Monday: 10:00AM–10:00PM | Tuesday: 10:00AM–10:00PM | Wednesday: 10:00AM–10:00PM | Thursday: 10:00AM–10:00PM | Friday: 10:00AM–10:00PM | Saturday: 10:00AM–10:00PM | Sunday: 11:00AM–9:00PM,628 22 95 86,NO,NO
Hotel Único Madrid,"Restaurantes, Tapas, Vegano, Vegetariano",COMIDA Y BEBIDA,"C. de Claudio Coello, 67, Salamanca, 28001 Madrid, Spain","4,7",533,—,Abierto,40.4285,-3.68633,https://maps.google.com/?cid=14368120764174969028,https://www.unicohotelmadrid.com/es/?utm_source=google&utm_medium=organic&utm_campaign=google-my-business,Monday: Open 24 hours | Tuesday: Open 24 hours | Wednesday: Open 24 hours | Thursday: Open 24 hours | Friday: Open 24 hours | Saturday: Open 24 hours | Sunday: Open 24 hours,917 81 01 73,NO,NO
Orbaneja Abogados - Asesoramiento para comprar farmacia y vender farmacia,Farmacias,SALUD,"Calle de Sta Engracia, 19, 1ºD, Chamberí, 28010 Madrid, Spain","3,8",15,—,Abierto,40.4302,-3.69692,https://maps.google.com/?cid=4767622060316701748,http://www.orbaneja.es/,Monday: 8:30AM–6:00PM | Tuesday: 8:30AM–6:00PM | Wednesday: 8:30AM–6:00PM | Thursday: 8:30AM–6:00PM | Friday: 8:30AM–2:00PM | Saturday: Closed | Sunday: Closed,914 45 48 54,NO,SI
AC Hotel Atocha,"Albergues, Apartamentos turísticos, Hostales, Hoteles",ALOJAMIENTOS,"Calle de las Delicias, 42, Arganzuela, 28045 Madrid, Spain","4,3",1907,—,Abierto,40.4038,-3.69001,https://maps.google.com/?cid=14033108935455990482,https://www.marriott.com/en-us/hotels/madat-ac-hotel-atocha/overview/?scid=f2ae0541-1279-4f24-b197-a979c79310b0,,915 06 22 21,NO,SI
Yoga para mamá,Gimnasios,ESPACIOS DEPORTIVOS,"C. de las Aguas, 4, Centro, 28005 Madrid, Spain",0,0,—,Abierto,40.4106,-3.71201,https://maps.google.com/?cid=9333278660715463135,http://yogaparamama.blogspot.com/,Monday: 10:30AM–8:30PM | Tuesday: 5:00–8:30PM | Wednesday: 10:30AM–8:30PM | Thursday: 5:00–8:30PM | Friday: 5:00–8:30PM | Saturday: 11:00AM–1:30PM | Sunday: Closed,637 09 13 90,NO,NO
Farmacia,Farmacias,SALUD,"Pl. de Cascorro, 6, Centro, 28005 Madrid, Spain","4,6",33,—,Abierto,40.4104,-3.70711,https://maps.google.com/?cid=11831463559654697075,https://farmaciacascorro.com/,Monday: 9:30AM–9:00PM | Tuesday: 9:30AM–9:00PM | Wednesday: 9:30AM–9:00PM | Thursday: 9:30AM–9:00PM | Friday: 9:30AM–9:00PM | Saturday: 9:30AM–2:30PM | Sunday: Closed,915 27 28 19,NO,SI
El Rincón de la Plaza,Cafés,COMIDA Y BEBIDA,"Pl. Mayor, 10, Centro, 28012 Madrid, Spain","3,7",3,—,Abierto,40.4149,-3.7081,https://maps.google.com/?cid=3627343534025269685,,Monday: 8:30AM–11:00PM | Tuesday: 8:30AM–11:00PM | Wednesday: 8:30AM–11:00PM | Thursday: 8:30AM–11:00PM | Friday: 8:30AM–11:00PM | Saturday: 8:30AM–11:00PM | Sunday: 8:30AM–11:00PM,,NO,NO
Embassy of the Republic of Armenia,"Consulados, Embajadas",GOBIERNO,"C. Mayor, 81, Centro, 28013 Madrid, Spain","3,4",115,—,Abierto,40.4149,-3.71386,https://maps.google.com/?cid=9540327669682717887,http://www.spain.mfa.am/,Monday: 9:00AM–6:00PM | Tuesday: 9:00AM–6:00PM | Wednesday: 9:00AM–6:00PM | Thursday: 9:00AM–6:00PM | Friday: 9:00AM–6:00PM | Saturday: Closed | Sunday: Closed,915 42 26 27,NO,NO
Dr. Rodríguez Zazo - Consulta de ETS en Madrid,Clínicas,SALUD,"Pl. del Callao, 1, Centro, 28013 Madrid, Spain","4,2",26,—,Abierto,40.4197,-3.70628,https://maps.google.com/?cid=11216454120836632651,https://jarodriguezzazo.net/,"Monday: 10:30AM–1:30PM, 5:30–8:30PM | Tuesday: 10:30AM–1:30PM, 5:30–8:30PM | Wednesday: 10:30AM–1:30PM, 5:30–8:30PM | Thursday: 10:30AM–1:30PM, 5:30–8:30PM | Friday: 10:30AM–1:30PM, 5:30–8:30PM | Saturday: 11:30AM–1:30PM, 6:00–8:00PM | Sunday: 11:30AM–1:30PM, 6:00–8:00PM",919 11 91 80,NO,NO
Best Doctors,Clínicas,SALUD,"C. de Almagro, 36, 1ª planta, Chamberí, 28010 Madrid, Spain","4,6",37,—,Cerrado temporalmente,40.431,-3.69207,https://maps.google.com/?cid=10029882299748973913,,,900 352 680,NO,NO
Desigual,"Mercados, Perfumerías, Tiendas, Tiendas de ropa","COMIDA Y BEBIDA, TIENDAS","Calle de Fuencarral, 36-38, Centro, 28004 Madrid, Spain","4,2",287,—,Abierto,40.4226,-3.70067,https://maps.google.com/?cid=847304801719703398,https://www.desigual.com/,Monday: 10:00AM–9:00PM | Tuesday: 10:00AM–9:00PM | Wednesday: 10:00AM–9:00PM | Thursday: 10:00AM–9:00PM | Friday: 10:00AM–9:00PM | Saturday: 10:00AM–9:00PM | Sunday: 12:00–8:00PM,910 59 40 87,NO,NO
Descuento Express,Centros comerciales,TIENDAS,"C. de Ventura Rodríguez, Moncloa - Aravaca, 28008 Madrid, Spain",0,0,—,Abierto,40.4249,-3.7141,https://maps.google.com/?cid=4804940417057728077,http://www.descuentoexpress.com/,Monday: Open 24 hours | Tuesday: Open 24 hours | Wednesday: Open 24 hours | Thursday: Open 24 hours | Friday: Open 24 hours | Saturday: Open 24 hours | Sunday: Open 24 hours,,NO,NO
El Corte Inglés Outlet,Centros comerciales,TIENDAS,"C. de Arapiles, 10, Chamberí, 28015 Madrid, Spain","3,9",78,—,Abierto,40.4332,-3.70687,https://maps.google.com/?cid=15186254485956468098,https://www.elcorteingles.es/centroscomerciales/es/outlet/centros/outlet-arapiles,Monday: 10:00AM–10:00PM | Tuesday: 10:00AM–10:00PM | Wednesday: 10:00AM–10:00PM | Thursday: 10:00AM–10:00PM | Friday: 10:00AM–10:00PM | Saturday: 10:00AM–10:00PM | Sunday: 11:00AM–9:00PM,918 39 85 22,NO,SI
Paraninfo Universidad Complutense de Madrid,Universidades,EDUCACIÓN,"C. de San Bernardo, 49, Centro, 28015 Madrid, Spain","4,6",269,—,Abierto,40.4252,-3.70758,https://maps.google.com/?cid=12433582324490424828,http://www.ucm.es/,,913 94 66 12,NO,SI
Mutua Sanit Nal Prev Social,Hospitales,SALUD,"C. de Concepción Jerónima, 13, Centro, 28012 Madrid, Spain",0,0,—,Cerrado temporalmente,40.4138,-3.70527,https://maps.google.com/?cid=2692105422859170220,,,911 96 33 73,NO,NO
Gasolinera Gesa,Gasolineras,GASOLINERAS Y APARCAMIENTOS,"C. de Alberto Aguilera, Chamberí, 28015 Madrid, Spain","4,7",3,—,Abierto,40.4301,-3.70873,https://maps.google.com/?cid=14526498534086510646,,,,NO,NO
Kiehls,Centros comerciales,TIENDAS,"C. de Preciados, 3, Centro, 28013 Madrid, Spain","4,7",166,—,Abierto,40.4175,-3.70481,https://maps.google.com/?cid=15714640936407972392,https://www.kiehls.es/,Monday: 10:00AM–10:00PM | Tuesday: 10:00AM–10:00PM | Wednesday: 10:00AM–10:00PM | Thursday: 10:00AM–10:00PM | Friday: 10:00AM–10:00PM | Saturday: 10:00AM–10:00PM | Sunday: 11:00AM–9:00PM,655 53 45 74,NO,SI
Salvador Bachiller - Alberto Aguilera,Zapaterías,TIENDAS,"C. de Alberto Aguilera, 54, Chamberí, 28015 Madrid, Spain","4,1",1033,—,Abierto,40.4304,-3.71287,https://maps.google.com/?cid=17844463221790513972,http://www.salvadorbachiller.com/,Monday: 10:00AM–9:00PM | Tuesday: 10:00AM–9:00PM | Wednesday: 10:00AM–9:00PM | Thursday: 10:00AM–9:00PM | Friday: 10:00AM–10:00PM | Saturday: 10:00AM–10:00PM | Sunday: 11:00AM–9:00PM,915 47 75 85,NO,SI
Aparcamiento de movilidad reducida,Aparcamientos,GASOLINERAS Y APARCAMIENTOS,"Sol, Centro, 28013 Madrid, Spain",0,0,—,Abierto,40.4182,-3.70266,https://maps.google.com/?cid=13615821466662755053,,,,NO,SI
CIEE Study Abroad Madrid,Colegios,EDUCACIÓN,"C. de la Aduana, 33, Centro, 28013 Madrid, Spain","4,1",22,—,Abierto,40.4185,-3.69979,https://maps.google.com/?cid=15245428339450552702,https://www.ciee.org/go-abroad/college-study-abroad/locations/spain/madrid?utm_source=google&utm_medium=organic&utm_campaign=gmb-website,Monday: 9:00AM–7:00PM | Tuesday: 9:00AM–7:00PM | Wednesday: 9:00AM–7:00PM | Thursday: 9:00AM–7:00PM | Friday: 9:00AM–3:00PM | Saturday: Closed | Sunday: Closed,914 18 31 74,NO,SI
CEMAR academia de música y alquiler aulas estudio y ensayo. clases instrumentos niños (suzuki) y adultos,Colegios,EDUCACIÓN,"C. de la Unión, 10, Centro, 28013 Madrid, Spain","4,8",11,—,Abierto,40.4175,-3.71041,https://maps.google.com/?cid=6560992965625885500,,"Monday: 4:00–8:30PM | Tuesday: 4:00–8:30PM | Wednesday: 11:00AM–1:30PM, 4:00–8:30PM | Thursday: 4:00–8:30PM | Friday: 4:00–8:30PM | Saturday: Closed | Sunday: Closed",695 94 78 64,NO,NO
Edén de Huertas Bar de Copas y Cachimbas,Discotecas,LOCALES DE OCIO NOCTURNO,"C. de las Huertas, 67, Centro, 28014 Madrid, Spain","4,8",490,Barato,Abierto,40.4132,-3.69589,https://maps.google.com/?cid=16308287081532095262,https://eledendehuertas.com/,Monday: Closed | Tuesday: 6:00PM–3:00AM | Wednesday: 6:00PM–3:00AM | Thursday: 6:00PM–3:00AM | Friday: 6:00PM–3:30AM | Saturday: 6:00PM–3:30AM | Sunday: 6:00PM–3:00AM,667 90 47 26,SI,NO
Desberdina,"Cines, Teatros",CULTURA OCIO Y NATURALEZA,"C. de Rodríguez San Pedro, 16, Chamberí, 28015 Madrid, Spain",0,0,—,Abierto,40.4316,-3.70913,https://maps.google.com/?cid=13268728280386099629,https://desberdina.com/,Monday: 9:00AM–6:00AM | Tuesday: 9:00AM–6:00AM | Wednesday: 9:00AM–6:00AM | Thursday: 9:00AM–6:00AM | Friday: 9:00AM–6:00AM | Saturday: Closed | Sunday: Closed,609 33 34 14,NO,NO
Calzados Diez,Zapaterías,TIENDAS,"C. del Carmen, 18, Centro, 28013 Madrid, Spain","3,9",141,—,Abierto,40.4187,-3.70461,https://maps.google.com/?cid=10555751710128656182,http://www.calzadosdiez.com/,Monday: 9:30AM–9:30PM | Tuesday: 9:30AM–9:30PM | Wednesday: 9:30AM–9:30PM | Thursday: 9:30AM–9:30PM | Friday: 9:30AM–9:30PM | Saturday: 9:30AM–9:30PM | Sunday: 11:00AM–9:30PM,915 22 34 33,NO,NO
Casa de La Villa. City of Madrid,Ayuntamientos,GOBIERNO,"Pl. de la Villa, 5, Centro, 28005 Madrid, Spain","4,7",138,—,Abierto,40.4151,-3.71077,https://maps.google.com/?cid=17354858084153630031,https://www.esmadrid.com/informacion-turistica/casa-de-la-villa,,,NO,SI
Vestíbulo estación tirso de molina,"Centros culturales, Museos",CULTURA OCIO Y NATURALEZA,"Embajadores, Centro, 28012 Madrid, Spain",4,1,—,Abierto,40.4123,-3.70432,https://maps.google.com/?cid=1919359052571385940,https://museosmetromadriddesarrollo.es/tirso-de-molina/,Monday: 6:00AM–1:30AM | Tuesday: 6:00AM–1:30AM | Wednesday: 6:00AM–1:30AM | Thursday: 6:00AM–1:30AM | Friday: 6:00AM–1:30AM | Saturday: 6:00AM–1:30AM | Sunday: 6:00AM–1:30AM,,NO,NO
Carrefour Express,Supermercados,COMIDA Y BEBIDA,"C. de Sta. Isabel, 28, 30, Centro, 28012 Madrid, Spain","3,9",514,—,Abierto,40.4109,-3.69848,https://maps.google.com/?cid=8735639619588914269,https://www.carrefour.es/tiendas-carrefour/supermercados/carrefour-express/santa-isabel-28-s.aspx,Monday: 9:00AM–11:00PM | Tuesday: 9:00AM–11:00PM | Wednesday: 9:00AM–11:00PM | Thursday: 9:00AM–11:00PM | Friday: 9:00AM–11:00PM | Saturday: 9:00AM–11:00PM | Sunday: 10:00AM–10:00PM,914 90 89 00,NO,SI
Centro de día Santa Teresa y San José,"Basílicas, Catedrales, Conventos, Ermitas, Iglesias, Monasterios",ESPACIOS RELIGIOSOS,"C. de Cadarso, 13, Moncloa - Aravaca, 28008 Madrid, Spain",4,3,—,Abierto,40.422,-3.71514,https://maps.google.com/?cid=14437674856341630322,,"Monday: 5:30–8:00PM | Tuesday: 5:30–8:00PM | Wednesday: 5:30–8:00PM | Thursday: 5:30–8:00PM | Friday: 5:30–8:00PM | Saturday: 11:00AM–1:30PM, 5:30–8:00PM | Sunday: 11:00AM–1:30PM, 5:30–8:00PM",,NO,SI
Nave 73,Galerías de arte,CULTURA OCIO Y NATURALEZA,"C. de Palos de la Frontera, 5, local 1, Arganzuela, 28012 Madrid, Spain","4,6",247,—,Abierto,40.4031,-3.69875,https://maps.google.com/?cid=12499277411937610397,http://nave73.es/,Monday: 6:30–10:30PM | Tuesday: 10:30AM–10:30PM | Wednesday: 10:30AM–10:30PM | Thursday: 10:30AM–10:30PM | Friday: 10:30AM–10:30PM | Saturday: 6:30–10:30PM | Sunday: 6:30–8:30PM,917 04 95 83,NO,SI
Centro Mandala,Gimnasios,ESPACIOS DEPORTIVOS,"C. de la Cabeza, 15, 2º, Centro, 28012 Madrid, Spain","4,8",28,—,Abierto,40.4119,-3.70284,https://maps.google.com/?cid=3434983010372526083,http://centromandala.es/,,617 23 61 05,NO,NO
Tearoom Al Jabal,Cafés,COMIDA Y BEBIDA,"C. de Cáceres, 52, Arganzuela, 28045 Madrid, Spain","4,6",2168,Barato,Abierto,40.399,-3.70023,https://maps.google.com/?cid=15903423470642584609,https://www.teteriaalyabal.com/,Monday: Closed | Tuesday: Closed | Wednesday: 7:00PM–2:00AM | Thursday: 7:00PM–2:00AM | Friday: 6:00PM–2:30AM | Saturday: 5:00PM–2:30AM | Sunday: 4:00PM–1:00AM,660 45 50 95,SI,SI
SEVEN brands,"Parques acuáticos, Parques de atracciones",CULTURA OCIO Y NATURALEZA,"C. de Luchana, 23, Chamberí, 28010 Madrid, Spain",0,0,—,Abierto,40.4311,-3.69993,https://maps.google.com/?cid=13669923894016209081,,,,NO,NO
CODO,Joyerías,TIENDAS,"C. Mayor, 57, Centro, 28013 Madrid, Spain",5,23,—,Abierto,40.4156,-3.70965,https://maps.google.com/?cid=10846550419346075850,https://tiendascodo.com/,Monday: 10:00AM–9:00PM | Tuesday: 10:00AM–9:00PM | Wednesday: 10:00AM–9:00PM | Thursday: 10:00AM–9:00PM | Friday: 10:00AM–9:00PM | Saturday: 10:00AM–9:00PM | Sunday: 10:00AM–9:00PM,917 65 22 96,NO,NO
F.E.H.L. - Ambassade du G. D. de Luxembourg,"Consulados, Embajadas",GOBIERNO,"C. de Claudio Coello, 99, 2è étage, Salamanca, 28006 Madrid, Spain",0,0,—,Abierto,40.4206,-3.68713,https://maps.google.com/?cid=6723117789183051234,,,915 63 27 63,NO,NO
Pasarela,Zapaterías,TIENDAS,"Pl. de Sta. María Soledad Torres Acosta, 1, Centro, 28004 Madrid, Spain",0,0,—,Abierto,40.421,-3.7051,https://maps.google.com/?cid=8203489002304853358,,Monday: 10:00AM–9:00PM | Tuesday: 10:00AM–9:00PM | Wednesday: 10:00AM–9:00PM | Thursday: 10:00AM–9:00PM | Friday: 10:00AM–9:00PM | Saturday: 10:00AM–9:00PM | Sunday: Closed,915 23 22 62,NO,SI
HRC Hotel,"Albergues, Apartamentos turísticos, Hostales, Hoteles",ALOJAMIENTOS,"C/ Ángel 18, C. de Calatrava, 32, Centro, 28005 Madrid, Spain","3,7",716,—,Cerrado temporalmente,40.4098,-3.71308,https://maps.google.com/?cid=5567993649508888452,,,913 65 86 00,NO,SI
Thyssen-Bornemisza National Museum,"Centros culturales, Montañas, Museos, Oficinas de turismo, Senderismo","CULTURA OCIO Y NATURALEZA, ESPACIOS DEPORTIVOS, OFICINAS DE TURISMO","P.º del Prado, 8, Centro, 28014 Madrid, Spain","4,7",44024,—,Abierto,40.416,-3.69492,https://maps.google.com/?cid=6526642166440874639,https://www.museothyssen.org/,Monday: 12:00–4:00PM | Tuesday: 10:00AM–7:00PM | Wednesday: 10:00AM–7:00PM | Thursday: 10:00AM–7:00PM | Friday: 10:00AM–7:00PM | Saturday: 10:00AM–7:00PM | Sunday: 10:00AM–7:00PM,917 91 13 70,NO,SI
ACT Videobooks,"Cines, Teatros",CULTURA OCIO Y NATURALEZA,"Carrera de San Francisco, 12, Centro, 28005 Madrid, Spain",5,2,—,Abierto,40.4109,-3.71305,https://maps.google.com/?cid=16978564337388673315,,Monday: 10:00AM–5:00PM | Tuesday: 10:00AM–5:00PM | Wednesday: 10:00AM–5:00PM | Thursday: 10:00AM–5:00PM | Friday: 10:00AM–5:00PM | Saturday: Closed | Sunday: Closed,687 40 82 75,NO,NO
Libros Políticos,Bibliotecas,EDUCACIÓN,"C. de Preciados, 34, Centro, 28013 Madrid, Spain",0,0,—,Abierto,40.4197,-3.70664,https://maps.google.com/?cid=5039197532899663155,,,,NO,SI
Rosewood Villa Magna,"Gimnasios, Piscinas, Restaurantes, Spas, Tapas, Vegano, Vegetariano","COMIDA Y BEBIDA, ESPACIOS DEPORTIVOS","P.º de la Castellana, 22, Salamanca, 28046 Madrid, Spain","4,5",2726,—,Abierto,40.4299,-3.68815,https://maps.google.com/?cid=18097740999830843947,https://www.rosewoodhotels.com/en/villa-magna,,915 87 12 34,NO,SI
Joyería RABAT - Distribuidor Oficial Rolex,Joyerías,TIENDAS,"C. de Serrano, 26, Salamanca, 28001 Madrid, Spain","4,2",593,—,Abierto,40.4241,-3.68778,https://maps.google.com/?cid=12461471729400870442,https://www.rabat.net/es/joyerias/madrid.html?utm_source=Google%20My%20Business&utm_medium=organic&utm_campaign=madrid,Monday: 11:00AM–8:00PM | Tuesday: 11:00AM–8:00PM | Wednesday: 11:00AM–8:00PM | Thursday: 11:00AM–8:00PM | Friday: 11:00AM–8:00PM | Saturday: 11:00AM–8:00PM | Sunday: Closed,914 31 93 33,NO,SI
BOSS Womenswear Shop,Zapaterías,TIENDAS,"C. de Preciados, 3, Centro, 28013 Madrid, Spain","3,6",11,—,Abierto,40.4176,-3.70484,https://maps.google.com/?cid=16319451110989299982,https://www.hugoboss.com/storedetail?storeid=9921421,Monday: 10:00AM–10:00PM | Tuesday: 10:00AM–10:00PM | Wednesday: 10:00AM–10:00PM | Thursday: 10:00AM–10:00PM | Friday: 10:00AM–10:00PM | Saturday: 10:00AM–10:00PM | Sunday: 11:00AM–9:00PM,915 32 40 20,NO,SI
[P] Garaje Ingemotion,Aparcamientos,GASOLINERAS Y APARCAMIENTOS,"C. de Valencia, 19, Centro, 28012 Madrid, Spain","3,4",211,—,Abierto,40.4066,-3.69967,https://maps.google.com/?cid=12803938739291188150,http://www.ingemotion.com/,"Monday: 12:00–1:00AM, 7:30AM–1:00AM | Tuesday: 7:30AM–1:00AM | Wednesday: 7:30AM–1:00AM | Thursday: 7:30AM–1:00AM | Friday: 7:30AM–12:00AM | Saturday: Open 24 hours | Sunday: Open 24 hours",911 88 59 40,NO,SI
CIDEAD,Colegios,EDUCACIÓN,"P.º del Prado, 28, Centro, 28014 Madrid, Spain","1,7",62,—,Abierto,40.4118,-3.69351,https://maps.google.com/?cid=6838809240185361796,http://www.educacionyfp.gob.es/mc/cidead/portada.html,Monday: 10:00AM–2:00PM | Tuesday: 10:00AM–2:00PM | Wednesday: 10:00AM–2:00PM | Thursday: 10:00AM–2:00PM | Friday: 10:00AM–2:00PM | Saturday: Closed | Sunday: Closed,915 06 57 14,NO,NO
FARMACIA PUERTA DE ATOCHA,Farmacias,SALUD,"FUERA DE LA ESTACIÓN Frente a las llegadas del AVE de la Estación Puerta de Atocha y Antigua Gasolinera Al lado del Hotel Only You y Centro de Negocios Copyme, P.º de la Infanta Isabel, 17, Retiro, 28014 Madrid, Spain","4,1",67,—,Abierto,40.4068,-3.68749,https://maps.google.com/?cid=10081035305855875387,http://www.farmaciapuertadeatocha.es/,Monday: 9:30AM–8:30PM | Tuesday: 9:30AM–8:30PM | Wednesday: 9:30AM–8:30PM | Thursday: 9:30AM–8:30PM | Friday: 9:30AM–8:30PM | Saturday: 10:00AM–2:00PM | Sunday: Closed,915 51 06 77,NO,NO
Argüelles,Estaciones de metro,TRANSPORTE,"Centro, 28008 Madrid, Spain","4,3",395,—,Abierto,40.4305,-3.71607,https://maps.google.com/?cid=2327531092719942707,,,,NO,SI
Camara Oscura Art Gallery,Galerías de arte,CULTURA OCIO Y NATURALEZA,"Alameda, 16, 1º B, Centro, 28014 Madrid, Spain","4,8",40,—,Abierto,40.4112,-3.69386,https://maps.google.com/?cid=5950338475657467924,http://www.camaraoscura.net/,Monday: Closed | Tuesday: 4:30–8:30PM | Wednesday: 4:30–8:30PM | Thursday: 4:30–8:30PM | Friday: 4:30–8:30PM | Saturday: 11:00AM–2:30PM | Sunday: Closed,914 29 17 34,NO,NO
Museo Nacional Centro de Arte Reina Sofía,"Centros culturales, Mercados, Montañas, Museos, Oficinas de turismo, Perfumerías, Senderismo, Tiendas","COMIDA Y BEBIDA, CULTURA OCIO Y NATURALEZA, ESPACIOS DEPORTIVOS, OFICINAS DE TURISMO, TIENDAS","C. de Sta. Isabel, 52, Centro, 28012 Madrid, Spain","4,5",65499,—,Abierto,40.4079,-3.69455,https://maps.google.com/?cid=3501571599666691953,https://www.museoreinasofia.es/,Monday: 10:00AM–9:00PM | Tuesday: Closed | Wednesday: 10:00AM–9:00PM | Thursday: 10:00AM–9:00PM | Friday: 10:00AM–9:00PM | Saturday: 10:00AM–9:00PM | Sunday: 10:00AM–2:30PM,917 74 10 00,NO,SI
Cuesta de San Vicente,Estaciones de autobús,TRANSPORTE,"Moncloa - Aravaca, 28008 Madrid, Spain",1,1,—,Abierto,40.4204,-3.71622,https://maps.google.com/?cid=18159497228827596567,,,,NO,NO
Inhala Hotel Garden,"Albergues, Apartamentos turísticos, Campos de golf, Hostales, Hoteles, Templos budistas","ALOJAMIENTOS, ESPACIOS DEPORTIVOS, ESPACIOS RELIGIOSOS","C. de San Bernardo, 1, Centro, 28013 Madrid, Spain",4,5929,—,Abierto,40.4206,-3.70854,https://maps.google.com/?cid=7498495246594614761,https://inhalahotel.com/,,915 47 98 00,NO,SI
Petit Palace Tres Cruces,"Albergues, Apartamentos turísticos, Campos de golf, Hostales, Hoteles, Templos budistas","ALOJAMIENTOS, ESPACIOS DEPORTIVOS, ESPACIOS RELIGIOSOS","C. de las Tres Cruces, 6, Centro, 28013 Madrid, Spain","4,4",1417,—,Abierto,40.4193,-3.70278,https://maps.google.com/?cid=11941328238553880333,https://www.petitpalacetrescruces.com/es/?utm_source=google&utm_medium=organic&utm_campaign=MyBusiness&utm_content=TCR&origin_source=google&origin_medium=organic&origin_campaign=MyBusiness,,915 22 33 27,NO,SI
Lanas El Gato Negro,Tiendas de ropa,TIENDAS,"C. de la Sal, 2, Centro, 28012 Madrid, Spain","4,2",112,—,Abierto,40.4157,-3.70649,https://maps.google.com/?cid=18384098482895713821,https://www.lanasgatonegro.com/,"Monday: 10:00AM–2:00PM, 4:30–8:00PM | Tuesday: 10:00AM–2:00PM, 4:30–8:00PM | Wednesday: 10:00AM–2:00PM, 4:30–8:00PM | Thursday: 10:00AM–2:00PM, 4:30–8:00PM | Friday: 10:00AM–2:00PM, 4:30–8:00PM | Saturday: 10:00AM–2:00PM | Sunday: Closed",913 66 58 00,NO,NO
La Central de Callao,Librerías,TIENDAS,"C. del Postigo de San Martín, 9, Centro, 28013 Madrid, Spain","4,5",4491,—,Abierto,40.4192,-3.70599,https://maps.google.com/?cid=13895496264063322297,https://www.lacentral.com/,Monday: 10:00AM–9:00PM | Tuesday: 10:00AM–9:00PM | Wednesday: 10:00AM–9:00PM | Thursday: 10:00AM–9:00PM | Friday: 10:00AM–9:00PM | Saturday: 11:00AM–9:00PM | Sunday: 11:00AM–9:00PM,917 90 99 30,NO,SI
Calzedonia,"Mercados, Perfumerías, Tiendas, Tiendas de ropa","COMIDA Y BEBIDA, TIENDAS","C. de Carretas, 23, Centro, 28012 Madrid, Spain","3,9",49,—,Abierto,40.415,-3.7031,https://maps.google.com/?cid=12520972832888668958,https://www.calzedonia.com/world/stores?utm_medium=organic&utm_source=google&utm_campaign=local&utm_term=ES-CCP8&y_source=1_MTQ4NzE5NjEtNzE1LWxvY2F0aW9uLndlYnNpdGU%3D,Monday: 10:00AM–9:30PM | Tuesday: 10:00AM–9:30PM | Wednesday: 10:00AM–9:30PM | Thursday: 10:00AM–9:30PM | Friday: 10:00AM–9:30PM | Saturday: 10:00AM–9:30PM | Sunday: 11:00AM–9:30PM,917 82 42 62,NO,SI
Metro San Bernardo,Estaciones de autobús,TRANSPORTE,"Centro, 28015 Madrid, Spain",4,7,—,Abierto,40.4293,-3.70544,https://maps.google.com/?cid=5581835361468834642,,,,NO,NO
Cine Yelmo Luxury Palafox,"Cines, Teatros",CULTURA OCIO Y NATURALEZA,"C. de Luchana, 15, Chamberí, 28010 Madrid, Spain","4,4",3495,—,Abierto,40.43,-3.70086,https://maps.google.com/?cid=9723027248171381509,http://www.yelmocines.es/,,,NO,SI
Mistura Ice Cream,Cafés,COMIDA Y BEBIDA,"Calle de Cdad. Rodrigo, 6, Centro, 28012 Madrid, Spain","4,4",907,Moderado,Abierto,40.4158,-3.70847,https://maps.google.com/?cid=4138352769828643160,http://misturaicecream.com/,Monday: 1:00PM–12:00AM | Tuesday: 1:00PM–12:00AM | Wednesday: 1:00PM–12:00AM | Thursday: 1:00PM–12:00AM | Friday: 10:00AM–1:00AM | Saturday: 10:00AM–1:00AM | Sunday: 10:00AM–12:00AM,810 52 46 41,NO,SI
Barbería Conde Duque ??- cortes y barbas -??,"Piscinas, Spas",ESPACIOS DEPORTIVOS,"C. de Juan de Dios, 1, Centro, 28015 Madrid, Spain","4,8",215,—,Abierto,40.4253,-3.71019,https://maps.google.com/?cid=14114048777691889706,,"Monday: 10:00AM–2:00PM, 5:00–8:00PM | Tuesday: 10:00AM–2:00PM, 5:00–8:00PM | Wednesday: 10:00AM–2:00PM, 5:00–8:00PM | Thursday: 10:00AM–2:00PM, 5:00–8:00PM | Friday: 10:00AM–2:00PM, 5:00–8:00PM | Saturday: 9:00AM–2:00PM | Sunday: Closed",910 16 12 13,NO,SI
Elastic Rights S L,"Cines, Teatros",CULTURA OCIO Y NATURALEZA,"Calle Velázquez, 30, Salamanca, 28001 Madrid, Spain","4,8",4,—,Abierto,40.4247,-3.68389,https://maps.google.com/?cid=6958195467912047725,,Monday: Closed | Tuesday: Closed | Wednesday: 12:00PM–12:00AM | Thursday: 12:00PM–12:00AM | Friday: 12:00PM–12:00AM | Saturday: 12:00PM–12:00AM | Sunday: 12:00PM–12:00AM,917 81 77 03,NO,NO
Antigua Pastelería del Pozo,Panaderías,COMIDA Y BEBIDA,"C. del Pozo, 8, Centro, 28012 Madrid, Spain","4,5",973,Moderado,Cerrado temporalmente,40.4162,-3.7012,https://maps.google.com/?cid=3401292583173972691,https://antiguapasteleriadelpozo.com/,,915 22 38 94,NO,NO
Perez Galdos Bookstore,"Librerías, Mercados, Perfumerías, Tiendas","COMIDA Y BEBIDA, TIENDAS","C/ de Hortaleza, 5, Centro, 28004 Madrid, Spain","4,5",355,—,Abierto,40.4205,-3.70109,https://maps.google.com/?cid=13452432634522094824,http://www.perezgaldos.com/,Monday: 10:30AM–8:30PM | Tuesday: 10:30AM–8:30PM | Wednesday: 10:30AM–8:30PM | Thursday: 10:30AM–8:30PM | Friday: 10:30AM–8:30PM | Saturday: 11:00AM–2:30PM | Sunday: Closed,915 31 26 40,NO,NO
Laura López Coto Bioseitai Katsugen Undo,Colegios,EDUCACIÓN,"Dirección Fiscal, C. del Álamo, 3, Centro, 28015 Madrid, Spain",5,7,—,Abierto,40.4238,-3.70911,https://maps.google.com/?cid=7953860624813360102,https://www.bioseitai.com/,,624 50 31 79,NO,NO
San Bernardo,Estaciones de metro,TRANSPORTE,"Chamberí, 28015 Madrid, Spain","4,1",100,—,Abierto,40.4298,-3.70605,https://maps.google.com/?cid=16535787930259190896,,,,NO,NO
Parking Mayor,Aparcamientos,GASOLINERAS Y APARCAMIENTOS,"C. de Zaragoza, 9, Centro, 28012 Madrid, Spain","3,5",136,—,Abierto,40.4153,-3.70637,https://maps.google.com/?cid=2451785663927298773,,Monday: Open 24 hours | Tuesday: Open 24 hours | Wednesday: Open 24 hours | Thursday: Open 24 hours | Friday: Open 24 hours | Saturday: Open 24 hours | Sunday: Open 24 hours,914 06 88 10,NO,SI
Tienda Erótica amantis - Rastro,"Mercados, Perfumerías, Tiendas","COMIDA Y BEBIDA, TIENDAS","C/ de la Ribera de Curtidores, 10, Centro, 28005 Madrid, Spain","4,8",109,—,Abierto,40.4086,-3.70751,https://maps.google.com/?cid=6225580417750551127,https://www.amantis.net/tiendas/amantis-curtidores/,Monday: 10:00AM–9:00PM | Tuesday: 10:00AM–9:00PM | Wednesday: 10:00AM–9:00PM | Thursday: 10:00AM–9:00PM | Friday: 10:00AM–9:00PM | Saturday: 10:00AM–9:00PM | Sunday: 10:00AM–9:00PM,917 95 83 91,NO,SI
Church of Saint Manuel and Saint Benedict,"Basílicas, Catedrales, Conventos, Ermitas, Iglesias, Monasterios, Montañas, Oficinas de turismo, Senderismo","CULTURA OCIO Y NATURALEZA, ESPACIOS DEPORTIVOS, ESPACIOS RELIGIOSOS, OFICINAS DE TURISMO","C. Alcalá, 83, Salamanca, 28009 Madrid, Spain","4,7",1806,—,Abierto,40.4209,-3.68615,https://maps.google.com/?cid=9828928468586200535,http://www.samasabe.es/,"Monday: Closed | Tuesday: 10:00–11:00AM, 6:00–8:00PM | Wednesday: 6:00–8:00PM | Thursday: 6:00–8:00PM | Friday: 6:00–8:00PM | Saturday: Closed | Sunday: Closed",914 35 76 82,NO,SI
Vitaminate - Centro de Pilates y de Terapias de Recuperación,Gimnasios,ESPACIOS DEPORTIVOS,"Calle de San Isidoro de Sevilla, 9, Arganzuela, 28005 Madrid, Spain",4,76,—,Cerrado temporalmente,40.4042,-3.71011,https://maps.google.com/?cid=11992752508267613937,http://www.tevitamina.es/,,911 40 39 15,NO,SI
Pedro Salinas Library,Bibliotecas,EDUCACIÓN,"Gta. de la Prta de Toledo, 1, Centro, 28005 Madrid, Spain","3,9",445,—,Abierto,40.407,-3.71089,https://maps.google.com/?cid=556523731599270694,https://www.comunidad.madrid/centros/biblioteca-publica-pedro-salinas-centro,Monday: 9:00AM–9:00PM | Tuesday: 9:00AM–9:00PM | Wednesday: 9:00AM–9:00PM | Thursday: 9:00AM–9:00PM | Friday: 9:00AM–9:00PM | Saturday: Closed | Sunday: Closed,913 66 54 07,NO,SI
Embajada de México,"Consulados, Embajadas",GOBIERNO,"Cra de S. Jerónimo, 46, Centro, 28014 Madrid, Spain","3,7",549,—,Abierto,40.416,-3.69733,https://maps.google.com/?cid=9354569648704122381,https://embamex.sre.gob.mx/espana/index.php,Monday: 9:00AM–1:00PM | Tuesday: 9:00AM–1:00PM | Wednesday: 9:00AM–1:00PM | Thursday: 9:00AM–1:00PM | Friday: 9:00AM–1:00PM | Saturday: Closed | Sunday: Closed,913 69 28 14,NO,SI
Mercado de la Reina 12,"Bares, Cervecerías, Coctelerías, Restaurantes, Tapas, Vegano, Vegetariano","COMIDA Y BEBIDA, LOCALES DE OCIO NOCTURNO","Gran Vía, 12, Centro, 28013 Madrid, Spain","4,2",7507,Moderado,Abierto,40.4196,-3.69876,https://maps.google.com/?cid=11849979620413171376,https://www.mercadodelareina.es/,Monday: 9:00AM–1:00AM | Tuesday: 9:00AM–1:00AM | Wednesday: 9:00AM–1:00AM | Thursday: 9:00AM–1:00AM | Friday: 9:00AM–2:00AM | Saturday: 10:00AM–2:00AM | Sunday: 10:00AM–1:00AM,915 21 31 98,SI,NO
Adefarma Asociación de Empresarios Farmaceuticos de Madrid,Farmacias,SALUD,"Calle de Sta Engracia, 17, Chamberí, 28010 Madrid, Spain",4,2,—,Abierto,40.4301,-3.69702,https://maps.google.com/?cid=14840383621512391059,https://www.adefarma.es/,Monday: 9:30AM–2:00PM | Tuesday: 9:30AM–2:00PM | Wednesday: 9:30AM–2:00PM | Thursday: 9:30AM–2:00PM | Friday: 9:30AM–2:00PM | Saturday: Closed | Sunday: Closed,914 46 62 10,NO,SI
Independance Club,"Bares, Cervecerías, Coctelerías, Discotecas","COMIDA Y BEBIDA, LOCALES DE OCIO NOCTURNO","C. de Atocha, 127, Centro, 28012 Madrid, Spain","3,7",3039,Barato,Abierto,40.4096,-3.69298,https://maps.google.com/?cid=2252486245794309274,https://www.independanceclub.com/,Monday: Closed | Tuesday: Closed | Wednesday: Closed | Thursday: 11:30PM–5:00AM | Friday: 11:30PM–6:00AM | Saturday: 11:30PM–6:00AM | Sunday: Closed,683 51 64 74,SI,NO
La Estival Plaza de España Madrid,"Cines, Teatros",CULTURA OCIO Y NATURALEZA,"Plaza de España, 1, Centro, 28008 Madrid, Spain","3,8",142,—,Abierto,40.4228,-3.71144,https://maps.google.com/?cid=16358799077440073026,http://www.laestival.com/,Monday: 5:00PM–1:00AM | Tuesday: 5:00PM–1:00AM | Wednesday: 5:00PM–1:00AM | Thursday: 5:00PM–1:00AM | Friday: 5:00PM–2:30AM | Saturday: 12:00PM–2:30AM | Sunday: 12:00PM–1:00AM,,NO,SI
Centro Estatal de Documentación e Información de Servicios Sociales (CEDISS),Bibliotecas,EDUCACIÓN,"C. de las Huertas, 73, Centro, 28014 Madrid, Spain",0,0,—,Abierto,40.413,-3.69492,https://maps.google.com/?cid=9548637365081379331,https://bibliotecavirtual.mitramiss.gob.es/cgi-bin/opaccediss.exe,Monday: 9:00AM–2:00PM | Tuesday: 9:00AM–2:00PM | Wednesday: 9:00AM–2:00PM | Thursday: 9:00AM–2:00PM | Friday: 9:00AM–2:00PM | Saturday: Closed | Sunday: Closed,913 63 36 04,NO,SI
ITAD (Instituto de Psicoterapia Familiar Sistémica y Adicciones),Clínicas,SALUD,"Calle San Agustín 7, 1º Ext Derecha, Centro, 28014 Madrid, Spain","4,3",27,—,Abierto,40.4148,-3.69673,https://maps.google.com/?cid=7002175856173310092,https://itadsistemica.com/,Monday: 9:00AM–10:00PM | Tuesday: 9:00AM–10:00PM | Wednesday: 9:00AM–10:00PM | Thursday: 9:00AM–10:00PM | Friday: 9:00AM–9:00PM | Saturday: Closed | Sunday: Closed,914 29 94 00,NO,NO
INNADI - School of Design (Fashion & Interior Design),Universidades,EDUCACIÓN,"C. de Méndez Álvaro, 20, Arganzuela, 28045 Madrid, Spain","4,6",46,—,Abierto,40.4041,-3.6899,https://maps.google.com/?cid=18014904684699336730,https://www.innadi.com/,Monday: 10:00AM–2:00PM | Tuesday: 10:00AM–2:00PM | Wednesday: 10:00AM–2:00PM | Thursday: 10:00AM–2:00PM | Friday: 10:00AM–2:00PM | Saturday: Closed | Sunday: Closed,910 29 92 34,NO,SI
Centro De Psicodiagnostico Y Recuperacion Infantil S.l.,Colegios,EDUCACIÓN,"Calle del Divino Pastor, 26, Centro, 28004 Madrid, Spain",5,1,—,Abierto,40.4279,-3.70521,https://maps.google.com/?cid=8562194308123017259,http://www.lecturayaprendizaje.com/,Monday: 9:00AM–5:00PM | Tuesday: 9:00AM–5:00PM | Wednesday: 9:00AM–5:00PM | Thursday: 9:00AM–5:00PM | Friday: 9:00AM–5:00PM | Saturday: Closed | Sunday: Closed,914 46 11 83,NO,NO
Estamos en ello,Galerías de arte,CULTURA OCIO Y NATURALEZA,"Calle de Martín de los Heros, 27, Centro, 28008 Madrid, Spain",0,0,—,Abierto,40.4235,-3.70545,https://maps.google.com/?cid=8474726161537967986,http://www.enello.es/,,,NO,NO
Ballenoil Imperial,Gasolineras,GASOLINERAS Y APARCAMIENTOS,"Ronda de Segovia, 37, Centro, Centro, 28005 Madrid, Spain","2,7",41,—,Abierto,40.4102,-3.71752,https://maps.google.com/?cid=10782008047570681552,https://www.ballenoil.es/,Monday: Open 24 hours | Tuesday: Open 24 hours | Wednesday: Open 24 hours | Thursday: Open 24 hours | Friday: Open 24 hours | Saturday: Open 24 hours | Sunday: Open 24 hours,900 730 760,NO,NO
Secondary Bilingual Cervantes Institute,Colegios,EDUCACIÓN,"C. de Embajadores, 70, Centro, 28012 Madrid, Spain",0,0,—,Abierto,40.4059,-3.70318,https://maps.google.com/?cid=352124481883407515,https://www.educa2.madrid.org/web/centro.ies.cervantes.madrid,Monday: 8:00AM–9:30PM | Tuesday: 8:00AM–9:30PM | Wednesday: 8:00AM–9:30PM | Thursday: 8:00AM–9:30PM | Friday: 8:00AM–9:30PM | Saturday: Closed | Sunday: Closed,915 28 55 12,NO,SI
Agata de Fuego,Joyerías,TIENDAS,"C. del León, 3, Centro, 28014 Madrid, Spain","4,8",34,—,Abierto,40.4145,-3.69859,https://maps.google.com/?cid=4835152849283103773,,"Monday: 10:30AM–2:30PM, 4:30–8:30PM | Tuesday: 10:30AM–2:30PM, 4:30–8:30PM | Wednesday: 10:30AM–2:30PM, 4:30–8:30PM | Thursday: 10:30AM–2:30PM, 4:30–8:30PM | Friday: 10:30AM–2:30PM, 4:30–8:30PM | Saturday: 10:30AM–2:30PM, 4:30–8:30PM | Sunday: Closed",914 29 37 39,NO,NO
Aparcamientos Riscal,Aparcamientos,GASOLINERAS Y APARCAMIENTOS,"C. del Monte Esquinza, 34, Chamberí, 28010 Madrid, Spain","3,4",45,—,Abierto,40.4299,-3.69178,https://maps.google.com/?cid=13156828792736322041,,,,NO,SI
Sevilla,Estaciones de autobús,TRANSPORTE,"Centro, 28014 Madrid, Spain",5,1,—,Abierto,40.4173,-3.70013,https://maps.google.com/?cid=6866438698175358742,,,,NO,SI
Naos Libros,Librerías,TIENDAS,"C. de Quintana, 12, Moncloa - Aravaca, 28008 Madrid, Spain","4,7",256,—,Abierto,40.4281,-3.717,https://maps.google.com/?cid=11730039670047719411,http://www.naoslibros.es/,Monday: Closed | Tuesday: Closed | Wednesday: Closed | Thursday: Closed | Friday: 10:00AM–2:00PM | Saturday: Closed | Sunday: Closed,628 64 92 73,NO,NO
Estación de Servicio Repsol,Gasolineras,GASOLINERAS Y APARCAMIENTOS,"C. de Bravo Murillo, 12, Chamberí, 28015 Madrid, Spain","2,5",28,—,Cerrado temporalmente,40.4347,-3.70416,https://maps.google.com/?cid=4466251894077220231,https://www.repsol.es/buscador-eess-y-puntos-de-recarga/madrid/madrid/cl-bravo-murillo-12/,,607 15 70 08,NO,NO
My Workout Entrenador personal,Gimnasios,ESPACIOS DEPORTIVOS,"Calle de Larra, 19, Centro, 28004 Madrid, Spain",5,11,—,Abierto,40.4282,-3.70046,https://maps.google.com/?cid=90079471239930667,https://myworkoutstudio.com/,Monday: 7:30AM–9:00PM | Tuesday: 7:30AM–9:00PM | Wednesday: 7:30AM–9:00PM | Thursday: 7:30AM–9:00PM | Friday: 7:30AM–9:00PM | Saturday: Closed | Sunday: Closed,635 51 38 98,NO,NO
Asociación Madrileña de Distribuidores Carburantes,Gasolineras,GASOLINERAS Y APARCAMIENTOS,"C. del Conde de Xiquena, 9, Centro, 28004 Madrid, Spain",4,2,—,Abierto,40.4229,-3.69433,https://maps.google.com/?cid=11446633279435756282,,,915 24 14 39,NO,NO
Public school Mella,Colegios,EDUCACIÓN,"C. de Bailén, 18, Centro, 28005 Madrid, Spain",0,0,—,Abierto,40.4121,-3.71398,https://maps.google.com/?cid=7827601122602996509,http://www.ceipvazquezdemella.org/,,913 65 48 78,NO,SI
AZURA,Joyerías,TIENDAS,"C. del Mesón de Paredes, 12, Centro, 28012 Madrid, Spain",5,1,—,Abierto,40.4112,-3.70502,https://maps.google.com/?cid=11778352946670118626,,Monday: 9:30AM–7:00PM | Tuesday: 9:30AM–7:00PM | Wednesday: 9:30AM–7:00PM | Thursday: 9:30AM–7:00PM | Friday: 9:30AM–7:00PM | Saturday: Closed | Sunday: Closed,915 27 21 44,NO,NO
Supermercados Dia,"Panaderías, Supermercados",COMIDA Y BEBIDA,"Corre. Baja de San Pablo, 39, Centro, 28004 Madrid, Spain","3,9",794,—,Abierto,40.4229,-3.70318,https://maps.google.com/?cid=13116358192459823679,http://www.dia.es/compra-online/,Monday: 8:00AM–11:00PM | Tuesday: 8:00AM–11:00PM | Wednesday: 8:00AM–11:00PM | Thursday: 8:00AM–11:00PM | Friday: 8:00AM–11:00PM | Saturday: 8:00AM–11:00PM | Sunday: 8:00AM–11:00PM,912 17 04 53,NO,SI
Tienda Comics Madrid ? Elektra Cómic,Librerías,TIENDAS,"C. de Fray Luis de León, 14, Arganzuela, 28012 Madrid, Spain","4,5",1669,—,Abierto,40.4036,-3.69818,https://maps.google.com/?cid=11682598817257333362,https://elektracomic.com/,"Monday: 10:30AM–2:30PM, 5:00–8:00PM | Tuesday: 10:30AM–2:30PM, 5:00–8:00PM | Wednesday: 10:30AM–2:30PM, 5:00–8:00PM | Thursday: 10:30AM–2:30PM, 5:00–8:00PM | Friday: 10:30AM–2:30PM, 5:00–8:00PM | Saturday: 11:00AM–2:00PM | Sunday: Closed",915 21 39 75,NO,NO
Discoteca El Son,"Bares, Cervecerías, Coctelerías, Discotecas","COMIDA Y BEBIDA, LOCALES DE OCIO NOCTURNO","C. de la Victoria, 6, Centro, 28012 Madrid, Spain","4,1",3492,Moderado,Abierto,40.416,-3.70174,https://maps.google.com/?cid=5860788032793224470,,Monday: 9:30PM–5:30AM | Tuesday: 9:30PM–5:30AM | Wednesday: 9:30PM–5:30AM | Thursday: 9:30PM–5:30AM | Friday: 9:30PM–5:30AM | Saturday: 9:30PM–5:30AM | Sunday: 9:30PM–5:30AM,671 05 67 91,SI,NO
El Corte Inglés Preciados,Centros comerciales,TIENDAS,"C. de Preciados, 3, Centro, 28013 Madrid, Spain","4,3",18393,—,Abierto,40.4176,-3.70467,https://maps.google.com/?cid=3566082084036373619,https://www.elcorteingles.es/centroscomerciales/es/eci/centros/centro-comercial-preciados-callao,Monday: 10:00AM–10:00PM | Tuesday: 10:00AM–10:00PM | Wednesday: 10:00AM–10:00PM | Thursday: 10:00AM–10:00PM | Friday: 10:00AM–10:00PM | Saturday: 10:00AM–10:00PM | Sunday: 11:00AM–9:00PM,913 79 80 00,NO,SI
Royal Palace of Madrid,"Montañas, Oficinas de turismo, Senderismo","CULTURA OCIO Y NATURALEZA, ESPACIOS DEPORTIVOS, OFICINAS DE TURISMO","Centro, 28071 Madrid, Spain","4,7",119885,—,Abierto,40.4179,-3.71431,https://maps.google.com/?cid=3350656655825979473,https://www.patrimonionacional.es/visita/palacio-real-de-madrid,Monday: 10:00AM–6:00PM | Tuesday: 10:00AM–6:00PM | Wednesday: 10:00AM–6:00PM | Thursday: 10:00AM–6:00PM | Friday: 10:00AM–6:00PM | Saturday: 10:00AM–6:00PM | Sunday: 10:00AM–3:00PM,914 54 87 00,NO,SI
The Makeup Art Studio,Colegios,EDUCACIÓN,"C. de San Bernardo, 5, Centro, 28013 Madrid, Spain",0,0,—,Abierto,40.421,-3.70843,https://maps.google.com/?cid=1321233631200658921,http://www.juanpachecomakeup.com/,,911 70 40 79,NO,NO
Kirosur Madrid. School quiromasaje,"Piscinas, Spas",ESPACIOS DEPORTIVOS,"Calle de San Isidoro de Sevilla, 9, Arganzuela, 28005 Madrid, Spain","4,6",9,—,Cerrado temporalmente,40.4042,-3.71014,https://maps.google.com/?cid=17926775720364939208,,,913 66 58 88,NO,NO
Clínica Odontal,Clínicas,SALUD,"C. Mayor, 6, Tercera planta, Centro, 28013 Madrid, Spain","4,5",97,—,Cerrado temporalmente,40.4165,-3.70571,https://maps.google.com/?cid=10660646298685540989,http://www.odontal.com/,,915 21 53 20,NO,SI
Cerralbo Museum,"Centros culturales, Montañas, Museos, Oficinas de turismo, Senderismo","CULTURA OCIO Y NATURALEZA, ESPACIOS DEPORTIVOS, OFICINAS DE TURISMO","C. de Ventura Rodríguez, 17, Moncloa - Aravaca, 28008 Madrid, Spain","4,6",8700,—,Abierto,40.4237,-3.71454,https://maps.google.com/?cid=6734621693863752616,https://www.cultura.gob.es/mcerralbo/home.html,"Monday: Closed | Tuesday: 9:30AM–2:00PM | Wednesday: 9:30AM–2:00PM | Thursday: 9:30AM–2:00PM, 5:00–7:00PM | Friday: 9:30AM–2:00PM | Saturday: 9:30AM–2:00PM | Sunday: 10:00AM–3:00PM",915 47 36 46,NO,SI
La Tortuga Feliz,Gimnasios,ESPACIOS DEPORTIVOS,"C. del Dos de Mayo, 10, Centro, 28004 Madrid, Spain",5,11,—,Abierto,40.4264,-3.7041,https://maps.google.com/?cid=12826970347446142667,https://latortugafeliz.es/,Monday: 12:00–10:00PM | Tuesday: 12:00–10:00PM | Wednesday: 12:00–10:00PM | Thursday: 12:00–10:00PM | Friday: 12:00–10:00PM | Saturday: Closed | Sunday: Closed,619 13 41 77,NO,NO
hutbit Sonido bodas y eventos,Discotecas,LOCALES DE OCIO NOCTURNO,"C. de Evaristo San Miguel, 22, Moncloa - Aravaca, 28008 Madrid, Spain",0,0,—,Abierto,40.426,-3.71649,https://maps.google.com/?cid=1130911656159468406,,,639 83 81 14,NO,NO
Real Embajada Noruega,"Consulados, Embajadas",GOBIERNO,"Calle de Génova, 2, Chamberí, 28010 Madrid, Spain",0,0,—,Abierto,40.4259,-3.69108,https://maps.google.com/?cid=17346253500559398870,https://www.norway.no/es/spain/noruega-espana/saludo-del-embajador/,,914 36 38 40,NO,NO
Alfredo's Barbacoa,"Restaurantes, Tapas, Vegano, Vegetariano",COMIDA Y BEBIDA,"Calle de Lagasca, 5, Salamanca, 28001 Madrid, Spain","4,1",4250,Barato,Abierto,40.4213,-3.68589,https://maps.google.com/?cid=9271576501900596452,http://www.alfredos-barbacoa.es/,Monday: 1:30–11:30PM | Tuesday: 1:30–11:30PM | Wednesday: 1:30–11:30PM | Thursday: 1:30–11:30PM | Friday: 1:30–11:30PM | Saturday: 1:30–11:30PM | Sunday: 1:30–11:30PM,915 76 62 71,SI,NO
Patio jardín madrid,"Jardines, Parques, Parques naturales",CULTURA OCIO Y NATURALEZA,"C. del Marqués de Cubas, 2, Centro, 28014 Madrid, Spain",0,0,—,Abierto,40.4181,-3.69582,https://maps.google.com/?cid=15353065130405571753,,,,NO,SI
Athens Park,"Jardines, Parques, Parques naturales",CULTURA OCIO Y NATURALEZA,"C. de Segovia, 28, Centro, 28005 Madrid, Spain","4,4",5007,—,Abierto,40.4145,-3.71879,https://maps.google.com/?cid=18016852078199908820,http://www.madrid.es/,Monday: Open 24 hours | Tuesday: Open 24 hours | Wednesday: Open 24 hours | Thursday: Open 24 hours | Friday: Open 24 hours | Saturday: Open 24 hours | Sunday: Open 24 hours,915 29 82 10,NO,SI
La Casa De Los Altavoces,"Mercados, Perfumerías, Tiendas","COMIDA Y BEBIDA, TIENDAS","Calle Válgame Dios, 5, BAJO, Centro, 28004 Madrid, Spain","4,4",73,—,Abierto,40.4224,-3.69681,https://maps.google.com/?cid=9311230838080331897,https://www.lacasadelosaltavoces.com/,,607 33 86 10,NO,SI
Chollo Games,"Mercados, Perfumerías, Tiendas","COMIDA Y BEBIDA, TIENDAS","C. del Arenal, 8, 1ª Planta Local 18 Centro Comercial, Centro, 28013 Madrid, Spain","4,4",964,—,Abierto,40.4172,-3.70539,https://maps.google.com/?cid=12447019392072100075,https://www.chollogames.es/?utm_source=google&utm_medium=organic&utm_campaign=ficha-gmb,"Monday: 11:00AM–2:00PM, 4:00–8:00PM | Tuesday: 11:00AM–2:00PM, 4:00–8:00PM | Wednesday: 11:00AM–2:00PM, 4:00–8:00PM | Thursday: 11:00AM–2:00PM, 4:00–8:00PM | Friday: 11:00AM–2:00PM, 4:00–8:00PM | Saturday: 11:00AM–2:00PM, 4:00–8:00PM | Sunday: Closed",915 23 23 93,NO,NO
Farmacia Sagasta,Farmacias,SALUD,"C. de Sagasta, 21, Chamberí, 28004 Madrid, Spain","4,6",10,—,Abierto,40.4286,-3.69879,https://maps.google.com/?cid=6073296989267126538,,Monday: 9:30AM–9:30PM | Tuesday: 9:30AM–9:30PM | Wednesday: 9:30AM–9:30PM | Thursday: 9:30AM–9:30PM | Friday: 9:30AM–9:30PM | Saturday: 10:00AM–2:00PM | Sunday: Closed,914 45 91 98,NO,SI
"Parking Calle de la Salud, 4",Aparcamientos,GASOLINERAS Y APARCAMIENTOS,"C. de la Salud, 4, Centro, 28013 Madrid, Spain","2,6",27,—,Abierto,40.4185,-3.704,https://maps.google.com/?cid=6744992976974112015,,,,NO,SI
plaza pedro zerolo,"Jardines, Parques, Parques naturales",CULTURA OCIO Y NATURALEZA,"Pl. de Pedro Zerolo, Centro, 28004 Madrid, Spain",0,0,—,Abierto,40.4208,-3.69908,https://maps.google.com/?cid=277478025201858024,,,,NO,NO
Pasajes,Librerías,TIENDAS,"Calle de Génova, 3, Chamberí, 28004 Madrid, Spain","4,7",1146,—,Abierto,40.4274,-3.69492,https://maps.google.com/?cid=3611201581063221007,http://www.pasajeslibros.com/,Monday: 10:00AM–8:30PM | Tuesday: 10:00AM–8:30PM | Wednesday: 10:00AM–8:30PM | Thursday: 10:00AM–8:30PM | Friday: 10:00AM–8:30PM | Saturday: 10:00AM–8:30PM | Sunday: Closed,913 10 12 45,NO,NO
Mulaya & ameè,Tiendas de ropa,TIENDAS,"C. de Toledo, 34, Centro, 28005 Madrid, Spain","3,8",970,—,Abierto,40.4128,-3.70764,https://maps.google.com/?cid=12805448689812964674,https://mulaya.com/,Monday: 10:00AM–9:00PM | Tuesday: 10:00AM–9:00PM | Wednesday: 10:00AM–9:00PM | Thursday: 10:00AM–9:00PM | Friday: 10:00AM–9:00PM | Saturday: 10:00AM–9:30PM | Sunday: 10:00AM–9:00PM,913 66 02 87,NO,SI
Galería Parra & Romero,Galerías de arte,CULTURA OCIO Y NATURALEZA,"C. de Claudio Coello, 14, Salamanca, 28001 Madrid, Spain","4,4",14,—,Abierto,40.422,-3.68683,https://maps.google.com/?cid=2694973609330292786,https://www.parra-romero.com/,Monday: 10:30AM–7:30PM | Tuesday: 10:30AM–7:30PM | Wednesday: 10:30AM–7:30PM | Thursday: 10:30AM–7:30PM | Friday: 10:30AM–7:30PM | Saturday: 11:00AM–2:00PM | Sunday: Closed,915 76 28 13,NO,NO
Escuela Oficial de Idiomas Madrid-Tribunal,Colegios,EDUCACIÓN,"Calle de Sta. Brígida, 10, Centro, 28004 Madrid, Spain","3,7",145,—,Abierto,40.4244,-3.69959,https://maps.google.com/?cid=12214906055957094479,http://eoimadridtribunal.com/,,915 21 32 86,NO,NO
Eurostars Madrid Gran Vía,"Albergues, Apartamentos turísticos, Campos de golf, Hostales, Hoteles, Templos budistas","ALOJAMIENTOS, ESPACIOS DEPORTIVOS, ESPACIOS RELIGIOSOS","C. de Leganitos, 13, Centro, 28013 Madrid, Spain","4,1",1422,—,Abierto,40.4212,-3.70991,https://maps.google.com/?cid=14580862838949100788,https://www.eurostarshotels.com/eurostars-madrid-gran-via.html?referer_code=lb0gg00yx&utm_source=google&utm_medium=business&utm_campaign=lb0gg00yx,,915 48 76 40,NO,SI
Galeria de arte Fernández-Braso,Galerías de arte,CULTURA OCIO Y NATURALEZA,"C. de Villanueva, 30, Salamanca, 28001 Madrid, Spain","4,3",52,—,Cerrado temporalmente,40.4222,-3.68504,https://maps.google.com/?cid=3312834804244923264,https://www.galeriafernandez-braso.com/?utm_source=google%20bussines&utm_medium=businnes&utm_campaign=Trafico%20desde%20google%20Businnes,,915 75 98 17,NO,SI
Hotel NH Collection Madrid Palacio de Tepa,"Campos de golf, Templos budistas","ESPACIOS DEPORTIVOS, ESPACIOS RELIGIOSOS","C. de San Sebastián, 2, Centro, 28012 Madrid, Spain","4,6",1286,—,Abierto,40.4138,-3.70161,https://maps.google.com/?cid=16486006128918260646,https://www.nh-hotels.com/en/hotel/nh-collection-madrid-palacio-de-tepa?utm_campaign=local-gmb&utm_medium=organic_search&utm_source=google_gmb,Monday: Open 24 hours | Tuesday: Open 24 hours | Wednesday: Open 24 hours | Thursday: Open 24 hours | Friday: Open 24 hours | Saturday: Open 24 hours | Sunday: Open 24 hours,913 89 64 90,NO,SI
Restaurante El Senador,"Restaurantes, Tapas, Vegano, Vegetariano",COMIDA Y BEBIDA,"Pl. de la Marina Española, 2, Centro, 28013 Madrid, Spain","4,5",1533,Moderado,Abierto,40.4206,-3.71146,https://maps.google.com/?cid=11691992337838398695,http://www.restaurantesenador.es/,Monday: 1:00–11:00PM | Tuesday: 1:00–11:00PM | Wednesday: 1:00–11:00PM | Thursday: 1:00–11:00PM | Friday: 1:00–11:00PM | Saturday: 1:00–11:00PM | Sunday: 1:00–4:00PM,915 41 22 21,SI,NO
Farmacia Ayllón,Farmacias,SALUD,"P.º de la Esperanza, 2, Arganzuela, 28005 Madrid, Spain","4,3",218,—,Abierto,40.4036,-3.70654,https://maps.google.com/?cid=17958362180320475504,http://www.ayllonfarmacia.com/,Monday: 9:00AM–9:30PM | Tuesday: 9:00AM–9:30PM | Wednesday: 9:00AM–9:30PM | Thursday: 9:00AM–9:30PM | Friday: 9:00AM–9:30PM | Saturday: 9:30AM–9:30PM | Sunday: 9:30AM–9:30PM,914 67 41 29,NO,SI
Biblioteca de la ETSI y Diseño Industrial UPM,Bibliotecas,EDUCACIÓN,"Rda. de Valencia, 3, Arganzuela, 28012 Madrid, Spain","3,5",4,—,Abierto,40.4054,-3.7006,https://maps.google.com/?cid=2682152259743640990,http://www.upm.es/UPM/Biblioteca/NuestraBiblioteca/BibliotecasCentros/ETSIDisenoIndustrial,Monday: 8:30AM–2:00PM | Tuesday: 8:30AM–2:00PM | Wednesday: 8:30AM–2:00PM | Thursday: 8:30AM–2:00PM | Friday: 8:30AM–2:00PM | Saturday: Closed | Sunday: Closed,910 67 74 20,NO,SI
Entre 3 Peluquería y Belleza,"Piscinas, Spas",ESPACIOS DEPORTIVOS,"C. de Tetuán, 3, Centro, 28013 Madrid, Spain","4,6",125,—,Abierto,40.4174,-3.70558,https://maps.google.com/?cid=3249233041244909808,http://www.entre3peluqueriaybelleza.com/,Monday: 10:00AM–6:00PM | Tuesday: 10:00AM–6:00PM | Wednesday: 10:00AM–6:00PM | Thursday: 10:00AM–6:00PM | Friday: 10:00AM–6:00PM | Saturday: 10:00AM–3:00PM | Sunday: Closed,913 66 44 68,NO,SI
Vincci Capitol Hotel,"Albergues, Apartamentos turísticos, Campos de golf, Hostales, Hoteles, Templos budistas","ALOJAMIENTOS, ESPACIOS DEPORTIVOS, ESPACIOS RELIGIOSOS","Gran Vía, 41, Centro, 28013 Madrid, Spain","4,4",2696,—,Abierto,40.4204,-3.70658,https://maps.google.com/?cid=13386880775496442093,https://www.vinccicapitol.com/?utm_source=google&utm_medium=organic&utm_campaign=GoogleMyBusiness&partner=8221,,915 21 83 91,NO,SI
Cine Capitol,"Cines, Teatros",CULTURA OCIO Y NATURALEZA,"Gran Vía, 41, Centro, 28013 Madrid, Spain","4,2",6777,—,Abierto,40.4204,-3.70658,https://maps.google.com/?cid=13598409468915719680,http://www.capitolgranvia.com/,Monday: 3:30–10:00PM | Tuesday: 3:30–10:00PM | Wednesday: 3:30–10:00PM | Thursday: 3:30–10:00PM | Friday: 3:30–10:00PM | Saturday: 3:30–10:00PM | Sunday: 3:30–10:00PM,915 22 22 29,NO,SI
Tirso Papel y Bolsas,"Mercados, Perfumerías, Tiendas","COMIDA Y BEBIDA, TIENDAS","C. de Jesús y María, 4, Centro, 28012 Madrid, Spain","4,5",168,—,Abierto,40.4119,-3.70444,https://maps.google.com/?cid=16585277952728133037,http://www.tirsopapelybolsas.com/,"Monday: 9:30AM–2:00PM, 4:45–8:00PM | Tuesday: 9:30AM–2:00PM, 4:45–8:00PM | Wednesday: 9:30AM–2:00PM, 4:45–8:00PM | Thursday: 9:30AM–2:00PM, 4:45–8:00PM | Friday: 9:30AM–2:00PM, 4:45–8:00PM | Saturday: 9:30AM–1:30PM | Sunday: Closed",913 69 01 85,NO,NO
Carrefour Express,Supermercados,COMIDA Y BEBIDA,"C. de Toledo, 69, Centro, 28005 Madrid, Spain","3,6",323,—,Abierto,40.4108,-3.70849,https://maps.google.com/?cid=5006240356155395058,https://www.carrefour.es/tiendas-carrefour/supermercados/carrefour-express/carrefour_expres_calle_toledo_madrid.aspx,Monday: 8:30AM–12:00AM | Tuesday: 8:30AM–12:00AM | Wednesday: 8:30AM–12:00AM | Thursday: 8:30AM–12:00AM | Friday: 8:30AM–12:00AM | Saturday: 8:30AM–12:00AM | Sunday: 8:30AM–12:00AM,618 16 97 70,NO,SI
Horno La Santiaguesa,"Mercados, Panaderías, Perfumerías, Tiendas","COMIDA Y BEBIDA, TIENDAS","C. Mayor, 73, Centro, 28013 Madrid, Spain","4,1",476,Caro,Abierto,40.4152,-3.71187,https://maps.google.com/?cid=8442020323732727977,,Monday: 8:30AM–9:30PM | Tuesday: 8:30AM–9:30PM | Wednesday: 8:30AM–9:30PM | Thursday: 8:30AM–9:30PM | Friday: 8:30AM–9:30PM | Saturday: 8:30AM–9:30PM | Sunday: 9:00AM–9:00PM,915 59 62 14,NO,NO
AyA Coleccionistas,Joyerías,TIENDAS,"C. de Espoz y Mina, 7, Centro, 28012 Madrid, Spain",0,0,—,Abierto,40.4158,-3.70223,https://maps.google.com/?cid=3804019920867356046,,"Monday: 10:30AM–2:30PM, 5:00–8:00PM | Tuesday: 10:30AM–2:30PM, 5:00–8:00PM | Wednesday: 10:30AM–2:30PM, 5:00–8:00PM | Thursday: 10:30AM–2:30PM, 5:00–8:00PM | Friday: 10:30AM–2:30PM, 5:00–8:00PM | Saturday: 10:30AM–2:00PM | Sunday: Closed",915 21 17 86,NO,NO
Hospital San Francisco de Asís,Hospitales,SALUD,"Centro, 28013 Madrid, Spain","1,6",15,—,Abierto,40.4167,-3.70379,https://maps.google.com/?cid=18278287274712033623,,,,NO,SI
Starbucks,Panaderías,COMIDA Y BEBIDA,"Gran Vía, 73, Centro, 28013 Madrid, Spain","3,8",1132,Moderado,Abierto,40.4231,-3.71077,https://maps.google.com/?cid=8620418492869590227,http://www.starbucks.es/,Monday: 7:30AM–10:00PM | Tuesday: 7:30AM–10:00PM | Wednesday: 7:30AM–10:00PM | Thursday: 7:30AM–10:00PM | Friday: 7:30AM–10:00PM | Saturday: 7:30AM–10:00PM | Sunday: 8:00AM–10:00PM,912 75 23 52,NO,NO
Plaza San Nicolas,"Jardines, Parques, Parques naturales",CULTURA OCIO Y NATURALEZA,"C. de San Nicolás, 7, Centro, 28013 Madrid, Spain","4,6",19,—,Abierto,40.4157,-3.71212,https://maps.google.com/?cid=14637534525260452942,,Monday: Open 24 hours | Tuesday: Open 24 hours | Wednesday: Open 24 hours | Thursday: Open 24 hours | Friday: Open 24 hours | Saturday: Open 24 hours | Sunday: Open 24 hours,,NO,SI
Rodilla,Cafés,COMIDA Y BEBIDA,"C. del Arenal, 23, Centro, 28013 Madrid, Spain","3,8",1119,Barato,Abierto,40.4177,-3.70887,https://maps.google.com/?cid=10972977223229682600,https://www.rodilla.es/?utm-medium=organic&utm_campaign=google-local_CLR-TP0026&utm_source=google,Monday: 7:30AM–10:30PM | Tuesday: 7:30AM–10:30PM | Wednesday: 7:30AM–10:30PM | Thursday: 7:30AM–10:30PM | Friday: 7:30AM–11:00PM | Saturday: 8:00AM–11:00PM | Sunday: 8:30AM–10:30PM,915 93 03 45,NO,SI
The Secret Lab - Centro de estética Madrid,"Piscinas, Spas",ESPACIOS DEPORTIVOS,"Calle de Zurbano, 4, Bajo izquierda, Chamberí, 28010 Madrid, Spain","4,8",532,—,Abierto,40.4271,-3.6936,https://maps.google.com/?cid=12209285202683515315,http://thesecretlab.es/,Monday: 10:00AM–9:00PM | Tuesday: 10:00AM–9:00PM | Wednesday: 10:00AM–9:00PM | Thursday: 10:00AM–9:00PM | Friday: 10:00AM–9:00PM | Saturday: Closed | Sunday: Closed,910 29 11 59,NO,NO
National Archaeological Museum,"Centros culturales, Montañas, Museos, Oficinas de turismo, Senderismo","CULTURA OCIO Y NATURALEZA, ESPACIOS DEPORTIVOS, OFICINAS DE TURISMO","C. de Serrano, 13, Salamanca, 28001 Madrid, Spain","4,7",26427,—,Abierto,40.4233,-3.68866,https://maps.google.com/?cid=4314207047724942539,http://man.es/,Monday: Closed | Tuesday: 9:30AM–8:00PM | Wednesday: 9:30AM–8:00PM | Thursday: 9:30AM–8:00PM | Friday: 9:30AM–8:00PM | Saturday: 9:30AM–8:00PM | Sunday: 9:30AM–3:00PM,915 77 79 12,NO,SI
Rosi Obrador,Panaderías,COMIDA Y BEBIDA,"C. de la Sombrerería, 7, Centro, 28012 Madrid, Spain","4,5",139,Barato,Abierto,40.4077,-3.69907,https://maps.google.com/?cid=12450122421582126353,,Monday: 9:00AM–3:00PM | Tuesday: 9:00AM–3:00PM | Wednesday: 9:00AM–3:00PM | Thursday: 9:00AM–3:00PM | Friday: 9:00AM–4:00PM | Saturday: Closed | Sunday: 9:00AM–2:00PM,915 27 07 43,NO,NO
Braids,"Jardines, Parques, Parques naturales",CULTURA OCIO Y NATURALEZA,"C. de Muñoz Torrero, 1, Centro, Centro, 28004 Madrid, Spain",0,0,—,Abierto,40.4208,-3.70222,https://maps.google.com/?cid=17019702094094569562,,,,NO,NO
Aparcamiento Núñez de Balboa 12,Aparcamientos,GASOLINERAS Y APARCAMIENTOS,"Calle de Núñez de Balboa, 12, Salamanca, 28001 Madrid, Spain","3,4",24,—,Abierto,40.4229,-3.68288,https://maps.google.com/?cid=1233866906448624002,,Monday: 8:00AM–10:00PM | Tuesday: 8:00AM–10:00PM | Wednesday: 8:00AM–10:00PM | Thursday: 8:00AM–10:00PM | Friday: 8:00AM–10:00PM | Saturday: Closed | Sunday: Closed,915 76 50 50,NO,NO
ContraClub,Discotecas,LOCALES DE OCIO NOCTURNO,"C. de Bailén, 16, Centro, 28005 Madrid, Spain","3,8",1112,—,Abierto,40.4126,-3.7139,https://maps.google.com/?cid=6526324325580628742,http://www.contraclub.es/,Monday: Closed | Tuesday: Closed | Wednesday: Closed | Thursday: Closed | Friday: 10:00PM–6:00AM | Saturday: 10:00PM–6:00AM | Sunday: Closed,699 74 18 85,NO,NO
Farmacia Herbolario Yolanda Perez Taño,Farmacias,SALUD,"C. de Bailén, 16, Centro, 28005 Madrid, Spain","4,3",28,—,Abierto,40.4125,-3.71393,https://maps.google.com/?cid=8302471527396977817,http://farmaciaherbolario.com/,Monday: 9:30AM–9:30PM | Tuesday: 9:30AM–9:30PM | Wednesday: 9:30AM–9:30PM | Thursday: 9:30AM–9:30PM | Friday: 9:30AM–9:30PM | Saturday: 9:30AM–9:30PM | Sunday: 9:30AM–9:30PM,913 65 11 00,NO,SI
Granier San Bernardo,Panaderías,COMIDA Y BEBIDA,"C. de San Bernardo, 10, Centro, 28015 Madrid, Spain","3,7",1359,Barato,Abierto,40.4221,-3.70756,https://maps.google.com/?cid=4080982544201847656,http://www.pansgranier.com/,Monday: 7:00AM–9:30PM | Tuesday: 7:00AM–9:30PM | Wednesday: 7:00AM–9:30PM | Thursday: 7:00AM–9:30PM | Friday: 7:00AM–9:30PM | Saturday: 7:00AM–9:30PM | Sunday: 7:00AM–9:30PM,910 17 03 34,NO,SI
EDiagnostic,Hospitales,SALUD,"Calle Velázquez, 21, Salamanca, 28001 Madrid, Spain",0,0,—,Abierto,40.4236,-3.68449,https://maps.google.com/?cid=9863790532046677859,,,,NO,SI
Estación de servicio Cepsa,Gasolineras,GASOLINERAS Y APARCAMIENTOS,"Glorieta Embajadores, S/N, Centro, 28012 Madrid, Spain",3,63,—,Abierto,40.4052,-3.70313,https://maps.google.com/?cid=1405448313459694652,https://www.moeve.es/es/cerca-de-ti/gasolineras/madrid/madrid-embajadores?utm_campaign=ficha-cerca-de-ti_eess__&utm_content=gmb_cepsa-com_tra_na-segmentation_eess_04180P_embajadores_madrid_madrid_28012_es_sitio-web_na-iab-format_na-size_na-trafficking_na-pricing_&utm_medium=organic&utm_source=gmb&utm_term=hbrs,Monday: 7:30AM–10:00PM | Tuesday: 7:30AM–10:00PM | Wednesday: 7:30AM–10:00PM | Thursday: 7:30AM–10:00PM | Friday: 7:30AM–10:00PM | Saturday: 8:00AM–10:00PM | Sunday: 9:00AM–9:00PM,915 28 91 88,NO,SI
Circo de las Tapas,"Bares, Cervecerías, Coctelerías","COMIDA Y BEBIDA, LOCALES DE OCIO NOCTURNO","Corre. Baja de San Pablo, 21, Centro, 28004 Madrid, Spain",4,1891,Moderado,Abierto,40.4223,-3.70417,https://maps.google.com/?cid=6210935392999225451,http://www.circodelastapas.com/,Monday: 11:00AM–2:00AM | Tuesday: Closed | Wednesday: 11:00AM–2:00AM | Thursday: 11:00AM–2:00AM | Friday: 11:00AM–2:00AM | Saturday: 11:00AM–2:00AM | Sunday: 6:00PM–2:00AM,911 88 60 14,SI,SI
Pastelería Mallorca I Bravo Murillo,"Cafés, Panaderías",COMIDA Y BEBIDA,"C. de Bravo Murillo, 7, Chamberí, 28015 Madrid, Spain","4,4",2051,Caro,Abierto,40.4345,-3.70454,https://maps.google.com/?cid=1339706789276718721,http://www.pasteleria-mallorca.com/?utm_source=GMB&utm_medium=web&utm_campaign=bravomurillo,Monday: 9:00AM–9:00PM | Tuesday: 9:00AM–9:00PM | Wednesday: 9:00AM–9:00PM | Thursday: 9:00AM–9:00PM | Friday: 9:00AM–9:00PM | Saturday: 9:00AM–9:00PM | Sunday: 9:00AM–9:00PM,914 10 00 00,NO,SI
STEP,Centros comerciales,TIENDAS,"C. de Carretas, 6, Centro, Centro, Centro, 28012 Madrid, Spain",0,0,—,Abierto,40.4157,-3.70335,https://maps.google.com/?cid=17592946708551896857,,,,NO,NO
Church of Our Lady of the Marvelous,"Basílicas, Catedrales, Conventos, Ermitas, Iglesias, Monasterios",ESPACIOS RELIGIOSOS,"C. del Dos de Mayo, 11, Centro, 28004 Madrid, Spain","4,7",99,—,Abierto,40.4265,-3.70424,https://maps.google.com/?cid=2852357009583400376,http://www.santegidiomadrid.org/,Monday: 11:00AM–1:00PM | Tuesday: 11:00AM–1:00PM | Wednesday: 6:30–8:30PM | Thursday: 6:30–8:30PM | Friday: 6:30–8:30PM | Saturday: 6:00–8:00PM | Sunday: 6:30–8:30PM,605 06 01 46,NO,NO
Estación de Servicio Madese - Repsol,Gasolineras,GASOLINERAS Y APARCAMIENTOS,"P.º de las Acacias, 8, Arganzuela, 28005 Madrid, Spain","3,7",311,—,Abierto,40.4044,-3.70544,https://maps.google.com/?cid=4977456920740559564,https://madese.com/acacias/,Monday: Open 24 hours | Tuesday: Open 24 hours | Wednesday: Open 24 hours | Thursday: Open 24 hours | Friday: Open 24 hours | Saturday: Open 24 hours | Sunday: Open 24 hours,914 67 33 47,NO,SI
Advance Medical Center Biomed,Hospitales,SALUD,"Medico Avance Bio Med, C. del Conde de Aranda, 14, Local Izq.,Centro, Salamanca, 28001 Madrid, Spain","4,8",45,—,Abierto,40.4216,-3.6865,https://maps.google.com/?cid=16723530181062833734,http://www.avancebiomed.es/,"Monday: 10:30AM–2:00PM | Tuesday: 5:30–8:00PM | Wednesday: Closed | Thursday: 5:30–8:00PM | Friday: 10:30AM–2:00PM, 5:00–8:00PM | Saturday: Closed | Sunday: Closed",915 77 37 04,NO,SI
Supermercados Dia,Supermercados,COMIDA Y BEBIDA,"C. de Toledo, 32, Centro, 28005 Madrid, Spain","3,8",1548,—,Abierto,40.4131,-3.70758,https://maps.google.com/?cid=2778159580046116760,http://www.dia.es/compra-online/,Monday: 8:00AM–11:00PM | Tuesday: 8:00AM–11:00PM | Wednesday: 8:00AM–11:00PM | Thursday: 8:00AM–11:00PM | Friday: 8:00AM–11:00PM | Saturday: 8:00AM–11:00PM | Sunday: 8:00AM–11:00PM,912 17 04 53,NO,SI
Fencing School,Gimnasios,ESPACIOS DEPORTIVOS,"C. de la Academia, 6, Retiro, 28014 Madrid, Spain",5,118,—,Abierto,40.4146,-3.68991,https://maps.google.com/?cid=9388343658652594685,http://www.escuelaesgrima.com/,Monday: 10:00AM–9:00PM | Tuesday: 10:00AM–9:00PM | Wednesday: 10:00AM–9:00PM | Thursday: 10:00AM–9:00PM | Friday: 10:00AM–9:00PM | Saturday: 10:00AM–2:00PM | Sunday: Closed,910 86 38 03,NO,NO
Realgrass,"Jardines, Parques, Parques naturales",CULTURA OCIO Y NATURALEZA,"Plaza de Santo Domingo, 12 Primero Izquierda 3, Centro, 28013 Madrid, Spain",0,0,—,Abierto,40.4207,-3.70921,https://maps.google.com/?cid=7333941284958507806,https://www.realgrass.es/,Monday: 9:00AM–5:00PM | Tuesday: 9:00AM–5:00PM | Wednesday: 9:00AM–5:00PM | Thursday: 9:00AM–5:00PM | Friday: 9:00AM–5:00PM | Saturday: 9:00AM–2:00PM | Sunday: Closed,638 01 64 57,NO,NO
Clínica CM,Hospitales,SALUD,"Calle de la Magdalena, 3, Centro, 28012 Madrid, Spain",5,2,—,Abierto,40.4125,-3.70285,https://maps.google.com/?cid=1349481915226463770,,Monday: 10:00AM–8:00PM | Tuesday: 10:00AM–8:00PM | Wednesday: 10:00AM–8:00PM | Thursday: 10:00AM–8:00PM | Friday: 10:00AM–8:00PM | Saturday: 10:00AM–2:00PM | Sunday: Closed,689 77 61 56,NO,SI
"Perlas Majorica, Joyería en Calle Preciados, El Corte Inglés",Joyerías,TIENDAS,"El Corte Inglés, C. de Preciados, 9, Centro, 28013 Madrid, Spain","3,9",15,—,Abierto,40.4181,-3.70489,https://maps.google.com/?cid=2846269690894043380,http://www.majorica.com/,Monday: 10:00AM–10:00PM | Tuesday: 10:00AM–10:00PM | Wednesday: 10:00AM–10:00PM | Thursday: 10:00AM–10:00PM | Friday: 10:00AM–10:00PM | Saturday: 10:00AM–10:00PM | Sunday: 11:00AM–9:00PM,915 32 74 54,NO,SI
THOMAS SABO,Joyerías,TIENDAS,"C. de Preciados, 3, Centro, 28013 Madrid, Spain","4,4",20,—,Abierto,40.4173,-3.70496,https://maps.google.com/?cid=1260791621483348122,https://www.thomassabo.com/?utm_source=Google&utm_medium=Yext,Monday: 10:00AM–10:00PM | Tuesday: 10:00AM–10:00PM | Wednesday: 10:00AM–10:00PM | Thursday: 10:00AM–10:00PM | Friday: 10:00AM–10:00PM | Saturday: 10:00AM–10:00PM | Sunday: 11:00AM–9:00PM,915 22 95 61,NO,SI
Centro Deportivo Municipal Barceló,"Discotecas, Gimnasios","ESPACIOS DEPORTIVOS, LOCALES DE OCIO NOCTURNO","C. de Barceló, 6, Centro, 28004 Madrid, Spain","3,9",919,—,Abierto,40.4268,-3.69883,https://maps.google.com/?cid=13497506852326850054,https://forus.es/centros-forus/madrid/barcelo/,Monday: 7:00AM–12:00AM | Tuesday: 7:00AM–12:00AM | Wednesday: 7:00AM–12:00AM | Thursday: 7:00AM–12:00AM | Friday: 7:00AM–12:00AM | Saturday: 7:00AM–10:00PM | Sunday: 7:00AM–10:00PM,910 28 53 89,NO,SI
SUMMA 112 UVI 1,Hospitales,SALUD,"C. de Toledo, 180, Arganzuela, 28005 Madrid, Spain","2,4",37,—,Abierto,40.4013,-3.71452,https://maps.google.com/?cid=6059713896215742942,,Monday: Open 24 hours | Tuesday: Open 24 hours | Wednesday: Open 24 hours | Thursday: Open 24 hours | Friday: Open 24 hours | Saturday: Open 24 hours | Sunday: Open 24 hours,902 36 50 60,NO,SI
Casa de Alba Foundation,"Centros culturales, Museos",CULTURA OCIO Y NATURALEZA,"Calle de la Princesa, 20, Centro, 28008 Madrid, Spain","3,7",36,—,Abierto,40.4268,-3.7125,https://maps.google.com/?cid=9015920729251988034,http://www.fundacioncasadealba.com/,,915 47 53 02,NO,NO
Embajada de Brasil,"Consulados, Embajadas",GOBIERNO,"C. de Fernando el Santo, 6, Chamberí, 28010 Madrid, Spain","4,2",33,—,Abierto,40.4281,-3.69447,https://maps.google.com/?cid=5841905820280725115,http://madri.itamaraty.gov.br/es-es/,"Monday: 10:00AM–2:00PM, 4:00–7:00PM | Tuesday: 10:00AM–2:00PM, 4:00–7:00PM | Wednesday: 10:00AM–2:00PM, 4:00–7:00PM | Thursday: 10:00AM–2:00PM, 4:00–7:00PM | Friday: 10:00AM–2:00PM, 4:00–7:00PM | Saturday: Closed | Sunday: Closed",917 00 46 50,NO,NO
Zapatos Marina,Zapaterías,TIENDAS,"C. de Toledo, 60, Centro, 28005 Madrid, Spain","4,7",13,—,Abierto,40.4102,-3.70937,https://maps.google.com/?cid=8310104195750334184,http://www.zapatosmarina.es/,"Monday: 10:00AM–2:00PM, 5:00–8:15PM | Tuesday: 10:00AM–2:00PM, 5:00–8:15PM | Wednesday: 10:00AM–2:00PM, 5:00–8:15PM | Thursday: 10:00AM–2:00PM, 5:00–8:15PM | Friday: 10:00AM–2:00PM, 5:00–8:15PM | Saturday: 10:00AM–2:00PM | Sunday: Closed",913 65 07 00,NO,NO
Ortopedia Plaza®-OrtoRent®,"Clínicas, Zapaterías","SALUD, TIENDAS","C. de Toledo, 60, Centro, 28005 Madrid, Spain","4,9",860,—,Abierto,40.4101,-3.70943,https://maps.google.com/?cid=10418648132821148184,https://www.ortopediaplaza.com/,"Monday: 9:30AM–1:30PM, 4:00–8:00PM | Tuesday: 9:30AM–1:30PM, 4:00–8:00PM | Wednesday: 9:30AM–1:30PM, 4:00–8:00PM | Thursday: 9:30AM–1:30PM, 4:00–8:00PM | Friday: 9:30AM–1:30PM, 4:00–8:00PM | Saturday: 9:30AM–1:30PM | Sunday: Closed",913 65 38 36,NO,SI
La Casa Encendida,"Centros culturales, Montañas, Museos, Oficinas de turismo, Senderismo","CULTURA OCIO Y NATURALEZA, ESPACIOS DEPORTIVOS, OFICINAS DE TURISMO","Rda. de Valencia, 2, Centro, 28012 Madrid, Spain","4,5",6300,—,Abierto,40.4059,-3.69981,https://maps.google.com/?cid=6991068483422072897,http://www.lacasaencendida.es/,Monday: Closed | Tuesday: 10:00AM–8:45PM | Wednesday: 10:00AM–8:45PM | Thursday: 10:00AM–8:45PM | Friday: 10:00AM–8:45PM | Saturday: 10:00AM–8:45PM | Sunday: 10:00AM–3:30PM,915 06 21 80,NO,SI
SOTOCA SA,Joyerías,TIENDAS,"C. de la Montera, 24, Centro, 28013 Madrid, Spain",0,0,—,Abierto,40.4184,-3.70202,https://maps.google.com/?cid=2821182831317681661,http://www.sotocasa.com/,,915 22 55 73,NO,NO
Church of San Pedro el Viejo,"Basílicas, Catedrales, Conventos, Ermitas, Iglesias, Monasterios",ESPACIOS RELIGIOSOS,"C. del Nuncio, 14, Centro, 28005 Madrid, Spain","4,6",1061,—,Abierto,40.4132,-3.7103,https://maps.google.com/?cid=11090143038867660341,,,913 65 12 84,NO,SI
Esenzias,"Gimnasios, Piscinas, Spas",ESPACIOS DEPORTIVOS,"C. de la Cruz, 28, Centro, 28012 Madrid, Spain","4,3",595,—,Abierto,40.4147,-3.70284,https://maps.google.com/?cid=13631472489845749145,http://www.esenzias.es/,Monday: 10:00AM–10:00PM | Tuesday: 10:00AM–10:00PM | Wednesday: 10:00AM–10:00PM | Thursday: 10:00AM–10:00PM | Friday: 10:00AM–10:00PM | Saturday: 10:00AM–10:00PM | Sunday: 12:00–8:00PM,915 22 46 40,NO,NO
Serrano,Estaciones de metro,TRANSPORTE,"Salamanca, 28001 Madrid, Spain","4,2",74,—,Abierto,40.4253,-3.68664,https://maps.google.com/?cid=14278570746587630609,http://www.metromadrid.es/,,,NO,NO
PARKING PUERTA DEL SOL LOW COST,Aparcamientos,GASOLINERAS Y APARCAMIENTOS,"C. de la Esperanza, 4, Centro, 28012 Madrid, Spain","2,8",44,—,Abierto,40.41,-3.70055,https://maps.google.com/?cid=863146469922893944,http://www.lowcostparkingmadrid.es/,Monday: Open 24 hours | Tuesday: Open 24 hours | Wednesday: Open 24 hours | Thursday: Open 24 hours | Friday: Open 24 hours | Saturday: Open 24 hours | Sunday: Open 24 hours,636 37 47 94,NO,SI
Starbucks,"Cafés, Panaderías",COMIDA Y BEBIDA,"C. del Arenal, 14, Centro, 28013 Madrid, Spain","3,8",1634,Moderado,Abierto,40.4171,-3.70622,https://maps.google.com/?cid=2406596472925927315,http://www.starbucks.es/,Monday: 7:00AM–10:00PM | Tuesday: 7:00AM–10:00PM | Wednesday: 7:00AM–10:00PM | Thursday: 7:00AM–10:00PM | Friday: 7:00AM–10:30PM | Saturday: 7:30AM–10:30PM | Sunday: 7:30AM–10:30PM,912 75 81 31,NO,SI
El vivero diseño,Clínicas,SALUD,"C. del Pez, 27, Centro, 28004 Madrid, Spain",5,1,—,Abierto,40.4241,-3.70651,https://maps.google.com/?cid=9749467679598515109,http://www.elvivero.es/,Monday: 9:00AM–7:00PM | Tuesday: 9:00AM–7:00PM | Wednesday: 9:00AM–7:00PM | Thursday: 9:00AM–7:00PM | Friday: 9:00AM–7:00PM | Saturday: Closed | Sunday: Closed,915 32 80 11,NO,NO
Church of Saint Nicholas,"Basílicas, Catedrales, Conventos, Ermitas, Iglesias, Monasterios, Montañas, Oficinas de turismo, Senderismo","CULTURA OCIO Y NATURALEZA, ESPACIOS DEPORTIVOS, ESPACIOS RELIGIOSOS, OFICINAS DE TURISMO","Pl. de San Nicolás, 6, Centro, 28013 Madrid, Spain","4,5",391,—,Abierto,40.4159,-3.71187,https://maps.google.com/?cid=400919056939302103,,"Monday: 8:30–9:30AM, 7:00–8:30PM | Tuesday: 8:30–9:30AM, 7:00–8:30PM | Wednesday: 8:30–9:30AM, 7:00–8:30PM | Thursday: 8:30–9:30AM, 7:00–8:30PM | Friday: 8:30–9:30AM, 7:00–8:30PM | Saturday: 8:30–9:30AM, 7:00–8:30PM | Sunday: 10:00AM–2:00PM, 7:00–9:00PM",915 59 40 64,NO,SI
Estación Museo de Chamberí,"Centros culturales, Museos",CULTURA OCIO Y NATURALEZA,"Plaza de Chamberí, s/n, Chamberí, 28010 Madrid, Spain","4,5",6292,—,Cerrado temporalmente,40.4322,-3.69772,https://maps.google.com/?cid=14307801905240497709,https://museosmetromadrid.es/estacion-de-chamartin/,,644 16 95 31,NO,NO
Christian Louboutin Madrid,Zapaterías,TIENDAS,"C. de Claudio Coello, 13, Salamanca, 28001 Madrid, Spain","4,7",202,—,Abierto,40.4216,-3.68726,https://maps.google.com/?cid=14257895840622823949,https://eu.christianlouboutin.com/es_en/?utm_source=Google&utm_medium=Yext&utm_campaign=B23,Monday: 11:00AM–8:00PM | Tuesday: 11:00AM–8:00PM | Wednesday: 11:00AM–8:00PM | Thursday: 11:00AM–8:00PM | Friday: 11:00AM–8:00PM | Saturday: 11:00AM–8:00PM | Sunday: Closed,914 31 31 99,NO,NO
